REF_DATE,GEO,Type of structure,VALUE
2018-01-01,Alberta,Non-residential,437.0
2018-02-01,Alberta,Non-residential,479.0
2018-03-01,Alberta,Non-residential,529.0
2018-04-01,Alberta,Non-residential,589.0
2018-05-01,Alberta,Non-residential,571.0
2018-06-01,Alberta,Non-residential,629.0
2018-07-01,Alberta,Non-residential,599.0
2018-08-01,Alberta,Non-residential,621.0
2018-09-01,Alberta,Non-residential,522.0
2018-10-01,Alberta,Non-residential,519.0
2018-11-01,Alberta,Non-residential,516.0
2018-12-01,Alberta,Non-residential,446.0
2019-01-01,Alberta,Non-residential,452.0
2019-02-01,Alberta,Non-residential,514.0
2019-03-01,Alberta,Non-residential,557.0
2019-04-01,Alberta,Non-residential,575.0
2019-05-01,Alberta,Non-residential,659.0
2019-06-01,Alberta,Non-residential,723.0
2019-07-01,Alberta,Non-residential,639.0
2019-08-01,Alberta,Non-residential,608.0
2019-09-01,Alberta,Non-residential,535.0
2019-10-01,Alberta,Non-residential,532.0
2019-11-01,Alberta,Non-residential,449.0
2019-12-01,Alberta,Non-residential,442.0
2020-01-01,Alberta,Non-residential,533.0
2020-02-01,Alberta,Non-residential,500.0
2020-03-01,Alberta,Non-residential,614.0
2020-04-01,Alberta,Non-residential,677.0
2020-05-01,Alberta,Non-residential,674.0
2020-06-01,Alberta,Non-residential,698.0
2020-07-01,Alberta,Non-residential,731.0
2020-08-01,Alberta,Non-residential,630.0
2020-09-01,Alberta,Non-residential,571.0
2020-10-01,Alberta,Non-residential,501.0
2020-11-01,Alberta,Non-residential,512.0
2020-12-01,Alberta,Non-residential,547.0
2021-01-01,Alberta,Non-residential,545.0
2021-02-01,Alberta,Non-residential,521.0
2021-03-01,Alberta,Non-residential,573.0
2021-04-01,Alberta,Non-residential,634.0
2021-05-01,Alberta,Non-residential,697.0
2021-06-01,Alberta,Non-residential,695.0
2021-07-01,Alberta,Non-residential,698.0
2021-08-01,Alberta,Non-residential,667.0
2021-09-01,Alberta,Non-residential,602.0
2021-10-01,Alberta,Non-residential,564.0
2021-11-01,Alberta,Non-residential,539.0
2021-12-01,Alberta,Non-residential,519.0
2022-01-01,Alberta,Non-residential,552.0
2022-02-01,Alberta,Non-residential,632.0
2022-03-01,Alberta,Non-residential,641.0
2022-04-01,Alberta,Non-residential,674.0
2022-05-01,Alberta,Non-residential,655.0
2022-06-01,Alberta,Non-residential,736.0
2022-07-01,Alberta,Non-residential,650.0
2022-08-01,Alberta,Non-residential,634.0
2022-09-01,Alberta,Non-residential,661.0
2022-10-01,Alberta,Non-residential,610.0
2022-11-01,Alberta,Non-residential,549.0
2022-12-01,Alberta,Non-residential,488.0
2023-01-01,Alberta,Non-residential,546.0
2023-02-01,Alberta,Non-residential,573.0
2023-03-01,Alberta,Non-residential,664.0
2023-04-01,Alberta,Non-residential,766.0
2023-05-01,Alberta,Non-residential,738.0
2023-06-01,Alberta,Non-residential,720.0
2023-07-01,Alberta,Non-residential,697.0
2023-08-01,Alberta,Non-residential,699.0
2023-09-01,Alberta,Non-residential,649.0
2023-10-01,Alberta,Non-residential,572.0
2023-11-01,Alberta,Non-residential,579.0
2023-12-01,Alberta,Non-residential,528.0
2024-01-01,Alberta,Non-residential,615.0
2024-02-01,Alberta,Non-residential,650.0
2024-03-01,Alberta,Non-residential,700.0
2024-04-01,Alberta,Non-residential,700.0
2024-05-01,Alberta,Non-residential,769.0
2024-06-01,Alberta,Non-residential,763.0
2024-07-01,Alberta,Non-residential,744.0
2024-08-01,Alberta,Non-residential,712.0
2024-09-01,Alberta,Non-residential,635.0
2024-10-01,Alberta,Non-residential,584.0
2024-11-01,Alberta,Non-residential,623.0
2024-12-01,Alberta,Non-residential,580.0
2025-01-01,Alberta,Non-residential,608.0
2025-02-01,Alberta,Non-residential,670.0
2025-03-01,Alberta,Non-residential,632.0
2025-04-01,Alberta,Non-residential,712.0
2025-05-01,Alberta,Non-residential,780.0
2025-06-01,Alberta,Non-residential,801.0
2025-07-01,Alberta,Non-residential,766.0
2025-08-01,Alberta,Non-residential,777.0
2025-09-01,Alberta,Non-residential,705.0
2025-10-01,Alberta,Non-residential,614.0
2025-11-01,Alberta,Non-residential,589.0
2025-12-01,Alberta,Non-residential,634.0
2026-01-01,Alberta,Non-residential,637.0
2026-02-01,Alberta,Non-residential,599.0
2026-03-01,Alberta,Non-residential,752.0
2026-04-01,Alberta,Non-residential,778.0
2026-05-01,Alberta,Non-residential,839.0
2026-06-01,Alberta,Non-residential,798.0
2026-07-01,Alberta,Non-residential,790.0
2026-08-01,Alberta,Non-residential,730.0
2018-01-01,Alberta,Residential,775.0
2018-02-01,Alberta,Residential,740.0
2018-03-01,Alberta,Residential,873.0
2018-04-01,Alberta,Residential,999.0
2018-05-01,Alberta,Residential,929.0
2018-06-01,Alberta,Residential,929.0
2018-07-01,Alberta,Residential,1035.0
2018-08-01,Alberta,Residential,969.0
2018-09-01,Alberta,Residential,879.0
2018-10-01,Alberta,Residential,818.0
2018-11-01,Alberta,Residential,717.0
2018-12-01,Alberta,Residential,665.0
2019-01-01,Alberta,Residential,759.0
2019-02-01,Alberta,Residential,778.0
2019-03-01,Alberta,Residential,824.0
2019-04-01,Alberta,Residential,1017.0
2019-05-01,Alberta,Residential,1047.0
2019-06-01,Alberta,Residential,1096.0
2019-07-01,Alberta,Residential,1005.0
2019-08-01,Alberta,Residential,968.0
2019-09-01,Alberta,Residential,875.0
2019-10-01,Alberta,Residential,806.0
2019-11-01,Alberta,Residential,808.0
2019-12-01,Alberta,Residential,739.0
2020-01-01,Alberta,Residential,822.0
2020-02-01,Alberta,Residential,881.0
2020-03-01,Alberta,Residential,1050.0
2020-04-01,Alberta,Residential,953.0
2020-05-01,Alberta,Residential,1132.0
2020-06-01,Alberta,Residential,1105.0
2020-07-01,Alberta,Residential,1091.0
2020-08-01,Alberta,Residential,962.0
2020-09-01,Alberta,Residential,938.0
2020-10-01,Alberta,Residential,926.0
2020-11-01,Alberta,Residential,829.0
2020-12-01,Alberta,Residential,819.0
2021-01-01,Alberta,Residential,824.0
2021-02-01,Alberta,Residential,959.0
2021-03-01,Alberta,Residential,979.0
2021-04-01,Alberta,Residential,947.0
2021-05-01,Alberta,Residential,1085.0
2021-06-01,Alberta,Residential,1043.0
2021-07-01,Alberta,Residential,958.0
2021-08-01,Alberta,Residential,1045.0
2021-09-01,Alberta,Residential,1067.0
2021-10-01,Alberta,Residential,925.0
2021-11-01,Alberta,Residential,807.0
2021-12-01,Alberta,Residential,801.0
2022-01-01,Alberta,Residential,933.0
2022-02-01,Alberta,Residential,943.0
2022-03-01,Alberta,Residential,1018.0
2022-04-01,Alberta,Residential,1094.0
2022-05-01,Alberta,Residential,1159.0
2022-06-01,Alberta,Residential,1223.0
2022-07-01,Alberta,Residential,1191.0
2022-08-01,Alberta,Residential,1120.0
2022-09-01,Alberta,Residential,979.0
2022-10-01,Alberta,Residential,985.0
2022-11-01,Alberta,Residential,868.0
2022-12-01,Alberta,Residential,943.0
2023-01-01,Alberta,Residential,843.0
2023-02-01,Alberta,Residential,963.0
2023-03-01,Alberta,Residential,1050.0
2023-04-01,Alberta,Residential,1063.0
2023-05-01,Alberta,Residential,1282.0
2023-06-01,Alberta,Residential,1292.0
2023-07-01,Alberta,Residential,1174.0
2023-08-01,Alberta,Residential,1184.0
2023-09-01,Alberta,Residential,1088.0
2023-10-01,Alberta,Residential,857.0
2023-11-01,Alberta,Residential,952.0
2023-12-01,Alberta,Residential,918.0
2024-01-01,Alberta,Residential,949.0
2024-02-01,Alberta,Residential,949.0
2024-03-01,Alberta,Residential,1072.0
2024-04-01,Alberta,Residential,1158.0
2024-05-01,Alberta,Residential,1289.0
2024-06-01,Alberta,Residential,1269.0
2024-07-01,Alberta,Residential,1233.0
2024-08-01,Alberta,Residential,1259.0
2024-09-01,Alberta,Residential,1075.0
2024-10-01,Alberta,Residential,1009.0
2024-11-01,Alberta,Residential,880.0
2024-12-01,Alberta,Residential,1038.0
2025-01-01,Alberta,Residential,1031.0
2025-02-01,Alberta,Residential,1088.0
2025-03-01,Alberta,Residential,1156.0
2025-04-01,Alberta,Residential,1208.0
2025-05-01,Alberta,Residential,1274.0
2025-06-01,Alberta,Residential,1274.0
2025-07-01,Alberta,Residential,1258.0
2025-08-01,Alberta,Residential,1217.0
2025-09-01,Alberta,Residential,1218.0
2025-10-01,Alberta,Residential,1093.0
2025-11-01,Alberta,Residential,1007.0
2025-12-01,Alberta,Residential,962.0
2026-01-01,Alberta,Residential,983.0
2026-02-01,Alberta,Residential,1159.0
2026-03-01,Alberta,Residential,1183.0
2026-04-01,Alberta,Residential,1242.0
2026-05-01,Alberta,Residential,1280.0
2026-06-01,Alberta,Residential,1264.0
2026-07-01,Alberta,Residential,1301.0
2026-08-01,Alberta,Residential,1295.0
2018-01-01,British Columbia,Non-residential,420.0
2018-02-01,British Columbia,Non-residential,490.0
2018-03-01,British Columbia,Non-residential,533.0
2018-04-01,British Columbia,Non-residential,610.0
2018-05-01,British Columbia,Non-residential,669.0
2018-06-01,British Columbia,Non-residential,614.0
2018-07-01,British Columbia,Non-residential,682.0
2018-08-01,British Columbia,Non-residential,583.0
2018-09-01,British Columbia,Non-residential,596.0
2018-10-01,British Columbia,Non-residential,532.0
2018-11-01,British Columbia,Non-residential,490.0
2018-12-01,British Columbia,Non-residential,486.0
2019-01-01,British Columbia,Non-residential,486.0
2019-02-01,British Columbia,Non-residential,523.0
2019-03-01,British Columbia,Non-residential,540.0
2019-04-01,British Columbia,Non-residential,649.0
2019-05-01,British Columbia,Non-residential,753.0
2019-06-01,British Columbia,Non-residential,773.0
2019-07-01,British Columbia,Non-residential,739.0
2019-08-01,British Columbia,Non-residential,682.0
2019-09-01,British Columbia,Non-residential,586.0
2019-10-01,British Columbia,Non-residential,609.0
2019-11-01,British Columbia,Non-residential,522.0
2019-12-01,British Columbia,Non-residential,510.0
2020-01-01,British Columbia,Non-residential,518.0
2020-02-01,British Columbia,Non-residential,570.0
2020-03-01,British Columbia,Non-residential,605.0
2020-04-01,British Columbia,Non-residential,671.0
2020-05-01,British Columbia,Non-residential,676.0
2020-06-01,British Columbia,Non-residential,716.0
2020-07-01,British Columbia,Non-residential,795.0
2020-08-01,British Columbia,Non-residential,679.0
2020-09-01,British Columbia,Non-residential,624.0
2020-10-01,British Columbia,Non-residential,601.0
2020-11-01,British Columbia,Non-residential,571.0
2020-12-01,British Columbia,Non-residential,497.0
2021-01-01,British Columbia,Non-residential,544.0
2021-02-01,British Columbia,Non-residential,622.0
2021-03-01,British Columbia,Non-residential,653.0
2021-04-01,British Columbia,Non-residential,701.0
2021-05-01,British Columbia,Non-residential,789.0
2021-06-01,British Columbia,Non-residential,729.0
2021-07-01,British Columbia,Non-residential,743.0
2021-08-01,British Columbia,Non-residential,687.0
2021-09-01,British Columbia,Non-residential,706.0
2021-10-01,British Columbia,Non-residential,539.0
2021-11-01,British Columbia,Non-residential,547.0
2021-12-01,British Columbia,Non-residential,540.0
2022-01-01,British Columbia,Non-residential,597.0
2022-02-01,British Columbia,Non-residential,634.0
2022-03-01,British Columbia,Non-residential,715.0
2022-04-01,British Columbia,Non-residential,666.0
2022-05-01,British Columbia,Non-residential,785.0
2022-06-01,British Columbia,Non-residential,765.0
2022-07-01,British Columbia,Non-residential,741.0
2022-08-01,British Columbia,Non-residential,746.0
2022-09-01,British Columbia,Non-residential,647.0
2022-10-01,British Columbia,Non-residential,558.0
2022-11-01,British Columbia,Non-residential,581.0
2022-12-01,British Columbia,Non-residential,530.0
2023-01-01,British Columbia,Non-residential,575.0
2023-02-01,British Columbia,Non-residential,650.0
2023-03-01,British Columbia,Non-residential,701.0
2023-04-01,British Columbia,Non-residential,798.0
2023-05-01,British Columbia,Non-residential,776.0
2023-06-01,British Columbia,Non-residential,746.0
2023-07-01,British Columbia,Non-residential,761.0
2023-08-01,British Columbia,Non-residential,720.0
2023-09-01,British Columbia,Non-residential,660.0
2023-10-01,British Columbia,Non-residential,667.0
2023-11-01,British Columbia,Non-residential,595.0
2023-12-01,British Columbia,Non-residential,537.0
2024-01-01,British Columbia,Non-residential,644.0
2024-02-01,British Columbia,Non-residential,656.0
2024-03-01,British Columbia,Non-residential,726.0
2024-04-01,British Columbia,Non-residential,770.0
2024-05-01,British Columbia,Non-residential,828.0
2024-06-01,British Columbia,Non-residential,823.0
2024-07-01,British Columbia,Non-residential,852.0
2024-08-01,British Columbia,Non-residential,789.0
2024-09-01,British Columbia,Non-residential,738.0
2024-10-01,British Columbia,Non-residential,690.0
2024-11-01,British Columbia,Non-residential,590.0
2024-12-01,British Columbia,Non-residential,623.0
2025-01-01,British Columbia,Non-residential,635.0
2025-02-01,British Columbia,Non-residential,690.0
2025-03-01,British Columbia,Non-residential,690.0
2025-04-01,British Columbia,Non-residential,846.0
2025-05-01,British Columbia,Non-residential,833.0
2025-06-01,British Columbia,Non-residential,804.0
2025-07-01,British Columbia,Non-residential,775.0
2025-08-01,British Columbia,Non-residential,788.0
2025-09-01,British Columbia,Non-residential,745.0
2025-10-01,British Columbia,Non-residential,674.0
2025-11-01,British Columbia,Non-residential,666.0
2025-12-01,British Columbia,Non-residential,629.0
2026-01-01,British Columbia,Non-residential,686.0
2026-02-01,British Columbia,Non-residential,682.0
2026-03-01,British Columbia,Non-residential,758.0
2026-04-01,British Columbia,Non-residential,847.0
2026-05-01,British Columbia,Non-residential,940.0
2026-06-01,British Columbia,Non-residential,834.0
2026-07-01,British Columbia,Non-residential,841.0
2026-08-01,British Columbia,Non-residential,792.0
2018-01-01,British Columbia,Residential,755.0
2018-02-01,British Columbia,Residential,847.0
2018-03-01,British Columbia,Residential,987.0
2018-04-01,British Columbia,Residential,1132.0
2018-05-01,British Columbia,Residential,1079.0
2018-06-01,British Columbia,Residential,1111.0
2018-07-01,British Columbia,Residential,1105.0
2018-08-01,British Columbia,Residential,1111.0
2018-09-01,British Columbia,Residential,954.0
2018-10-01,British Columbia,Residential,957.0
2018-11-01,British Columbia,Residential,763.0
2018-12-01,British Columbia,Residential,787.0
2019-01-01,British Columbia,Residential,812.0
2019-02-01,British Columbia,Residential,931.0
2019-03-01,British Columbia,Residential,1033.0
2019-04-01,British Columbia,Residential,977.0
2019-05-01,British Columbia,Residential,1074.0
2019-06-01,British Columbia,Residential,1170.0
2019-07-01,British Columbia,Residential,1095.0
2019-08-01,British Columbia,Residential,989.0
2019-09-01,British Columbia,Residential,1051.0
2019-10-01,British Columbia,Residential,940.0
2019-11-01,British Columbia,Residential,882.0
2019-12-01,British Columbia,Residential,809.0
2020-01-01,British Columbia,Residential,918.0
2020-02-01,British Columbia,Residential,912.0
2020-03-01,British Columbia,Residential,1073.0
2020-04-01,British Columbia,Residential,1048.0
2020-05-01,British Columbia,Residential,1116.0
2020-06-01,British Columbia,Residential,1200.0
2020-07-01,British Columbia,Residential,1131.0
2020-08-01,British Columbia,Residential,1149.0
2020-09-01,British Columbia,Residential,1046.0
2020-10-01,British Columbia,Residential,899.0
2020-11-01,British Columbia,Residential,897.0
2020-12-01,British Columbia,Residential,854.0
2021-01-01,British Columbia,Residential,950.0
2021-02-01,British Columbia,Residential,928.0
2021-03-01,British Columbia,Residential,1026.0
2021-04-01,British Columbia,Residential,1205.0
2021-05-01,British Columbia,Residential,1326.0
2021-06-01,British Columbia,Residential,1339.0
2021-07-01,British Columbia,Residential,1211.0
2021-08-01,British Columbia,Residential,1162.0
2021-09-01,British Columbia,Residential,1155.0
2021-10-01,British Columbia,Residential,982.0
2021-11-01,British Columbia,Residential,876.0
2021-12-01,British Columbia,Residential,918.0
2022-01-01,British Columbia,Residential,962.0
2022-02-01,British Columbia,Residential,955.0
2022-03-01,British Columbia,Residential,996.0
2022-04-01,British Columbia,Residential,1095.0
2022-05-01,British Columbia,Residential,1276.0
2022-06-01,British Columbia,Residential,1223.0
2022-07-01,British Columbia,Residential,1238.0
2022-08-01,British Columbia,Residential,1199.0
2022-09-01,British Columbia,Residential,1142.0
2022-10-01,British Columbia,Residential,1008.0
2022-11-01,British Columbia,Residential,996.0
2022-12-01,British Columbia,Residential,899.0
2023-01-01,British Columbia,Residential,954.0
2023-02-01,British Columbia,Residential,982.0
2023-03-01,British Columbia,Residential,1189.0
2023-04-01,British Columbia,Residential,1211.0
2023-05-01,British Columbia,Residential,1236.0
2023-06-01,British Columbia,Residential,1283.0
2023-07-01,British Columbia,Residential,1271.0
2023-08-01,British Columbia,Residential,1265.0
2023-09-01,British Columbia,Residential,1056.0
2023-10-01,British Columbia,Residential,1006.0
2023-11-01,British Columbia,Residential,985.0
2023-12-01,British Columbia,Residential,1128.0
2024-01-01,British Columbia,Residential,1066.0
2024-02-01,British Columbia,Residential,1071.0
2024-03-01,British Columbia,Residential,1204.0
2024-04-01,British Columbia,Residential,1366.0
2024-05-01,British Columbia,Residential,1302.0
2024-06-01,British Columbia,Residential,1320.0
2024-07-01,British Columbia,Residential,1389.0
2024-08-01,British Columbia,Residential,1291.0
2024-09-01,British Columbia,Residential,1220.0
2024-10-01,British Columbia,Residential,1074.0
2024-11-01,British Columbia,Residential,1152.0
2024-12-01,British Columbia,Residential,1120.0
2025-01-01,British Columbia,Residential,1082.0
2025-02-01,British Columbia,Residential,1153.0
2025-03-01,British Columbia,Residential,1089.0
2025-04-01,British Columbia,Residential,1324.0
2025-05-01,British Columbia,Residential,1342.0
2025-06-01,British Columbia,Residential,1403.0
2025-07-01,British Columbia,Residential,1397.0
2025-08-01,British Columbia,Residential,1282.0
2025-09-01,British Columbia,Residential,1126.0
2025-10-01,British Columbia,Residential,1161.0
2025-11-01,British Columbia,Residential,1041.0
2025-12-01,British Columbia,Residential,1044.0
2026-01-01,British Columbia,Residential,1055.0
2026-02-01,British Columbia,Residential,1134.0
2026-03-01,British Columbia,Residential,1111.0
2026-04-01,British Columbia,Residential,1394.0
2026-05-01,British Columbia,Residential,1405.0
2026-06-01,British Columbia,Residential,1479.0
2026-07-01,British Columbia,Residential,1508.0
2026-08-01,British Columbia,Residential,1340.0
2018-01-01,Canada,Non-residential,2867.0
2018-02-01,Canada,Non-residential,3162.0
2018-03-01,Canada,Non-residential,3679.0
2018-04-01,Canada,Non-residential,4078.0
2018-05-01,Canada,Non-residential,4184.0
2018-06-01,Canada,Non-residential,4277.0
2018-07-01,Canada,Non-residential,4398.0
2018-08-01,Canada,Non-residential,4133.0
2018-09-01,Canada,Non-residential,3484.0
2018-10-01,Canada,Non-residential,3378.0
2018-11-01,Canada,Non-residential,3178.0
2018-12-01,Canada,Non-residential,2867.0
2019-01-01,Canada,Non-residential,3251.0
2019-02-01,Canada,Non-residential,3259.0
2019-03-01,Canada,Non-residential,3992.0
2019-04-01,Canada,Non-residential,4161.0
2019-05-01,Canada,Non-residential,4388.0
2019-06-01,Canada,Non-residential,4340.0
2019-07-01,Canada,Non-residential,4368.0
2019-08-01,Canada,Non-residential,3735.0
2019-09-01,Canada,Non-residential,3610.0
2019-10-01,Canada,Non-residential,3621.0
2019-11-01,Canada,Non-residential,2856.0
2019-12-01,Canada,Non-residential,3426.0
2020-01-01,Canada,Non-residential,2963.0
2020-02-01,Canada,Non-residential,3756.0
2020-03-01,Canada,Non-residential,3746.0
2020-04-01,Canada,Non-residential,4435.0
2020-05-01,Canada,Non-residential,4545.0
2020-06-01,Canada,Non-residential,4283.0
2020-07-01,Canada,Non-residential,4811.0
2020-08-01,Canada,Non-residential,4627.0
2020-09-01,Canada,Non-residential,3988.0
2020-10-01,Canada,Non-residential,3631.0
2020-11-01,Canada,Non-residential,3430.0
2020-12-01,Canada,Non-residential,3178.0
2021-01-01,Canada,Non-residential,3727.0
2021-02-01,Canada,Non-residential,3621.0
2021-03-01,Canada,Non-residential,4065.0
2021-04-01,Canada,Non-residential,4241.0
2021-05-01,Canada,Non-residential,4528.0
2021-06-01,Canada,Non-residential,4486.0
2021-07-01,Canada,Non-residential,4960.0
2021-08-01,Canada,Non-residential,4429.0
2021-09-01,Canada,Non-residential,4359.0
2021-10-01,Canada,Non-residential,3840.0
2021-11-01,Canada,Non-residential,3461.0
2021-12-01,Canada,Non-residential,3466.0
2022-01-01,Canada,Non-residential,3515.0
2022-02-01,Canada,Non-residential,3888.0
2022-03-01,Canada,Non-residential,4142.0
2022-04-01,Canada,Non-residential,4496.0
2022-05-01,Canada,Non-residential,4512.0
2022-06-01,Canada,Non-residential,4735.0
2022-07-01,Canada,Non-residential,5193.0
2022-08-01,Canada,Non-residential,4464.0
2022-09-01,Canada,Non-residential,4069.0
2022-10-01,Canada,Non-residential,4057.0
2022-11-01,Canada,Non-residential,4064.0
2022-12-01,Canada,Non-residential,3369.0
2023-01-01,Canada,Non-residential,3738.0
2023-02-01,Canada,Non-residential,3896.0
2023-03-01,Canada,Non-residential,3989.0
2023-04-01,Canada,Non-residential,4867.0
2023-05-01,Canada,Non-residential,4953.0
2023-06-01,Canada,Non-residential,5073.0
2023-07-01,Canada,Non-residential,4819.0
2023-08-01,Canada,Non-residential,4855.0
2023-09-01,Canada,Non-residential,4327.0
2023-10-01,Canada,Non-residential,4101.0
2023-11-01,Canada,Non-residential,3666.0
2023-12-01,Canada,Non-residential,3568.0
2024-01-01,Canada,Non-residential,4220.0
2024-02-01,Canada,Non-residential,4071.0
2024-03-01,Canada,Non-residential,4581.0
2024-04-01,Canada,Non-residential,4848.0
2024-05-01,Canada,Non-residential,5009.0
2024-06-01,Canada,Non-residential,5094.0
2024-07-01,Canada,Non-residential,5266.0
2024-08-01,Canada,Non-residential,4839.0
2024-09-01,Canada,Non-residential,4559.0
2024-10-01,Canada,Non-residential,4284.0
2024-11-01,Canada,Non-residential,4308.0
2024-12-01,Canada,Non-residential,4126.0
2025-01-01,Canada,Non-residential,4161.0
2025-02-01,Canada,Non-residential,4206.0
2025-03-01,Canada,Non-residential,4366.0
2025-04-01,Canada,Non-residential,5208.0
2025-05-01,Canada,Non-residential,5462.0
2025-06-01,Canada,Non-residential,5321.0
2025-07-01,Canada,Non-residential,5394.0
2025-08-01,Canada,Non-residential,5220.0
2025-09-01,Canada,Non-residential,4919.0
2025-10-01,Canada,Non-residential,4626.0
2025-11-01,Canada,Non-residential,4102.0
2025-12-01,Canada,Non-residential,4454.0
2026-01-01,Canada,Non-residential,3955.0
2026-02-01,Canada,Non-residential,4662.0
2026-03-01,Canada,Non-residential,4919.0
2026-04-01,Canada,Non-residential,5339.0
2026-05-01,Canada,Non-residential,5806.0
2026-06-01,Canada,Non-residential,5820.0
2026-07-01,Canada,Non-residential,5176.0
2026-08-01,Canada,Non-residential,4833.0
2018-01-01,Canada,Residential,4972.0
2018-02-01,Canada,Residential,5485.0
2018-03-01,Canada,Residential,5833.0
2018-04-01,Canada,Residential,6165.0
2018-05-01,Canada,Residential,6728.0
2018-06-01,Canada,Residential,6700.0
2018-07-01,Canada,Residential,6950.0
2018-08-01,Canada,Residential,7034.0
2018-09-01,Canada,Residential,5876.0
2018-10-01,Canada,Residential,5321.0
2018-11-01,Canada,Residential,5345.0
2018-12-01,Canada,Residential,5176.0
2019-01-01,Canada,Residential,5249.0
2019-02-01,Canada,Residential,5291.0
2019-03-01,Canada,Residential,6160.0
2019-04-01,Canada,Residential,6966.0
2019-05-01,Canada,Residential,6653.0
2019-06-01,Canada,Residential,7129.0
2019-07-01,Canada,Residential,6497.0
2019-08-01,Canada,Residential,6345.0
2019-09-01,Canada,Residential,5639.0
2019-10-01,Canada,Residential,5697.0
2019-11-01,Canada,Residential,4964.0
2019-12-01,Canada,Residential,5386.0
2020-01-01,Canada,Residential,5508.0
2020-02-01,Canada,Residential,5794.0
2020-03-01,Canada,Residential,5521.0
2020-04-01,Canada,Residential,6770.0
2020-05-01,Canada,Residential,7351.0
2020-06-01,Canada,Residential,7571.0
2020-07-01,Canada,Residential,6868.0
2020-08-01,Canada,Residential,6872.0
2020-09-01,Canada,Residential,6185.0
2020-10-01,Canada,Residential,5735.0
2020-11-01,Canada,Residential,6027.0
2020-12-01,Canada,Residential,5245.0
2021-01-01,Canada,Residential,5681.0
2021-02-01,Canada,Residential,6413.0
2021-03-01,Canada,Residential,6444.0
2021-04-01,Canada,Residential,7161.0
2021-05-01,Canada,Residential,7648.0
2021-06-01,Canada,Residential,7793.0
2021-07-01,Canada,Residential,7216.0
2021-08-01,Canada,Residential,7308.0
2021-09-01,Canada,Residential,7251.0
2021-10-01,Canada,Residential,5714.0
2021-11-01,Canada,Residential,6196.0
2021-12-01,Canada,Residential,5813.0
2022-01-01,Canada,Residential,5706.0
2022-02-01,Canada,Residential,7048.0
2022-03-01,Canada,Residential,7160.0
2022-04-01,Canada,Residential,7017.0
2022-05-01,Canada,Residential,7875.0
2022-06-01,Canada,Residential,8215.0
2022-07-01,Canada,Residential,7822.0
2022-08-01,Canada,Residential,7762.0
2022-09-01,Canada,Residential,6987.0
2022-10-01,Canada,Residential,6737.0
2022-11-01,Canada,Residential,6641.0
2022-12-01,Canada,Residential,5772.0
2023-01-01,Canada,Residential,6245.0
2023-02-01,Canada,Residential,6417.0
2023-03-01,Canada,Residential,7176.0
2023-04-01,Canada,Residential,7261.0
2023-05-01,Canada,Residential,7884.0
2023-06-01,Canada,Residential,8182.0
2023-07-01,Canada,Residential,8447.0
2023-08-01,Canada,Residential,8166.0
2023-09-01,Canada,Residential,6783.0
2023-10-01,Canada,Residential,6460.0
2023-11-01,Canada,Residential,6601.0
2023-12-01,Canada,Residential,5547.0
2024-01-01,Canada,Residential,6249.0
2024-02-01,Canada,Residential,6787.0
2024-03-01,Canada,Residential,7815.0
2024-04-01,Canada,Residential,8165.0
2024-05-01,Canada,Residential,8214.0
2024-06-01,Canada,Residential,8361.0
2024-07-01,Canada,Residential,8281.0
2024-08-01,Canada,Residential,8540.0
2024-09-01,Canada,Residential,7340.0
2024-10-01,Canada,Residential,6874.0
2024-11-01,Canada,Residential,6738.0
2024-12-01,Canada,Residential,6448.0
2025-01-01,Canada,Residential,6583.0
2025-02-01,Canada,Residential,6667.0
2025-03-01,Canada,Residential,7607.0
2025-04-01,Canada,Residential,8005.0
2025-05-01,Canada,Residential,8982.0
2025-06-01,Canada,Residential,8962.0
2025-07-01,Canada,Residential,8601.0
2025-08-01,Canada,Residential,8478.0
2025-09-01,Canada,Residential,7611.0
2025-10-01,Canada,Residential,7593.0
2025-11-01,Canada,Residential,6851.0
2025-12-01,Canada,Residential,6937.0
2026-01-01,Canada,Residential,6437.0
2026-02-01,Canada,Residential,7424.0
2026-03-01,Canada,Residential,7255.0
2026-04-01,Canada,Residential,7682.0
2026-05-01,Canada,Residential,8702.0
2026-06-01,Canada,Residential,8654.0
2026-07-01,Canada,Residential,8908.0
2026-08-01,Canada,Residential,9275.0
2018-01-01,Ontario,Non-residential,1105.0
2018-02-01,Ontario,Non-residential,1189.0
2018-03-01,Ontario,Non-residential,1372.0
2018-04-01,Ontario,Non-residential,1419.0
2018-05-01,Ontario,Non-residential,1650.0
2018-06-01,Ontario,Non-residential,1629.0
2018-07-01,Ontario,Non-residential,1630.0
2018-08-01,Ontario,Non-residential,1509.0
2018-09-01,Ontario,Non-residential,1345.0
2018-10-01,Ontario,Non-residential,1209.0
2018-11-01,Ontario,Non-residential,1182.0
2018-12-01,Ontario,Non-residential,1128.0
2019-01-01,Ontario,Non-residential,1230.0
2019-02-01,Ontario,Non-residential,1305.0
2019-03-01,Ontario,Non-residential,1321.0
2019-04-01,Ontario,Non-residential,1566.0
2019-05-01,Ontario,Non-residential,1545.0
2019-06-01,Ontario,Non-residential,1643.0
2019-07-01,Ontario,Non-residential,1641.0
2019-08-01,Ontario,Non-residential,1409.0
2019-09-01,Ontario,Non-residential,1468.0
2019-10-01,Ontario,Non-residential,1355.0
2019-11-01,Ontario,Non-residential,1244.0
2019-12-01,Ontario,Non-residential,1194.0
2020-01-01,Ontario,Non-residential,1236.0
2020-02-01,Ontario,Non-residential,1281.0
2020-03-01,Ontario,Non-residential,1467.0
2020-04-01,Ontario,Non-residential,1571.0
2020-05-01,Ontario,Non-residential,1719.0
2020-06-01,Ontario,Non-residential,1650.0
2020-07-01,Ontario,Non-residential,1740.0
2020-08-01,Ontario,Non-residential,1647.0
2020-09-01,Ontario,Non-residential,1505.0
2020-10-01,Ontario,Non-residential,1362.0
2020-11-01,Ontario,Non-residential,1358.0
2020-12-01,Ontario,Non-residential,1148.0
2021-01-01,Ontario,Non-residential,1360.0
2021-02-01,Ontario,Non-residential,1437.0
2021-03-01,Ontario,Non-residential,1568.0
2021-04-01,Ontario,Non-residential,1704.0
2021-05-01,Ontario,Non-residential,1714.0
2021-06-01,Ontario,Non-residential,1784.0
2021-07-01,Ontario,Non-residential,1829.0
2021-08-01,Ontario,Non-residential,1726.0
2021-09-01,Ontario,Non-residential,1590.0
2021-10-01,Ontario,Non-residential,1330.0
2021-11-01,Ontario,Non-residential,1413.0
2021-12-01,Ontario,Non-residential,1436.0
2022-01-01,Ontario,Non-residential,1461.0
2022-02-01,Ontario,Non-residential,1492.0
2022-03-01,Ontario,Non-residential,1473.0
2022-04-01,Ontario,Non-residential,1806.0
2022-05-01,Ontario,Non-residential,1811.0
2022-06-01,Ontario,Non-residential,1653.0
2022-07-01,Ontario,Non-residential,1863.0
2022-08-01,Ontario,Non-residential,1624.0
2022-09-01,Ontario,Non-residential,1522.0
2022-10-01,Ontario,Non-residential,1458.0
2022-11-01,Ontario,Non-residential,1529.0
2022-12-01,Ontario,Non-residential,1366.0
2023-01-01,Ontario,Non-residential,1456.0
2023-02-01,Ontario,Non-residential,1672.0
2023-03-01,Ontario,Non-residential,1787.0
2023-04-01,Ontario,Non-residential,1775.0
2023-05-01,Ontario,Non-residential,1859.0
2023-06-01,Ontario,Non-residential,1813.0
2023-07-01,Ontario,Non-residential,1831.0
2023-08-01,Ontario,Non-residential,1837.0
2023-09-01,Ontario,Non-residential,1717.0
2023-10-01,Ontario,Non-residential,1575.0
2023-11-01,Ontario,Non-residential,1562.0
2023-12-01,Ontario,Non-residential,1388.0
2024-01-01,Ontario,Non-residential,1485.0
2024-02-01,Ontario,Non-residential,1644.0
2024-03-01,Ontario,Non-residential,1760.0
2024-04-01,Ontario,Non-residential,1928.0
2024-05-01,Ontario,Non-residential,1967.0
2024-06-01,Ontario,Non-residential,1947.0
2024-07-01,Ontario,Non-residential,1974.0
2024-08-01,Ontario,Non-residential,1776.0
2024-09-01,Ontario,Non-residential,1605.0
2024-10-01,Ontario,Non-residential,1669.0
2024-11-01,Ontario,Non-residential,1531.0
2024-12-01,Ontario,Non-residential,1533.0
2025-01-01,Ontario,Non-residential,1406.0
2025-02-01,Ontario,Non-residential,1610.0
2025-03-01,Ontario,Non-residential,1719.0
2025-04-01,Ontario,Non-residential,1825.0
2025-05-01,Ontario,Non-residential,1805.0
2025-06-01,Ontario,Non-residential,2000.0
2025-07-01,Ontario,Non-residential,2073.0
2025-08-01,Ontario,Non-residential,1945.0
2025-09-01,Ontario,Non-residential,1746.0
2025-10-01,Ontario,Non-residential,1676.0
2025-11-01,Ontario,Non-residential,1654.0
2025-12-01,Ontario,Non-residential,1337.0
2026-01-01,Ontario,Non-residential,1591.0
2026-02-01,Ontario,Non-residential,1740.0
2026-03-01,Ontario,Non-residential,1880.0
2026-04-01,Ontario,Non-residential,2091.0
2026-05-01,Ontario,Non-residential,2139.0
2026-06-01,Ontario,Non-residential,2109.0
2026-07-01,Ontario,Non-residential,2080.0
2026-08-01,Ontario,Non-residential,2035.0
2018-01-01,Ontario,Residential,2224.0
2018-02-01,Ontario,Residential,2015.0
2018-03-01,Ontario,Residential,2460.0
2018-04-01,Ontario,Residential,2369.0
2018-05-01,Ontario,Residential,2632.0
2018-06-01,Ontario,Residential,2448.0
2018-07-01,Ontario,Residential,2574.0
2018-08-01,Ontario,Residential,2618.0
2018-09-01,Ontario,Residential,2125.0
2018-10-01,Ontario,Residential,2243.0
2018-11-01,Ontario,Residential,2005.0
2018-12-01,Ontario,Residential,1774.0
2019-01-01,Ontario,Residential,1908.0
2019-02-01,Ontario,Residential,2068.0
2019-03-01,Ontario,Residential,2332.0
2019-04-01,Ontario,Residential,2475.0
2019-05-01,Ontario,Residential,2590.0
2019-06-01,Ontario,Residential,2722.0
2019-07-01,Ontario,Residential,2579.0
2019-08-01,Ontario,Residential,2404.0
2019-09-01,Ontario,Residential,2377.0
2019-10-01,Ontario,Residential,2309.0
2019-11-01,Ontario,Residential,1846.0
2019-12-01,Ontario,Residential,2005.0
2020-01-01,Ontario,Residential,1979.0
2020-02-01,Ontario,Residential,2090.0
2020-03-01,Ontario,Residential,2543.0
2020-04-01,Ontario,Residential,2568.0
2020-05-01,Ontario,Residential,2993.0
2020-06-01,Ontario,Residential,2749.0
2020-07-01,Ontario,Residential,2859.0
2020-08-01,Ontario,Residential,2638.0
2020-09-01,Ontario,Residential,2374.0
2020-10-01,Ontario,Residential,2360.0
2020-11-01,Ontario,Residential,2121.0
2020-12-01,Ontario,Residential,2176.0
2021-01-01,Ontario,Residential,2151.0
2021-02-01,Ontario,Residential,2166.0
2021-03-01,Ontario,Residential,2507.0
2021-04-01,Ontario,Residential,2736.0
2021-05-01,Ontario,Residential,3012.0
2021-06-01,Ontario,Residential,2823.0
2021-07-01,Ontario,Residential,2893.0
2021-08-01,Ontario,Residential,2528.0
2021-09-01,Ontario,Residential,2653.0
2021-10-01,Ontario,Residential,2228.0
2021-11-01,Ontario,Residential,1991.0
2021-12-01,Ontario,Residential,2179.0
2022-01-01,Ontario,Residential,2396.0
2022-02-01,Ontario,Residential,2199.0
2022-03-01,Ontario,Residential,2466.0
2022-04-01,Ontario,Residential,2720.0
2022-05-01,Ontario,Residential,2823.0
2022-06-01,Ontario,Residential,3087.0
2022-07-01,Ontario,Residential,2881.0
2022-08-01,Ontario,Residential,2753.0
2022-09-01,Ontario,Residential,2735.0
2022-10-01,Ontario,Residential,2362.0
2022-11-01,Ontario,Residential,2382.0
2022-12-01,Ontario,Residential,2148.0
2023-01-01,Ontario,Residential,2177.0
2023-02-01,Ontario,Residential,2248.0
2023-03-01,Ontario,Residential,2951.0
2023-04-01,Ontario,Residential,2868.0
2023-05-01,Ontario,Residential,3098.0
2023-06-01,Ontario,Residential,3123.0
2023-07-01,Ontario,Residential,3102.0
2023-08-01,Ontario,Residential,2948.0
2023-09-01,Ontario,Residential,3003.0
2023-10-01,Ontario,Residential,2415.0
2023-11-01,Ontario,Residential,2206.0
2023-12-01,Ontario,Residential,2233.0
2024-01-01,Ontario,Residential,2251.0
2024-02-01,Ontario,Residential,2685.0
2024-03-01,Ontario,Residential,2903.0
2024-04-01,Ontario,Residential,2873.0
2024-05-01,Ontario,Residential,2970.0
2024-06-01,Ontario,Residential,3170.0
2024-07-01,Ontario,Residential,3358.0
2024-08-01,Ontario,Residential,2654.0
2024-09-01,Ontario,Residential,2909.0
2024-10-01,Ontario,Residential,2501.0
2024-11-01,Ontario,Residential,2645.0
2024-12-01,Ontario,Residential,2315.0
2025-01-01,Ontario,Residential,2483.0
2025-02-01,Ontario,Residential,2474.0
2025-03-01,Ontario,Residential,2753.0
2025-04-01,Ontario,Residential,3278.0
2025-05-01,Ontario,Residential,3357.0
2025-06-01,Ontario,Residential,3255.0
2025-07-01,Ontario,Residential,3146.0
2025-08-01,Ontario,Residential,2869.0
2025-09-01,Ontario,Residential,2877.0
2025-10-01,Ontario,Residential,2732.0
2025-11-01,Ontario,Residential,2586.0
2025-12-01,Ontario,Residential,2538.0
2026-01-01,Ontario,Residential,2462.0
2026-02-01,Ontario,Residential,2758.0
2026-03-01,Ontario,Residential,2970.0
2026-04-01,Ontario,Residential,3357.0
2026-05-01,Ontario,Residential,3588.0
2026-06-01,Ontario,Residential,3381.0
2026-07-01,Ontario,Residential,3251.0
2026-08-01,Ontario,Residential,3205.0
2018-01-01,Quebec,Non-residential,406.0
2018-02-01,Quebec,Non-residential,479.0
2018-03-01,Quebec,Non-residential,533.0
2018-04-01,Quebec,Non-residential,531.0
2018-05-01,Quebec,Non-residential,590.0
2018-06-01,Quebec,Non-residential,612.0
2018-07-01,Quebec,Non-residential,562.0
2018-08-01,Quebec,Non-residential,561.0
2018-09-01,Quebec,Non-residential,506.0
2018-10-01,Quebec,Non-residential,449.0
2018-11-01,Quebec,Non-residential,419.0
2018-12-01,Quebec,Non-residential,426.0
2019-01-01,Quebec,Non-residential,438.0
2019-02-01,Quebec,Non-residential,455.0
2019-03-01,Quebec,Non-residential,505.0
2019-04-01,Quebec,Non-residential,597.0
2019-05-01,Quebec,Non-residential,604.0
2019-06-01,Quebec,Non-residential,638.0
2019-07-01,Quebec,Non-residential,637.0
2019-08-01,Quebec,Non-residential,588.0
2019-09-01,Quebec,Non-residential,595.0
2019-10-01,Quebec,Non-residential,460.0
2019-11-01,Quebec,Non-residential,478.0
2019-12-01,Quebec,Non-residential,434.0
2020-01-01,Quebec,Non-residential,512.0
2020-02-01,Quebec,Non-residential,542.0
2020-03-01,Quebec,Non-residential,480.0
2020-04-01,Quebec,Non-residential,555.0
2020-05-01,Quebec,Non-residential,638.0
2020-06-01,Quebec,Non-residential,655.0
2020-07-01,Quebec,Non-residential,643.0
2020-08-01,Quebec,Non-residential,588.0
2020-09-01,Quebec,Non-residential,561.0
2020-10-01,Quebec,Non-residential,524.0
2020-11-01,Quebec,Non-residential,472.0
2020-12-01,Quebec,Non-residential,494.0
2021-01-01,Quebec,Non-residential,410.0
2021-02-01,Quebec,Non-residential,530.0
2021-03-01,Quebec,Non-residential,527.0
2021-04-01,Quebec,Non-residential,632.0
2021-05-01,Quebec,Non-residential,631.0
2021-06-01,Quebec,Non-residential,625.0
2021-07-01,Quebec,Non-residential,653.0
2021-08-01,Quebec,Non-residential,584.0
2021-09-01,Quebec,Non-residential,541.0
2021-10-01,Quebec,Non-residential,479.0
2021-11-01,Quebec,Non-residential,493.0
2021-12-01,Quebec,Non-residential,499.0
2022-01-01,Quebec,Non-residential,528.0
2022-02-01,Quebec,Non-residential,528.0
2022-03-01,Quebec,Non-residential,609.0
2022-04-01,Quebec,Non-residential,625.0
2022-05-01,Quebec,Non-residential,656.0
2022-06-01,Quebec,Non-residential,689.0
2022-07-01,Quebec,Non-residential,693.0
2022-08-01,Quebec,Non-residential,621.0
2022-09-01,Quebec,Non-residential,581.0
2022-10-01,Quebec,Non-residential,540.0
2022-11-01,Quebec,Non-residential,517.0
2022-12-01,Quebec,Non-residential,477.0
2023-01-01,Quebec,Non-residential,548.0
2023-02-01,Quebec,Non-residential,540.0
2023-03-01,Quebec,Non-residential,612.0
2023-04-01,Quebec,Non-residential,620.0
2023-05-01,Quebec,Non-residential,689.0
2023-06-01,Quebec,Non-residential,704.0
2023-07-01,Quebec,Non-residential,669.0
2023-08-01,Quebec,Non-residential,711.0
2023-09-01,Quebec,Non-residential,619.0
2023-10-01,Quebec,Non-residential,618.0
2023-11-01,Quebec,Non-residential,563.0
2023-12-01,Quebec,Non-residential,505.0
2024-01-01,Quebec,Non-residential,527.0
2024-02-01,Quebec,Non-residential,585.0
2024-03-01,Quebec,Non-residential,620.0
2024-04-01,Quebec,Non-residential,666.0
2024-05-01,Quebec,Non-residential,690.0
2024-06-01,Quebec,Non-residential,659.0
2024-07-01,Quebec,Non-residential,695.0
2024-08-01,Quebec,Non-residential,605.0
2024-09-01,Quebec,Non-residential,639.0
2024-10-01,Quebec,Non-residential,564.0
2024-11-01,Quebec,Non-residential,533.0
2024-12-01,Quebec,Non-residential,538.0
2025-01-01,Quebec,Non-residential,566.0
2025-02-01,Quebec,Non-residential,550.0
2025-03-01,Quebec,Non-residential,587.0
2025-04-01,Quebec,Non-residential,653.0
2025-05-01,Quebec,Non-residential,658.0
2025-06-01,Quebec,Non-residential,704.0
2025-07-01,Quebec,Non-residential,769.0
2025-08-01,Quebec,Non-residential,660.0
2025-09-01,Quebec,Non-residential,668.0
2025-10-01,Quebec,Non-residential,565.0
2025-11-01,Quebec,Non-residential,584.0
2025-12-01,Quebec,Non-residential,555.0
2026-01-01,Quebec,Non-residential,576.0
2026-02-01,Quebec,Non-residential,629.0
2026-03-01,Quebec,Non-residential,711.0
2026-04-01,Quebec,Non-residential,710.0
2026-05-01,Quebec,Non-residential,743.0
2026-06-01,Quebec,Non-residential,724.0
2026-07-01,Quebec,Non-residential,760.0
2026-08-01,Quebec,Non-residential,704.0
2018-01-01,Quebec,Residential,718.0
2018-02-01,Quebec,Residential,681.0
2018-03-01,Quebec,Residential,788.0
2018-04-01,Quebec,Residential,885.0
2018-05-01,Quebec,Residential,895.0
2018-06-01,Quebec,Residential,918.0
2018-07-01,Quebec,Residential,925.0
2018-08-01,Quebec,Residential,796.0
2018-09-01,Quebec,Residential,758.0
2018-10-01,Quebec,Residential,738.0
2018-11-01,Quebec,Residential,715.0
2018-12-01,Quebec,Residential,682.0
2019-01-01,Quebec,Residential,627.0
2019-02-01,Quebec,Residential,747.0
2019-03-01,Quebec,Residential,883.0
2019-04-01,Quebec,Residential,947.0
2019-05-01,Quebec,Residential,972.0
2019-06-01,Quebec,Residential,955.0
2019-07-01,Quebec,Residential,1011.0
2019-08-01,Quebec,Residential,903.0
2019-09-01,Quebec,Residential,804.0
2019-10-01,Quebec,Residential,752.0
2019-11-01,Quebec,Residential,811.0
2019-12-01,Quebec,Residential,735.0
2020-01-01,Quebec,Residential,802.0
2020-02-01,Quebec,Residential,779.0
2020-03-01,Quebec,Residential,923.0
2020-04-01,Quebec,Residential,923.0
2020-05-01,Quebec,Residential,1001.0
2020-06-01,Quebec,Residential,1151.0
2020-07-01,Quebec,Residential,1051.0
2020-08-01,Quebec,Residential,939.0
2020-09-01,Quebec,Residential,890.0
2020-10-01,Quebec,Residential,840.0
2020-11-01,Quebec,Residential,832.0
2020-12-01,Quebec,Residential,733.0
2021-01-01,Quebec,Residential,695.0
2021-02-01,Quebec,Residential,821.0
2021-03-01,Quebec,Residential,911.0
2021-04-01,Quebec,Residential,991.0
2021-05-01,Quebec,Residential,1105.0
2021-06-01,Quebec,Residential,1079.0
2021-07-01,Quebec,Residential,1086.0
2021-08-01,Quebec,Residential,943.0
2021-09-01,Quebec,Residential,968.0
2021-10-01,Quebec,Residential,958.0
2021-11-01,Quebec,Residential,844.0
2021-12-01,Quebec,Residential,802.0
2022-01-01,Quebec,Residential,819.0
2022-02-01,Quebec,Residential,954.0
2022-03-01,Quebec,Residential,898.0
2022-04-01,Quebec,Residential,1013.0
2022-05-01,Quebec,Residential,1096.0
2022-06-01,Quebec,Residential,1132.0
2022-07-01,Quebec,Residential,1058.0
2022-08-01,Quebec,Residential,1044.0
2022-09-01,Quebec,Residential,946.0
2022-10-01,Quebec,Residential,895.0
2022-11-01,Quebec,Residential,833.0
2022-12-01,Quebec,Residential,767.0
2023-01-01,Quebec,Residential,844.0
2023-02-01,Quebec,Residential,943.0
2023-03-01,Quebec,Residential,929.0
2023-04-01,Quebec,Residential,1039.0
2023-05-01,Quebec,Residential,1139.0
2023-06-01,Quebec,Residential,1077.0
2023-07-01,Quebec,Residential,1121.0
2023-08-01,Quebec,Residential,1011.0
2023-09-01,Quebec,Residential,1047.0
2023-10-01,Quebec,Residential,1034.0
2023-11-01,Quebec,Residential,970.0
2023-12-01,Quebec,Residential,845.0
2024-01-01,Quebec,Residential,913.0
2024-02-01,Quebec,Residential,939.0
2024-03-01,Quebec,Residential,1014.0
2024-04-01,Quebec,Residential,1159.0
2024-05-01,Quebec,Residential,1076.0
2024-06-01,Quebec,Residential,1213.0
2024-07-01,Quebec,Residential,1143.0
2024-08-01,Quebec,Residential,1163.0
2024-09-01,Quebec,Residential,1034.0
2024-10-01,Quebec,Residential,923.0
2024-11-01,Quebec,Residential,918.0
2024-12-01,Quebec,Residential,924.0
2025-01-01,Quebec,Residential,912.0
2025-02-01,Quebec,Residential,990.0
2025-03-01,Quebec,Residential,1016.0
2025-04-01,Quebec,Residential,1014.0
2025-05-01,Quebec,Residential,1216.0
2025-06-01,Quebec,Residential,1229.0
2025-07-01,Quebec,Residential,1185.0
2025-08-01,Quebec,Residential,1131.0
2025-09-01,Quebec,Residential,1108.0
2025-10-01,Quebec,Residential,966.0
2025-11-01,Quebec,Residential,904.0
2025-12-01,Quebec,Residential,912.0
2026-01-01,Quebec,Residential,1001.0
2026-02-01,Quebec,Residential,932.0
2026-03-01,Quebec,Residential,1132.0
2026-04-01,Quebec,Residential,1119.0
2026-05-01,Quebec,Residential,1152.0
2026-06-01,Quebec,Residential,1289.0
2026-07-01,Quebec,Residential,1206.0
2026-08-01,Quebec,Residential,1098.0
