ticket_id,account_id,ticket_date,priority,resolution_hours,satisfaction_score
1,10001,2025-11-01,Normal,57.9,3.2
2,10001,2025-10-14,Low,89.8,2.2
3,10001,2025-08-07,Normal,41.5,2.5
4,10002,2026-08-14,Normal,33.7,3.2
5,10002,2026-06-16,High,16.5,3.4
6,10003,2026-05-18,Normal,40.9,4.3
7,10003,2026-03-21,High,12.2,3.5
8,10003,2026-06-10,Normal,33.6,3.9
9,10005,2026-05-29,Normal,51.4,3.6
10,10005,2025-11-08,High,9.0,4.4
11,10005,2026-03-30,High,18.2,3.8
12,10007,2025-08-07,High,15.0,4.6
13,10007,2025-09-13,Normal,38.6,3.4
14,10007,2025-07-08,Normal,20.5,3.8
15,10007,2025-02-27,High,10.1,3.7
16,10007,2025-03-17,Urgent,9.1,3.6
17,10007,2025-05-09,High,21.9,4.5
18,10008,2026-06-07,High,19.3,3.4
19,10009,2025-12-21,High,15.7,4.2
20,10009,2025-08-09,Normal,22.2,4.8
21,10009,2025-08-09,High,13.4,5.0
22,10010,2026-01-08,Normal,45.5,3.6
23,10010,2025-09-22,Normal,68.8,3.2
24,10010,2025-08-06,Normal,26.1,4.2
25,10010,2025-10-27,Normal,58.2,3.7
26,10010,2026-01-06,Low,111.5,4.2
27,10010,2025-03-01,Normal,43.5,3.2
28,10010,2026-04-18,Low,71.1,3.9
29,10010,2025-11-28,Normal,45.6,3.3
30,10011,2026-03-31,Urgent,6.0,4.3
31,10011,2026-04-07,Normal,32.8,3.1
32,10011,2026-06-12,Normal,33.6,4.0
33,10011,2026-03-06,Normal,44.0,3.4
34,10011,2026-05-16,High,10.7,4.2
35,10011,2026-05-18,High,11.8,4.8
36,10011,2026-05-08,Urgent,10.1,2.6
37,10013,2026-06-05,Normal,44.6,4.1
38,10016,2026-05-04,High,26.6,5.0
39,10018,2025-10-23,Low,51.3,3.7
40,10018,2026-04-26,Normal,50.4,4.0
41,10018,2025-09-16,High,16.0,4.2
42,10018,2025-07-04,Urgent,6.7,3.9
43,10020,2025-11-19,Normal,50.3,3.5
44,10020,2026-03-16,High,13.8,4.7
45,10021,2026-06-09,High,26.3,4.2
46,10021,2026-06-25,Normal,30.0,4.9
47,10021,2026-08-03,Normal,29.3,4.0
48,10021,2025-11-16,Normal,34.8,3.1
49,10022,2026-05-14,Low,72.5,3.4
50,10022,2026-07-01,Urgent,7.1,4.2
51,10022,2026-05-24,Normal,49.6,3.3
52,10022,2026-05-03,Low,49.9,4.4
53,10022,2025-12-14,Normal,43.0,3.1
54,10023,2025-11-23,Low,85.4,3.0
55,10026,2026-03-29,Normal,66.3,3.9
56,10027,2026-03-16,Normal,34.4,4.3
57,10028,2026-06-21,High,17.2,4.9
58,10029,2026-08-14,High,14.5,4.3
59,10029,2026-07-05,High,10.9,3.1
60,10030,2026-02-21,High,10.5,4.2
61,10030,2025-10-19,High,18.9,4.4
62,10030,2026-01-17,Normal,35.2,4.7
63,10030,2026-07-04,High,16.8,3.4
64,10030,2025-12-18,Normal,37.9,3.2
65,10031,2026-06-27,Normal,57.6,3.8
66,10031,2026-06-24,Low,139.8,4.3
67,10032,2026-04-05,High,19.3,3.8
68,10032,2026-01-09,Normal,53.6,4.3
69,10034,2026-01-30,High,22.8,3.3
70,10034,2026-04-25,High,19.7,3.7
71,10036,2025-11-14,Normal,83.5,4.5
72,10036,2026-01-08,Normal,27.2,5.0
73,10040,2026-08-09,Low,125.6,4.3
74,10041,2026-04-28,Normal,18.5,4.5
75,10041,2025-04-16,Urgent,6.7,3.6
76,10044,2026-03-26,Normal,26.7,3.9
77,10045,2025-06-14,Urgent,4.8,4.6
78,10045,2025-06-09,Urgent,7.0,4.2
79,10047,2026-06-30,High,20.3,3.4
80,10047,2025-11-07,Normal,37.2,3.0
81,10049,2026-03-07,High,18.3,4.6
82,10050,2026-05-18,Normal,25.5,3.3
83,10052,2025-12-15,Normal,48.2,3.4
84,10052,2026-06-15,Normal,15.6,3.3
85,10052,2026-02-06,Low,109.3,4.3
86,10053,2026-06-07,Normal,33.1,3.3
87,10053,2026-03-23,Low,134.1,2.5
88,10054,2025-10-20,Normal,31.1,3.2
89,10054,2026-04-06,Normal,36.3,3.8
90,10056,2025-03-13,Normal,24.6,5.0
91,10056,2026-01-09,Low,43.7,3.5
92,10056,2025-06-16,Normal,26.4,4.2
93,10056,2026-02-28,High,39.7,3.8
94,10056,2025-05-13,Normal,29.7,3.5
95,10057,2026-08-21,Normal,30.5,4.5
96,10057,2026-06-08,High,14.0,3.6
97,10059,2026-08-12,Normal,61.9,2.7
98,10060,2026-07-18,High,26.9,3.4
99,10060,2026-03-03,High,15.4,4.0
100,10061,2026-07-10,High,18.3,3.4
101,10062,2026-07-22,High,23.2,4.6
102,10063,2026-08-21,Normal,39.6,3.5
103,10063,2026-06-16,Normal,22.4,3.9
104,10065,2026-03-07,Normal,36.7,3.9
105,10065,2026-06-17,Urgent,4.0,4.9
106,10066,2026-01-20,Normal,46.7,3.7
107,10066,2025-12-17,High,13.4,3.5
108,10066,2026-03-07,Normal,23.4,5.0
109,10066,2025-07-31,Normal,25.4,3.9
110,10066,2026-06-29,Low,108.4,3.0
111,10067,2026-06-30,Urgent,5.3,4.4
112,10068,2025-09-18,Normal,53.4,4.3
113,10068,2026-05-30,Low,72.2,4.8
114,10070,2026-02-03,Normal,30.9,3.5
115,10070,2025-12-21,Urgent,4.5,4.7
116,10070,2025-12-10,Urgent,7.0,3.8
117,10070,2026-04-24,High,11.5,3.3
118,10070,2026-02-13,Low,72.2,3.6
119,10071,2026-05-18,Normal,40.5,3.2
120,10071,2026-07-27,Normal,35.5,2.9
121,10073,2026-04-05,Normal,49.1,3.3
122,10074,2025-11-18,High,13.1,3.1
123,10074,2025-04-06,Normal,41.3,3.5
124,10074,2025-07-22,Normal,33.5,3.5
125,10075,2026-05-18,Low,72.5,3.0
126,10077,2025-10-18,Urgent,3.1,4.8
127,10077,2026-03-06,Normal,17.6,3.8
128,10078,2026-02-25,Normal,30.8,2.7
129,10078,2025-12-05,Low,54.3,3.1
130,10079,2026-03-09,Normal,16.1,3.7
131,10079,2026-02-17,High,24.5,3.4
132,10080,2026-07-05,High,22.7,5.0
133,10080,2026-03-14,High,19.3,4.4
134,10082,2026-04-08,Normal,31.0,2.9
135,10082,2026-06-17,Normal,39.5,4.6
136,10083,2026-01-15,High,15.7,4.5
137,10083,2025-11-30,High,35.8,3.5
138,10083,2025-04-22,Normal,43.7,3.7
139,10083,2026-01-22,Urgent,7.9,4.1
140,10085,2026-08-09,Normal,30.8,3.5
141,10085,2026-06-04,High,17.7,3.9
142,10088,2026-06-05,Low,78.0,2.6
143,10088,2026-08-20,Normal,52.7,3.4
144,10088,2025-10-27,Normal,23.2,3.4
145,10090,2026-06-19,Normal,44.9,4.6
146,10091,2025-09-27,Urgent,5.9,3.3
147,10091,2026-04-12,Normal,35.7,3.7
148,10091,2026-05-14,Urgent,5.7,3.4
149,10094,2026-06-25,Normal,28.1,3.1
150,10094,2026-08-19,Normal,32.3,3.6
151,10096,2025-12-23,High,20.5,2.5
152,10096,2026-07-13,High,27.9,4.1
153,10097,2026-03-15,Urgent,10.1,4.3
154,10097,2025-05-28,Normal,54.0,4.1
155,10097,2026-06-14,Normal,12.0,4.2
156,10099,2026-02-09,Low,77.5,3.2
157,10100,2026-04-25,Low,93.3,3.0
158,10100,2025-08-13,Urgent,5.9,3.7
159,10100,2025-11-25,Normal,48.8,2.3
160,10101,2026-08-04,High,15.5,3.8
161,10101,2026-07-03,Normal,74.4,3.4
162,10101,2026-08-12,High,8.8,3.0
163,10102,2026-04-20,Normal,23.0,5.0
164,10102,2026-01-01,Urgent,4.8,4.8
165,10104,2025-08-22,Urgent,4.6,4.0
166,10104,2025-09-18,Normal,40.9,3.0
167,10104,2025-09-21,Normal,27.3,5.0
168,10105,2026-08-10,Normal,48.8,4.2
169,10106,2026-04-19,Normal,61.7,3.6
170,10106,2026-06-20,High,13.4,3.8
171,10109,2026-06-14,Normal,30.1,4.2
172,10109,2025-10-12,Normal,39.0,3.1
173,10109,2026-07-14,High,13.5,4.7
174,10111,2026-05-24,Normal,29.3,3.4
175,10111,2025-12-15,Urgent,5.0,4.6
176,10111,2026-06-29,Low,102.7,3.7
177,10111,2025-09-30,High,14.9,4.4
178,10111,2026-01-13,Normal,27.9,3.5
179,10111,2026-07-10,Low,64.5,2.8
180,10113,2026-03-04,Normal,53.2,2.9
181,10113,2026-06-23,Normal,22.0,5.0
182,10114,2025-11-09,Normal,37.2,3.8
183,10115,2026-02-07,Normal,17.2,3.6
184,10115,2026-07-01,Normal,37.0,3.4
185,10115,2026-01-06,Normal,59.3,3.4
186,10116,2026-06-17,Normal,32.5,3.6
187,10117,2025-11-19,Normal,30.2,2.9
188,10117,2025-03-23,Normal,28.2,4.5
189,10117,2025-03-20,High,14.1,4.7
190,10117,2025-03-26,Normal,41.6,2.9
191,10118,2025-11-14,High,28.4,4.9
192,10118,2025-06-22,Normal,18.3,4.0
193,10119,2026-01-11,High,22.1,4.1
194,10119,2026-01-12,Low,91.4,3.8
195,10119,2026-06-09,Normal,32.2,4.1
196,10120,2025-04-12,Normal,56.1,3.7
197,10120,2025-09-20,Normal,36.8,3.5
198,10120,2025-09-02,Normal,33.3,3.8
199,10121,2025-11-17,Normal,19.1,4.1
200,10122,2026-06-13,Normal,41.5,4.1
201,10123,2026-02-13,Normal,40.6,3.5
202,10123,2026-02-02,Normal,32.5,4.4
203,10127,2025-10-14,High,27.3,4.8
204,10127,2025-07-10,Low,53.7,3.5
205,10127,2025-07-18,High,8.5,3.8
206,10127,2025-12-27,Normal,19.0,4.1
207,10127,2025-05-04,Normal,22.6,4.4
208,10127,2025-07-02,Normal,43.2,2.9
209,10130,2026-04-14,Normal,24.6,3.9
210,10130,2026-05-27,Urgent,4.4,5.0
211,10131,2025-12-12,High,12.6,3.6
212,10131,2026-05-07,Normal,53.1,3.4
213,10131,2026-05-16,Urgent,6.4,3.9
214,10132,2026-07-25,Normal,24.7,3.5
215,10133,2025-02-26,Normal,37.7,3.9
216,10134,2025-12-16,Normal,46.3,3.0
217,10135,2026-08-22,Normal,30.7,3.2
218,10136,2025-10-13,Normal,30.7,3.0
219,10136,2026-04-10,Normal,44.7,3.7
220,10137,2026-04-01,Normal,22.7,3.5
221,10137,2026-06-10,High,16.9,4.6
222,10137,2026-01-22,Urgent,5.0,3.6
223,10137,2026-03-18,Normal,19.8,3.3
224,10137,2026-06-17,Normal,58.8,3.1
225,10137,2026-02-11,Low,65.7,4.0
226,10137,2026-01-06,Normal,34.7,2.6
227,10138,2025-04-22,Normal,54.6,3.0
228,10138,2026-02-15,Low,88.2,3.6
229,10138,2025-01-24,High,16.8,3.5
230,10138,2025-09-03,Normal,34.7,3.4
231,10138,2025-05-18,Low,81.2,3.0
232,10139,2026-08-22,Normal,43.2,3.0
233,10139,2026-05-24,High,12.0,4.4
234,10139,2025-12-28,Low,82.3,3.3
235,10142,2026-02-27,Normal,47.5,3.6
236,10142,2025-11-17,Urgent,9.6,3.9
237,10142,2025-06-20,High,14.0,3.3
238,10142,2025-12-29,Low,58.4,3.9
239,10142,2025-07-09,Normal,33.4,3.0
240,10143,2026-05-23,Normal,36.0,3.6
241,10143,2026-02-26,Normal,56.9,4.2
242,10146,2026-07-25,Low,68.0,4.6
243,10147,2025-10-03,High,15.7,4.3
244,10147,2025-05-29,Urgent,6.2,3.1
245,10147,2025-03-05,Normal,41.9,3.2
246,10147,2025-06-29,Normal,21.7,3.6
247,10148,2026-01-06,Urgent,7.8,3.8
248,10152,2026-06-14,Low,66.7,3.0
249,10152,2026-07-09,Low,56.0,3.6
250,10152,2026-01-31,Normal,49.8,2.7
251,10152,2025-08-04,Low,57.6,3.0
252,10154,2026-07-24,Low,65.8,4.0
253,10154,2026-04-01,High,18.1,4.2
254,10154,2026-06-08,Normal,32.5,2.9
255,10154,2026-08-05,Normal,36.7,3.7
256,10154,2025-08-14,Normal,77.0,2.7
257,10155,2025-09-21,Normal,30.9,4.1
258,10157,2026-05-04,Normal,60.7,3.3
259,10157,2025-11-10,Normal,43.0,3.2
260,10158,2026-08-24,Low,43.8,3.7
261,10158,2026-04-01,High,20.9,5.0
262,10158,2026-04-19,Normal,28.7,4.1
263,10159,2025-11-08,Normal,58.2,3.5
264,10162,2026-03-05,Normal,45.7,2.7
265,10162,2026-04-10,Low,33.8,4.3
266,10163,2025-12-18,High,18.7,3.8
267,10163,2026-02-28,Normal,43.1,3.6
268,10163,2026-02-06,Normal,50.5,3.3
269,10163,2025-12-26,Low,84.3,2.8
270,10164,2026-03-13,Normal,25.7,4.9
271,10165,2025-12-06,High,10.5,3.2
272,10165,2025-12-30,Urgent,6.4,3.9
273,10165,2026-07-12,Normal,26.8,3.8
274,10166,2026-07-03,Normal,72.3,2.3
275,10166,2026-06-30,Normal,45.1,3.1
276,10167,2026-05-09,High,12.6,4.5
277,10167,2025-12-10,Normal,27.2,4.1
278,10167,2026-04-21,Normal,37.9,3.8
279,10167,2026-04-26,High,17.6,3.4
280,10167,2026-03-08,Normal,45.8,3.1
281,10168,2025-08-28,Urgent,10.9,4.9
282,10169,2025-10-14,Low,52.2,3.8
283,10169,2025-12-24,High,23.2,4.4
284,10169,2025-10-20,High,28.6,4.8
285,10169,2026-05-03,Normal,40.3,2.6
286,10170,2025-02-19,Normal,67.3,2.7
287,10170,2025-11-29,Low,81.7,3.6
288,10170,2025-07-11,High,17.9,4.7
289,10170,2025-08-12,Normal,33.8,3.0
290,10171,2025-12-02,Low,72.4,4.1
291,10171,2025-03-08,Normal,48.2,2.9
292,10172,2025-07-18,Normal,69.7,3.9
293,10172,2025-11-17,High,20.7,4.3
294,10172,2025-06-28,Normal,25.2,4.5
295,10174,2026-08-17,Normal,20.4,3.9
296,10176,2025-12-03,Urgent,11.4,3.4
297,10176,2026-04-05,Normal,43.8,4.0
298,10176,2025-10-20,Normal,59.5,3.1
299,10177,2026-07-10,High,16.2,3.8
300,10177,2026-08-15,Normal,21.1,4.2
301,10177,2026-04-10,Low,70.1,3.3
302,10177,2026-08-12,Normal,43.4,4.3
303,10178,2026-05-22,Normal,24.8,3.3
304,10178,2025-11-15,Low,108.6,3.6
305,10182,2025-11-03,High,18.6,4.7
306,10182,2025-04-08,High,18.8,5.0
307,10182,2026-05-22,High,16.8,3.3
308,10183,2026-08-23,Low,126.8,4.2
309,10185,2026-01-30,Normal,23.5,4.4
310,10186,2026-03-03,Urgent,5.9,4.2
311,10187,2026-05-18,Normal,22.9,4.2
312,10187,2025-12-22,Low,56.0,3.2
313,10187,2025-12-01,Normal,24.7,4.2
314,10187,2026-04-10,High,21.1,3.4
315,10187,2026-05-26,Urgent,5.5,4.1
316,10188,2025-12-31,Normal,27.6,2.9
317,10190,2025-12-05,Low,50.6,3.7
318,10190,2026-03-19,Normal,43.3,4.5
319,10190,2025-07-26,Low,107.1,4.1
320,10190,2026-04-07,Normal,24.6,3.2
321,10193,2026-04-30,Urgent,5.3,4.9
322,10194,2026-03-09,Normal,22.2,2.5
323,10194,2026-08-12,Normal,24.6,3.6
324,10194,2025-10-08,Low,103.0,3.7
325,10194,2025-08-23,High,24.6,4.2
326,10194,2026-01-25,High,11.3,3.7
327,10196,2025-04-15,Normal,35.8,3.4
328,10196,2025-07-17,High,13.8,4.1
329,10196,2026-01-20,Normal,52.1,2.7
330,10197,2025-11-12,High,8.6,3.2
331,10197,2025-11-12,Normal,38.0,4.0
332,10197,2026-05-09,Low,96.3,3.9
333,10197,2025-08-31,High,15.9,3.8
334,10198,2025-09-03,Normal,36.1,3.9
335,10198,2026-03-13,Urgent,8.8,3.9
336,10199,2026-01-10,High,9.2,4.0
337,10199,2026-03-08,Low,75.6,4.1
338,10199,2025-11-23,Normal,24.3,3.8
339,10201,2026-01-18,Low,159.1,4.1
340,10201,2025-11-08,Normal,44.2,3.3
341,10201,2026-01-26,Normal,25.6,3.4
342,10201,2026-08-19,Normal,45.3,3.0
343,10201,2025-11-01,Normal,25.3,2.5
344,10201,2026-05-03,Normal,39.4,3.8
345,10201,2025-09-03,Normal,28.9,3.5
346,10203,2026-05-24,High,12.5,4.5
347,10203,2026-02-27,Normal,60.2,3.7
348,10205,2026-04-13,Normal,19.6,5.0
349,10205,2026-07-30,High,15.8,3.5
350,10206,2026-04-15,Normal,24.7,5.0
351,10207,2026-06-09,Normal,33.0,3.9
352,10209,2025-07-26,Normal,50.4,3.0
353,10209,2025-09-09,Normal,33.0,3.7
354,10209,2026-06-15,Normal,28.6,4.9
355,10210,2026-06-23,Normal,35.7,2.8
356,10211,2026-05-17,Urgent,5.4,4.3
357,10211,2026-03-10,Normal,38.9,2.9
358,10215,2026-05-25,Normal,47.3,4.1
359,10217,2025-12-17,High,14.0,4.1
360,10217,2025-03-15,Urgent,7.2,4.9
361,10218,2025-05-25,Low,48.5,3.7
362,10218,2025-04-01,High,21.5,3.5
363,10218,2025-05-28,Low,47.9,3.5
364,10218,2025-03-13,Normal,67.1,3.3
365,10218,2026-03-17,Normal,33.5,3.7
366,10218,2025-03-14,Normal,60.6,3.6
367,10219,2026-03-18,Normal,40.5,3.0
368,10219,2026-02-07,Urgent,4.3,3.5
369,10220,2026-07-19,Normal,28.5,3.4
370,10222,2026-04-24,Normal,37.9,3.8
371,10222,2026-07-04,Normal,24.7,3.7
372,10224,2026-06-24,Normal,52.1,3.9
373,10224,2025-11-13,Normal,42.9,3.3
374,10224,2025-12-22,Normal,30.1,4.3
375,10224,2025-10-26,Low,42.6,3.5
376,10224,2025-05-11,Normal,42.0,4.4
377,10224,2026-03-15,Urgent,9.6,3.6
378,10226,2025-11-11,High,21.0,3.6
379,10226,2026-06-11,Normal,27.2,4.2
380,10228,2026-06-12,Low,142.9,3.5
381,10228,2026-04-04,Urgent,5.7,3.8
382,10228,2026-04-05,High,10.5,4.1
383,10229,2026-06-29,Normal,32.5,3.2
384,10229,2026-01-13,Low,79.2,3.7
385,10229,2026-06-16,Normal,25.2,5.0
386,10230,2025-11-26,High,17.8,4.1
387,10231,2026-08-19,Normal,44.0,2.8
388,10231,2026-03-20,High,28.7,3.0
389,10232,2026-07-23,Low,90.0,3.2
390,10233,2025-06-30,Normal,33.3,4.6
391,10233,2026-02-23,Normal,37.5,3.3
392,10233,2026-01-24,Normal,49.0,4.8
393,10234,2026-07-22,High,15.5,4.0
394,10234,2026-05-07,Normal,25.1,2.8
395,10235,2026-01-11,Normal,31.8,3.3
396,10235,2026-08-26,Normal,45.5,4.3
397,10235,2026-08-04,High,29.3,4.1
398,10236,2026-08-12,High,16.2,3.4
399,10236,2026-07-10,High,17.3,4.7
400,10236,2026-04-02,Low,64.6,3.0
401,10237,2026-02-27,Low,51.1,5.0
402,10238,2026-06-11,Normal,37.1,2.9
403,10238,2026-02-05,High,14.9,3.6
404,10239,2025-10-12,High,20.9,4.1
405,10239,2026-01-23,Normal,37.5,3.5
406,10239,2026-08-14,Low,63.0,3.3
407,10240,2026-08-13,Normal,36.8,2.3
408,10240,2026-01-23,Normal,39.2,4.7
409,10241,2025-11-03,Normal,45.7,4.5
410,10241,2026-05-13,High,14.1,3.0
411,10241,2026-01-01,Normal,44.7,2.7
412,10242,2026-05-17,Normal,27.2,3.7
413,10242,2026-04-02,Normal,30.5,3.5
414,10243,2025-06-27,High,22.3,4.3
415,10246,2025-06-17,Normal,46.7,3.0
416,10246,2025-11-09,Normal,61.1,3.0
417,10247,2026-07-19,High,21.6,4.3
418,10250,2026-01-07,High,15.2,3.5
419,10251,2026-03-26,Normal,52.5,3.0
420,10251,2025-10-05,High,19.1,3.0
421,10251,2025-11-06,Normal,19.7,3.8
422,10252,2026-01-05,High,14.3,4.7
423,10252,2026-03-19,High,17.5,4.4
424,10254,2025-11-25,Normal,35.8,3.2
425,10255,2026-07-15,High,16.1,3.7
426,10255,2026-07-22,Normal,40.0,4.2
427,10256,2025-04-24,Normal,37.1,2.9
428,10256,2026-03-11,Low,86.0,2.6
429,10256,2026-01-07,High,19.1,4.1
430,10256,2025-09-21,High,15.3,4.2
431,10258,2025-06-24,Normal,24.1,4.4
432,10260,2025-12-19,High,10.1,5.0
433,10260,2026-01-03,High,12.9,3.4
434,10260,2026-04-20,Normal,34.0,3.9
435,10260,2026-04-21,Normal,49.4,3.5
436,10261,2026-08-22,Low,165.4,4.0
437,10261,2026-07-05,Urgent,6.9,4.1
438,10262,2025-06-26,Normal,26.2,3.9
439,10262,2025-10-04,High,28.1,3.9
440,10263,2026-01-13,Normal,43.1,3.2
441,10263,2026-02-04,Normal,56.6,2.8
442,10263,2026-03-11,High,19.7,3.8
443,10263,2026-08-16,Normal,42.3,3.1
444,10263,2026-04-07,Normal,46.7,3.5
445,10266,2026-03-11,Urgent,4.4,3.7
446,10266,2026-01-28,High,30.4,2.3
447,10266,2026-01-30,Low,79.2,3.6
448,10267,2026-02-21,Low,104.5,3.4
449,10268,2026-03-07,Low,60.0,3.3
450,10269,2026-01-26,High,17.7,4.7
451,10270,2026-04-18,Low,101.4,3.8
452,10272,2025-04-07,High,20.9,4.0
453,10272,2025-09-18,Urgent,8.6,5.0
454,10272,2026-01-15,Normal,25.3,4.5
455,10273,2025-06-12,Low,171.9,3.6
456,10275,2025-09-20,High,15.1,5.0
457,10275,2026-06-10,High,22.0,3.5
458,10275,2025-11-24,Normal,27.9,4.2
459,10275,2026-07-29,Normal,43.5,3.4
460,10275,2026-03-18,Normal,31.9,4.4
461,10275,2026-08-24,Normal,19.8,3.5
462,10276,2025-12-16,Normal,46.5,3.5
463,10276,2026-04-20,Normal,37.5,3.3
464,10277,2025-11-18,Normal,43.1,2.7
465,10277,2026-08-08,High,24.1,4.3
466,10279,2025-04-03,Normal,40.7,4.2
467,10279,2025-02-15,Normal,41.6,4.1
468,10279,2025-10-16,Normal,40.3,3.6
469,10279,2025-05-10,Normal,73.4,3.4
470,10280,2025-05-22,Normal,28.7,4.2
471,10280,2025-11-29,Normal,36.5,3.6
472,10280,2025-07-28,Low,57.5,4.0
473,10281,2026-03-03,High,15.3,4.5
474,10281,2026-02-12,Low,84.9,3.0
475,10281,2026-04-25,Normal,81.8,3.4
476,10281,2025-08-19,Normal,49.6,3.7
477,10284,2026-02-24,Normal,58.2,2.9
478,10284,2026-02-20,High,19.5,4.5
479,10284,2025-12-22,Normal,33.0,4.2
480,10284,2026-03-17,Normal,26.0,4.9
481,10284,2026-02-14,Normal,57.8,3.8
482,10284,2025-11-22,Normal,25.2,5.0
483,10285,2026-07-24,High,11.2,4.1
484,10287,2025-10-20,High,13.9,4.2
485,10287,2026-01-30,Urgent,6.8,2.4
486,10287,2025-05-07,High,19.5,3.7
487,10288,2026-03-30,Normal,27.9,3.7
488,10290,2026-01-18,Low,50.8,3.6
489,10292,2025-12-14,Normal,38.1,2.8
490,10292,2025-07-10,Urgent,6.4,5.0
491,10292,2025-12-03,Normal,21.3,4.6
492,10292,2025-09-27,High,17.6,4.2
493,10292,2025-12-04,Normal,27.4,3.6
494,10294,2025-08-09,High,17.0,4.5
495,10294,2025-12-14,Urgent,4.9,5.0
496,10294,2025-11-22,Normal,102.4,3.2
497,10295,2025-11-28,High,15.7,3.6
498,10295,2026-05-18,Normal,42.0,3.2
499,10295,2026-05-22,Urgent,4.6,3.9
500,10296,2026-01-25,Normal,30.2,4.2
501,10296,2026-02-15,High,34.5,3.5
502,10297,2026-06-04,Normal,39.5,4.6
503,10297,2026-07-29,Normal,26.7,4.5
504,10300,2025-12-12,High,32.3,3.4
505,10300,2025-06-28,Normal,28.5,3.4
506,10300,2025-12-19,Normal,34.9,4.5
507,10300,2025-08-22,Normal,34.9,4.0
508,10300,2025-07-28,Low,46.0,2.7
509,10301,2026-07-05,Low,89.8,3.9
510,10301,2025-08-07,Normal,48.8,3.0
511,10301,2026-05-19,Normal,71.7,4.0
512,10301,2026-07-19,Low,64.3,3.4
513,10301,2025-08-07,Normal,61.5,4.2
514,10302,2026-07-31,Normal,39.1,3.4
515,10303,2025-09-05,High,14.7,4.4
516,10303,2025-09-01,Low,45.1,4.4
517,10307,2026-01-22,High,17.4,5.0
518,10307,2025-08-07,Low,74.1,3.1
519,10308,2026-04-23,Urgent,3.9,4.2
520,10308,2026-06-30,Normal,39.4,3.6
521,10308,2026-06-30,Low,57.3,3.9
522,10309,2025-10-02,Normal,35.2,2.9
523,10309,2025-08-24,High,17.8,4.1
524,10309,2026-03-21,High,26.5,3.1
525,10310,2025-07-09,Normal,34.2,4.0
526,10310,2026-01-07,High,17.1,3.3
527,10310,2025-11-07,High,16.1,4.1
528,10311,2026-06-22,High,6.8,5.0
529,10311,2026-03-21,Low,39.2,3.4
530,10311,2026-06-14,Normal,23.9,2.3
531,10312,2026-02-25,Normal,48.4,3.7
532,10313,2025-12-22,Low,85.9,3.3
533,10313,2025-05-21,High,8.2,4.5
534,10314,2025-07-08,Normal,42.1,3.9
535,10314,2025-12-28,Normal,43.7,3.6
536,10315,2026-06-28,Normal,54.7,2.8
537,10315,2026-02-01,Low,71.5,3.7
538,10316,2026-03-02,Normal,55.2,4.7
539,10316,2026-06-18,Urgent,4.7,3.1
540,10316,2026-03-27,Normal,18.8,3.4
541,10318,2026-07-19,High,13.7,3.2
542,10319,2026-08-25,High,22.1,4.9
543,10319,2026-07-29,Low,53.8,3.9
544,10320,2026-07-25,Normal,41.3,4.6
545,10320,2026-05-01,Normal,57.3,4.2
546,10321,2026-05-02,Low,47.6,2.9
547,10321,2025-12-15,Normal,40.0,4.3
548,10321,2026-07-25,Normal,37.0,3.2
549,10322,2025-10-24,Normal,23.2,4.7
550,10329,2025-10-11,Normal,60.1,2.5
551,10329,2026-03-05,High,44.5,4.3
552,10331,2026-04-05,High,18.3,3.4
553,10331,2026-02-09,High,10.7,3.2
554,10332,2026-06-14,High,12.5,3.7
555,10335,2026-01-22,Low,87.2,2.2
556,10335,2025-12-29,Normal,43.0,3.4
557,10335,2026-04-01,Normal,35.1,3.2
558,10338,2026-06-06,Normal,25.1,3.4
559,10339,2026-05-22,Normal,30.9,4.2
560,10339,2025-05-23,Low,44.0,2.5
561,10339,2025-09-05,Normal,37.5,3.9
562,10339,2026-01-09,High,21.6,3.5
563,10339,2026-02-26,Normal,47.4,4.4
564,10341,2026-07-16,High,15.2,3.6
565,10341,2026-04-29,High,7.3,5.0
566,10341,2026-05-02,Normal,43.9,3.5
567,10341,2026-06-11,Normal,28.6,4.2
568,10341,2026-04-17,High,13.0,5.0
569,10342,2026-03-04,Normal,32.6,4.0
570,10343,2026-06-16,Low,167.5,4.0
571,10343,2026-04-22,Normal,35.4,3.9
572,10343,2026-06-28,Normal,41.4,4.5
573,10344,2026-03-05,Normal,24.9,5.0
574,10344,2026-08-14,Normal,54.0,2.6
575,10344,2026-03-10,Low,97.7,4.4
576,10344,2026-01-11,High,19.2,3.2
577,10344,2026-06-19,High,18.5,5.0
578,10346,2026-02-14,Normal,36.7,4.4
579,10346,2026-05-17,Urgent,8.3,4.3
580,10346,2026-06-07,Normal,39.3,2.8
581,10346,2025-09-24,Normal,25.0,3.8
582,10346,2025-07-16,Normal,21.8,3.8
583,10348,2026-08-18,High,35.5,3.2
584,10349,2026-03-22,Normal,45.5,3.5
585,10349,2025-08-25,High,11.9,3.8
586,10350,2025-12-12,Normal,30.0,3.0
587,10350,2025-09-04,Normal,48.1,3.7
588,10350,2025-07-14,Low,52.6,3.5
589,10351,2025-12-04,High,18.3,4.3
590,10351,2025-11-25,Low,52.2,5.0
591,10352,2025-05-13,High,10.2,4.1
592,10352,2025-06-01,Low,85.4,4.2
593,10352,2025-08-22,High,13.8,3.5
594,10352,2026-03-15,High,27.4,3.4
595,10353,2026-02-13,Normal,52.7,3.0
596,10353,2025-12-27,High,13.5,4.8
597,10353,2025-12-09,Normal,44.0,3.6
598,10353,2026-04-04,High,18.0,3.7
599,10357,2025-07-09,Normal,61.9,3.6
600,10357,2026-02-05,High,15.7,4.7
601,10357,2025-11-12,Urgent,5.1,3.8
602,10359,2025-11-21,High,23.8,3.7
603,10359,2026-02-08,Normal,27.9,3.4
604,10360,2026-05-15,High,12.7,4.3
605,10360,2026-08-02,Normal,51.9,3.0
606,10360,2026-04-20,Normal,28.9,4.7
607,10360,2026-07-17,High,12.0,3.0
608,10363,2026-04-04,Normal,19.2,5.0
609,10363,2025-09-30,Normal,22.5,4.2
610,10363,2025-07-04,Low,99.6,3.4
611,10363,2026-06-07,Normal,42.3,2.5
612,10363,2026-02-04,Normal,45.0,3.1
613,10363,2025-08-17,Normal,27.2,4.4
614,10365,2025-10-11,High,25.0,5.0
615,10365,2026-03-20,Normal,27.4,3.7
616,10365,2026-04-04,Normal,31.5,3.7
617,10367,2026-05-30,Normal,31.2,2.2
618,10367,2026-04-10,Normal,75.0,3.5
619,10368,2026-01-01,High,20.8,4.7
620,10369,2025-07-08,Normal,82.3,4.1
621,10369,2025-07-15,Normal,31.4,5.0
622,10369,2025-06-25,High,24.6,4.4
623,10369,2025-02-21,Low,93.2,3.5
624,10372,2026-02-14,Normal,17.6,5.0
625,10372,2026-06-06,High,13.3,5.0
626,10373,2025-10-29,Normal,45.8,4.2
627,10373,2026-05-21,Normal,96.1,2.3
628,10374,2025-09-23,High,34.0,3.9
629,10374,2025-10-21,Normal,73.5,4.1
630,10376,2026-03-11,Urgent,3.6,3.5
631,10376,2025-05-20,Normal,22.7,4.7
632,10376,2025-05-12,High,18.6,3.1
633,10377,2026-07-20,High,8.8,4.6
634,10377,2026-07-01,Normal,24.5,4.0
635,10379,2025-10-07,Normal,22.1,4.7
636,10379,2026-01-31,Normal,53.2,2.2
637,10380,2026-06-07,High,10.6,4.0
638,10380,2025-08-21,Normal,60.0,4.0
639,10380,2026-07-06,High,22.8,3.9
640,10381,2025-06-11,Normal,43.4,2.9
641,10381,2025-08-12,Normal,49.7,3.0
642,10381,2025-07-12,Low,80.6,3.1
643,10381,2025-04-25,Normal,28.4,4.2
644,10381,2025-06-23,High,22.4,4.0
645,10384,2026-06-07,Low,46.6,4.4
646,10385,2025-06-26,Low,89.4,4.0
647,10386,2026-03-25,High,19.9,4.6
648,10386,2025-12-05,Normal,31.3,4.5
649,10387,2025-03-12,High,17.5,3.8
650,10387,2025-06-22,High,8.0,4.1
651,10389,2026-08-13,Low,86.9,2.8
652,10390,2025-11-21,Low,61.7,3.2
653,10390,2026-01-04,High,23.2,5.0
654,10390,2026-04-25,Normal,43.5,3.3
655,10390,2026-03-03,Normal,39.6,4.8
656,10391,2026-07-03,High,8.7,5.0
657,10392,2025-09-09,Low,86.4,4.1
658,10393,2026-04-09,Low,125.7,3.8
659,10394,2026-08-23,High,21.8,4.3
660,10394,2026-02-11,Normal,24.7,3.7
661,10395,2026-06-25,High,14.4,3.9
662,10397,2025-09-13,High,19.6,3.7
663,10397,2025-03-17,Low,81.8,4.1
664,10397,2025-12-06,Normal,26.5,3.9
665,10397,2025-05-25,Normal,35.2,3.4
666,10397,2025-04-09,High,13.4,4.3
667,10398,2025-09-01,Normal,37.4,3.5
668,10398,2026-04-27,High,10.6,3.5
669,10399,2026-08-01,High,9.9,4.2
670,10399,2025-08-15,Normal,28.5,5.0
671,10399,2025-11-05,High,28.2,3.7
672,10399,2026-06-28,Normal,30.4,3.9
673,10399,2025-10-02,High,15.1,3.7
674,10399,2025-12-19,High,10.3,4.0
675,10400,2025-12-20,Normal,29.3,3.6
676,10400,2025-11-01,Normal,34.7,3.0
677,10400,2026-04-15,Low,76.4,3.3
678,10405,2026-04-07,Normal,69.1,3.9
679,10406,2026-05-21,Normal,27.8,3.0
680,10407,2026-03-29,Normal,50.0,3.0
681,10407,2026-04-07,Low,186.8,3.6
682,10407,2026-02-11,Normal,86.5,3.6
683,10410,2025-09-17,High,11.6,4.4
684,10410,2025-02-01,High,13.6,4.3
685,10411,2025-09-26,Normal,25.4,3.9
686,10412,2025-09-23,High,8.2,4.4
687,10412,2025-12-19,High,12.1,3.9
688,10412,2025-07-13,High,19.0,4.3
689,10412,2026-02-17,Normal,52.1,3.4
690,10412,2026-01-15,Low,57.2,3.6
691,10412,2026-01-21,Normal,36.3,4.5
692,10412,2025-07-21,Normal,40.5,3.9
693,10412,2025-10-17,Normal,25.5,5.0
694,10413,2026-01-09,High,27.6,3.8
695,10413,2025-07-13,Urgent,6.5,3.9
696,10414,2026-02-15,Normal,32.9,2.3
697,10414,2025-08-09,Normal,49.2,3.6
698,10414,2025-05-21,High,14.5,3.7
699,10414,2025-09-26,Normal,35.2,2.7
700,10414,2025-05-02,Urgent,4.2,3.6
701,10415,2025-01-27,Normal,22.5,4.8
702,10418,2026-03-06,Normal,18.5,4.8
703,10418,2026-03-31,Normal,43.0,3.6
704,10418,2026-02-08,Normal,19.5,4.4
705,10418,2025-05-16,Normal,48.1,3.1
706,10418,2025-06-21,Normal,35.7,2.6
707,10418,2025-12-20,Low,69.2,4.4
708,10418,2025-05-25,Low,97.3,3.3
709,10418,2026-04-29,High,13.1,3.8
710,10418,2025-08-26,Normal,35.2,3.3
711,10418,2025-03-24,Urgent,5.7,4.1
712,10419,2026-03-23,High,9.4,3.2
713,10419,2026-03-02,Normal,35.6,2.8
714,10419,2026-02-27,Normal,24.2,4.9
715,10420,2026-05-08,Normal,37.0,3.8
716,10420,2026-07-02,Normal,33.2,3.8
717,10420,2026-08-03,High,21.8,4.0
718,10425,2026-03-27,Normal,44.6,4.0
719,10425,2025-10-13,Normal,24.5,3.2
720,10425,2025-11-29,Normal,28.9,4.0
721,10425,2025-12-01,High,18.3,2.7
722,10425,2026-07-10,Normal,23.3,4.8
723,10425,2026-06-19,Normal,53.5,3.7
724,10425,2025-10-28,Normal,49.8,3.8
725,10425,2025-10-31,High,21.4,3.8
726,10426,2025-12-13,Normal,35.9,3.4
727,10429,2025-07-20,Low,65.7,3.6
728,10429,2025-11-20,High,10.0,3.4
729,10429,2025-05-17,Normal,90.8,3.0
730,10430,2026-03-10,Low,60.3,3.3
731,10431,2025-10-22,Low,35.9,3.7
732,10431,2025-09-29,Normal,41.3,3.4
733,10434,2025-10-03,Normal,30.8,3.9
734,10434,2025-09-17,Normal,39.7,2.2
735,10434,2025-10-25,Normal,38.1,3.6
736,10434,2025-08-19,Normal,60.0,3.7
737,10434,2025-08-30,High,15.9,4.0
738,10435,2026-06-10,High,17.5,4.6
739,10435,2026-03-03,Normal,42.9,3.4
740,10436,2025-10-04,Urgent,6.3,3.9
741,10436,2026-03-18,Normal,45.5,3.8
742,10437,2026-01-16,Normal,62.6,3.4
743,10438,2026-07-14,Low,92.0,3.7
744,10439,2026-03-13,Low,146.8,2.4
745,10439,2026-04-13,High,27.7,4.0
746,10439,2025-06-29,Normal,59.7,4.2
747,10439,2025-03-21,Low,42.8,2.9
748,10440,2026-01-25,Low,95.7,2.3
749,10440,2025-12-22,Normal,49.2,3.8
750,10440,2025-08-28,Urgent,5.4,3.9
751,10440,2026-05-14,High,22.3,4.2
752,10442,2026-03-05,Low,117.0,3.9
753,10442,2025-12-01,High,30.6,3.7
754,10444,2026-02-15,Normal,32.2,2.9
755,10445,2025-12-10,Low,87.0,2.6
756,10445,2025-12-26,Normal,19.4,4.4
757,10445,2026-01-17,Normal,15.4,3.8
758,10445,2026-03-07,Normal,61.5,3.4
759,10446,2026-05-31,Normal,48.6,2.6
760,10447,2025-11-19,Normal,65.9,4.7
761,10449,2026-02-25,High,30.3,4.0
762,10449,2026-04-28,Normal,16.2,3.4
763,10450,2026-01-11,High,10.0,4.9
764,10450,2026-04-19,Normal,26.2,3.8
765,10450,2025-10-09,Normal,40.3,4.0
766,10454,2025-02-20,Low,123.9,4.0
767,10454,2025-05-01,Low,37.5,4.1
768,10454,2025-08-12,High,19.4,3.8
769,10454,2025-05-24,Low,107.2,2.4
770,10456,2026-08-04,Low,70.0,3.3
771,10458,2026-04-24,Normal,21.6,3.6
772,10460,2026-04-23,Normal,30.6,3.5
773,10460,2025-12-06,Normal,59.8,3.4
774,10460,2026-04-16,Normal,27.1,3.2
775,10460,2026-01-19,Normal,28.2,5.0
776,10460,2025-08-15,Low,49.5,3.7
777,10460,2026-03-31,Normal,38.0,4.5
778,10460,2026-03-20,High,13.6,3.3
779,10462,2025-10-09,High,19.4,3.8
780,10462,2026-03-03,High,17.2,3.5
781,10462,2025-11-15,High,18.4,4.4
782,10463,2026-04-24,Normal,85.6,2.7
783,10463,2026-05-30,Normal,31.9,3.4
784,10464,2026-08-12,Low,209.5,4.1
785,10465,2026-02-21,Normal,40.0,2.9
786,10465,2025-03-15,High,12.9,4.3
787,10467,2025-11-29,Normal,28.5,3.6
788,10468,2026-01-08,Low,77.7,4.9
789,10468,2025-12-28,Low,59.6,3.8
790,10469,2025-12-17,High,22.1,4.6
791,10471,2026-06-27,Normal,24.8,3.2
792,10471,2026-06-12,Normal,37.3,3.0
793,10472,2026-07-28,Low,60.4,2.9
794,10472,2026-05-13,Normal,57.7,3.5
795,10473,2026-01-15,Urgent,9.1,5.0
796,10473,2026-07-23,Normal,48.6,2.8
797,10473,2026-02-19,Normal,70.0,4.5
798,10473,2025-10-02,Normal,21.6,4.5
799,10474,2025-10-22,Normal,66.9,3.4
800,10474,2026-07-16,High,20.2,2.8
801,10475,2026-08-24,High,15.2,3.6
802,10475,2026-01-26,Normal,32.3,3.3
803,10476,2026-07-08,Normal,41.6,2.4
804,10478,2025-02-11,Normal,20.4,3.9
805,10478,2026-02-19,Normal,51.0,2.4
806,10478,2025-07-16,Normal,60.9,3.8
807,10478,2025-02-08,Normal,42.2,4.1
808,10480,2025-08-27,Low,61.2,3.1
809,10480,2025-03-12,Low,69.5,3.5
810,10480,2025-06-25,Normal,24.8,3.0
811,10481,2026-01-20,Normal,27.2,4.4
812,10484,2026-08-17,Normal,32.8,3.5
813,10484,2026-05-01,High,15.7,3.8
814,10485,2026-07-01,High,19.0,3.4
815,10485,2026-06-24,Normal,30.2,3.7
816,10486,2026-02-17,Urgent,4.5,3.9
817,10486,2026-04-05,Normal,47.7,3.6
818,10486,2026-07-10,High,22.5,3.6
819,10487,2026-01-22,Normal,45.7,3.2
820,10487,2026-02-02,Normal,37.5,3.4
821,10489,2026-08-13,High,22.4,4.0
822,10493,2026-05-25,Normal,47.0,3.5
823,10494,2026-08-16,Normal,34.6,3.4
824,10497,2026-04-02,Normal,33.3,3.5
825,10497,2025-08-01,High,23.7,3.7
826,10498,2025-11-19,Low,111.5,3.5
827,10498,2026-03-18,Normal,26.0,4.1
828,10498,2026-03-16,High,11.6,4.8
829,10499,2026-07-27,Normal,41.2,4.4
830,10501,2025-04-06,High,12.2,4.4
831,10502,2026-06-07,Low,86.1,3.0
832,10504,2026-06-06,High,11.7,3.6
833,10505,2025-06-23,Low,73.3,3.7
834,10505,2026-02-05,Normal,43.8,3.3
835,10505,2025-12-22,Normal,57.2,4.1
836,10508,2025-06-03,Urgent,5.8,3.9
837,10508,2025-08-03,Normal,28.1,4.2
838,10509,2025-09-09,High,25.8,2.7
839,10509,2026-07-13,Normal,26.5,3.4
840,10510,2026-01-19,High,17.6,4.3
841,10510,2026-05-27,Urgent,11.5,3.6
842,10510,2026-04-16,Normal,34.1,4.1
843,10513,2026-07-07,Normal,31.2,3.8
844,10514,2026-08-05,Normal,35.6,5.0
845,10514,2026-07-30,Normal,24.7,4.2
846,10516,2025-08-19,Normal,53.0,3.2
847,10516,2025-06-22,Normal,18.0,3.9
848,10518,2025-09-04,High,20.7,3.3
849,10518,2025-08-02,Urgent,11.3,4.3
850,10518,2025-10-28,High,15.7,4.2
851,10518,2025-05-28,High,22.6,3.4
852,10519,2026-05-16,Normal,26.8,4.3
853,10519,2026-02-12,High,9.0,4.7
854,10519,2026-03-05,Normal,34.4,3.6
855,10519,2026-01-04,High,17.4,5.0
856,10521,2026-04-22,Low,120.0,3.8
857,10522,2025-04-07,Normal,34.9,3.8
858,10522,2025-08-24,Normal,53.8,2.2
859,10522,2025-09-18,Urgent,4.5,3.0
860,10522,2025-05-25,Low,101.3,3.4
861,10522,2026-01-22,Low,63.0,2.9
862,10522,2026-05-04,High,10.5,5.0
863,10522,2026-01-06,High,12.3,4.3
864,10522,2025-12-30,High,14.2,4.7
865,10523,2025-11-01,Low,77.4,3.0
866,10523,2026-02-10,Normal,19.8,3.9
867,10525,2026-06-06,Normal,53.2,4.3
868,10526,2025-09-27,High,16.9,4.6
869,10526,2026-03-27,Low,79.4,3.7
870,10528,2026-03-07,Low,97.0,3.9
871,10528,2025-05-21,High,17.6,4.1
872,10528,2025-10-11,Low,46.2,2.8
873,10531,2026-02-22,High,19.2,3.6
874,10533,2026-02-15,Normal,27.8,3.7
875,10534,2025-10-19,Normal,27.0,4.3
876,10534,2025-11-22,Normal,31.4,5.0
877,10535,2026-06-04,Normal,31.4,3.7
878,10536,2025-08-15,Normal,53.7,3.3
879,10539,2026-05-05,Normal,52.2,3.4
880,10540,2026-02-12,Normal,29.9,3.4
881,10540,2025-10-11,Normal,18.5,3.7
882,10540,2025-11-14,Normal,34.8,3.3
883,10541,2026-03-24,Normal,48.4,3.1
884,10541,2026-06-03,Normal,62.5,4.3
885,10542,2026-03-26,Normal,43.3,2.5
886,10542,2025-04-19,Low,58.8,2.4
887,10542,2025-08-05,Normal,19.9,3.3
888,10543,2026-01-09,High,11.0,4.5
889,10543,2025-12-09,High,18.6,2.6
890,10547,2026-04-24,Low,50.8,4.1
891,10548,2026-02-03,Normal,37.2,3.7
892,10548,2025-12-29,Normal,27.4,3.7
893,10548,2026-03-01,Low,51.0,3.6
894,10549,2026-01-28,High,17.6,3.9
895,10549,2026-05-16,Low,129.4,3.9
896,10552,2026-02-20,Normal,44.7,3.1
897,10554,2025-11-19,Low,89.0,3.6
898,10556,2026-03-16,Normal,77.4,3.4
899,10556,2025-11-02,Normal,27.2,4.6
900,10557,2026-07-12,Urgent,7.5,3.7
901,10557,2026-05-01,High,12.3,3.4
902,10559,2026-06-04,Normal,39.4,3.9
903,10562,2025-06-28,Normal,40.1,2.9
904,10562,2025-11-06,Normal,34.0,2.3
905,10562,2026-01-23,Low,72.4,3.3
906,10563,2025-11-11,Normal,28.7,4.2
907,10563,2026-04-16,Normal,31.9,4.9
908,10564,2025-05-16,Normal,39.2,3.1
909,10564,2025-08-30,High,14.4,4.4
910,10566,2025-09-29,Normal,37.9,3.6
911,10566,2025-11-24,High,18.5,4.6
912,10566,2026-05-29,Normal,43.1,3.5
913,10566,2026-02-08,Normal,30.9,3.2
914,10567,2025-11-14,Urgent,5.2,4.3
915,10568,2026-03-31,Normal,50.4,3.5
916,10569,2026-02-27,Normal,41.0,4.4
917,10569,2026-03-15,High,17.6,3.1
918,10569,2026-05-27,Low,42.7,2.7
919,10570,2026-05-11,High,10.8,3.7
920,10570,2026-06-21,Normal,50.1,2.5
921,10572,2026-03-23,Normal,35.4,3.8
922,10573,2025-11-07,Normal,40.0,3.0
923,10574,2025-07-30,Low,51.5,2.2
924,10576,2025-09-08,Low,87.2,3.4
925,10577,2026-08-17,Low,96.5,4.2
926,10578,2026-06-02,High,11.2,3.3
927,10578,2026-06-28,Normal,63.1,4.3
928,10578,2026-05-12,Urgent,12.0,3.8
929,10580,2025-04-29,Normal,23.3,4.3
930,10580,2025-04-02,High,16.6,3.1
931,10581,2025-06-30,Low,39.4,3.6
932,10581,2025-06-21,High,22.1,3.5
933,10581,2025-11-25,Normal,25.8,4.9
934,10582,2026-06-17,Normal,31.8,4.7
935,10583,2025-06-03,Urgent,7.5,2.8
936,10584,2025-09-06,High,22.5,4.9
937,10585,2026-03-30,Urgent,3.0,2.6
938,10587,2026-03-02,High,12.2,4.2
939,10587,2026-04-11,Normal,26.6,4.0
940,10588,2026-01-25,Normal,33.9,4.3
941,10588,2025-03-18,Normal,73.0,3.0
942,10591,2026-05-24,Urgent,5.1,3.3
943,10595,2025-08-08,Normal,36.2,3.8
944,10595,2025-11-13,Urgent,15.3,4.3
945,10597,2026-02-04,High,14.7,3.8
946,10597,2026-05-19,High,20.4,4.1
947,10597,2026-04-07,Normal,47.9,3.8
948,10602,2026-06-22,High,17.8,3.5
949,10602,2026-06-03,Normal,42.0,3.2
950,10604,2026-01-07,Normal,23.5,4.6
951,10605,2026-07-11,High,28.8,3.1
952,10606,2026-05-21,Urgent,6.8,3.6
953,10607,2025-08-01,Normal,38.1,3.4
954,10608,2026-06-14,High,7.2,4.4
955,10612,2025-12-22,Low,54.1,3.7
956,10612,2026-01-11,Normal,29.8,4.6
957,10612,2026-02-20,High,14.8,3.1
958,10612,2025-10-05,Normal,49.7,4.1
959,10613,2026-07-11,Normal,30.7,3.6
960,10614,2026-07-21,Low,97.2,4.1
961,10615,2026-08-12,Low,123.5,3.8
962,10615,2026-08-02,Normal,35.0,3.2
963,10615,2026-08-26,High,17.4,4.4
964,10615,2026-05-13,High,26.2,4.3
965,10616,2026-08-11,Normal,22.3,4.2
966,10617,2025-08-30,High,20.1,3.2
967,10617,2025-08-19,High,17.6,3.9
968,10618,2025-07-30,Normal,31.9,3.6
969,10618,2025-06-22,Low,50.9,3.5
970,10618,2025-07-31,High,15.4,4.1
971,10619,2026-02-25,High,11.2,3.4
972,10619,2025-09-04,Normal,31.9,3.7
973,10620,2025-08-09,Urgent,5.0,4.3
974,10623,2025-11-17,Low,64.2,2.8
975,10624,2026-06-24,Normal,51.8,3.9
976,10625,2026-04-10,Normal,52.0,2.9
977,10626,2026-01-17,Low,63.7,3.3
978,10626,2025-06-27,High,24.5,3.6
979,10626,2026-06-08,High,10.9,3.9
980,10626,2025-06-07,Normal,43.8,3.4
981,10626,2026-04-01,High,24.6,3.7
982,10628,2025-11-25,Normal,62.0,2.7
983,10628,2025-08-28,Normal,32.4,4.0
984,10629,2026-04-25,Normal,54.1,2.6
985,10629,2026-07-31,Normal,26.3,4.5
986,10630,2026-07-18,Urgent,6.2,3.0
987,10630,2025-12-03,Normal,20.7,4.4
988,10630,2026-02-11,Normal,35.7,3.4
989,10631,2026-04-28,Low,71.3,4.7
990,10632,2026-08-20,Low,51.4,3.7
991,10632,2025-10-09,Low,64.2,2.3
992,10632,2026-01-04,High,17.6,3.6
993,10632,2026-04-01,High,14.0,3.5
994,10632,2026-06-01,High,13.8,4.4
995,10633,2025-12-13,Normal,50.8,3.8
996,10634,2026-08-05,Urgent,5.8,4.2
997,10634,2026-04-10,High,24.8,4.8
998,10634,2026-01-02,Normal,76.9,3.5
999,10634,2026-04-20,Urgent,5.1,3.2
1000,10635,2025-05-24,Normal,20.0,4.7
1001,10637,2026-03-22,Low,58.5,3.8
1002,10637,2025-12-15,Normal,32.4,5.0
1003,10637,2025-08-13,Normal,23.1,3.7
1004,10637,2026-04-07,Normal,40.1,3.1
1005,10637,2025-07-31,Normal,37.1,3.2
1006,10638,2025-07-09,Normal,56.5,3.6
1007,10638,2026-01-28,Low,109.1,2.3
1008,10638,2025-08-09,Urgent,10.1,4.1
1009,10641,2026-07-08,High,24.6,3.8
1010,10641,2026-04-20,Normal,56.2,4.1
1011,10641,2026-04-02,Low,77.4,3.0
1012,10643,2026-06-29,Normal,28.6,4.5
1013,10643,2026-08-07,Normal,31.2,3.4
1014,10644,2026-08-26,High,17.5,3.1
1015,10645,2026-07-04,Normal,23.3,5.0
1016,10645,2026-04-23,Normal,32.6,2.5
1017,10647,2026-02-17,Low,46.8,3.1
1018,10648,2026-08-10,Low,60.4,4.6
1019,10648,2026-07-29,Low,127.4,2.7
1020,10651,2026-05-15,High,21.2,2.7
1021,10651,2025-11-23,High,8.4,3.4
1022,10652,2026-06-09,High,9.9,4.1
1023,10655,2026-02-18,High,15.8,3.4
1024,10656,2026-01-30,High,16.4,4.8
1025,10656,2026-06-08,Urgent,4.6,4.3
1026,10656,2025-12-25,Urgent,11.0,3.8
1027,10658,2026-08-09,Low,101.3,2.3
1028,10661,2026-04-02,High,26.0,4.3
1029,10661,2025-10-22,Normal,60.5,3.3
1030,10661,2025-11-18,Low,34.1,4.3
1031,10661,2026-04-20,Normal,15.7,4.6
1032,10661,2025-10-12,Low,73.9,2.7
1033,10661,2025-11-21,Normal,26.3,3.3
1034,10661,2025-06-10,Normal,60.8,3.3
1035,10663,2025-02-22,High,13.8,3.9
1036,10663,2025-04-18,Normal,34.6,3.3
1037,10664,2026-01-06,Normal,39.1,2.9
1038,10665,2026-03-20,Normal,35.3,3.9
1039,10666,2026-07-25,High,14.4,3.0
1040,10666,2026-06-29,Normal,45.0,4.9
1041,10667,2026-01-14,Normal,40.8,3.1
1042,10669,2026-08-21,Low,49.8,2.8
1043,10669,2026-08-04,Normal,34.5,3.3
1044,10670,2026-02-11,High,17.8,3.4
1045,10670,2026-01-01,Low,57.2,2.8
1046,10671,2026-07-28,Normal,36.6,4.0
1047,10673,2026-07-12,Low,120.3,2.6
1048,10673,2026-04-15,Urgent,6.0,4.8
1049,10673,2026-06-09,Low,123.0,3.3
1050,10673,2026-03-01,High,13.2,4.4
1051,10674,2026-03-31,High,24.7,3.8
1052,10675,2026-08-08,Normal,41.5,4.1
1053,10675,2026-06-18,High,9.9,5.0
1054,10675,2026-08-19,Normal,49.1,4.4
1055,10676,2026-08-09,Normal,31.9,3.7
1056,10677,2026-08-19,Normal,21.1,4.1
1057,10677,2026-08-01,Low,45.9,3.4
1058,10677,2026-02-24,High,13.0,3.7
1059,10677,2026-04-05,Low,69.7,2.3
1060,10678,2025-08-07,Normal,37.4,3.2
1061,10679,2026-05-04,Normal,36.8,2.8
1062,10679,2026-04-12,Normal,44.0,4.4
1063,10679,2026-03-05,High,12.1,3.9
1064,10679,2026-03-11,Normal,42.5,3.2
1065,10681,2026-05-18,High,20.4,3.7
1066,10682,2026-04-22,Normal,30.8,2.9
1067,10682,2025-10-21,Normal,22.6,4.1
1068,10684,2026-08-20,Normal,43.4,2.9
1069,10687,2026-02-18,High,22.6,3.6
1070,10688,2026-06-03,Normal,29.3,4.3
1071,10688,2026-04-02,High,15.1,4.4
1072,10689,2026-03-29,Low,63.7,3.1
1073,10689,2025-12-28,Urgent,5.8,3.2
1074,10689,2025-11-16,High,26.2,4.0
1075,10689,2026-02-05,Low,50.3,4.7
1076,10689,2026-04-10,High,16.1,3.5
1077,10690,2026-04-17,Low,61.1,3.6
1078,10690,2026-05-25,Normal,36.0,3.2
1079,10692,2026-06-21,Low,65.8,4.5
1080,10692,2026-07-05,Normal,19.1,5.0
1081,10692,2026-07-31,Normal,36.1,4.3
1082,10692,2026-06-02,Normal,57.3,4.3
1083,10695,2026-02-19,Low,54.0,3.1
1084,10695,2026-03-17,Normal,19.9,3.9
1085,10695,2025-08-20,Low,56.0,3.2
1086,10696,2026-07-16,Normal,43.1,4.2
1087,10696,2025-06-23,High,31.0,3.1
1088,10696,2026-01-12,High,18.0,4.0
1089,10696,2026-06-03,Low,124.7,4.0
1090,10696,2025-06-12,Normal,26.6,3.6
1091,10697,2026-05-25,Normal,39.5,3.3
1092,10697,2026-03-13,High,16.7,3.3
1093,10699,2025-07-26,Urgent,6.1,3.9
1094,10699,2025-09-04,High,15.7,4.5
1095,10699,2025-04-05,Low,57.9,2.6
1096,10699,2025-06-26,Normal,26.2,5.0
1097,10699,2026-02-14,High,8.9,4.4
1098,10699,2025-05-03,Normal,22.7,5.0
1099,10701,2026-03-31,Normal,32.3,4.2
1100,10701,2025-12-27,Normal,32.1,3.1
1101,10701,2026-04-21,High,14.5,4.1
1102,10702,2026-08-09,Normal,37.9,3.9
1103,10702,2026-08-20,Normal,53.3,4.2
1104,10702,2026-04-22,Normal,36.5,2.3
1105,10702,2026-03-08,Low,50.2,3.6
1106,10704,2025-05-12,Normal,34.5,3.0
1107,10704,2026-03-13,Normal,47.5,2.5
1108,10704,2025-05-14,Normal,37.8,3.8
1109,10704,2025-07-20,Normal,31.4,3.3
1110,10706,2026-07-05,High,18.3,4.4
1111,10708,2026-06-06,Normal,34.1,2.8
1112,10708,2026-01-02,Normal,77.9,2.1
1113,10708,2026-08-03,Normal,58.3,4.0
1114,10709,2026-07-21,Normal,27.4,4.3
1115,10710,2026-08-20,Normal,71.6,3.2
1116,10710,2026-02-11,Urgent,4.2,4.1
1117,10711,2026-06-30,High,19.2,3.8
1118,10711,2026-04-25,Normal,67.3,3.9
1119,10711,2026-05-11,Low,58.1,3.7
1120,10711,2026-03-03,High,19.7,4.6
1121,10713,2026-04-29,Normal,27.6,4.8
1122,10713,2026-05-08,Normal,39.5,4.6
1123,10713,2026-04-24,Normal,25.7,2.8
1124,10714,2026-06-26,Normal,39.9,4.4
1125,10718,2026-08-08,Normal,50.2,3.4
1126,10719,2025-08-26,High,13.2,3.3
1127,10719,2025-06-27,High,10.8,4.1
1128,10719,2026-02-06,High,13.4,4.0
1129,10719,2025-08-16,High,15.8,2.8
1130,10719,2026-04-23,High,9.9,3.4
1131,10719,2026-01-13,Urgent,6.2,3.0
1132,10719,2026-01-26,High,14.8,3.9
1133,10720,2026-07-21,Normal,18.9,2.8
1134,10721,2025-06-15,High,22.4,3.5
1135,10721,2025-09-26,Normal,32.4,3.9
1136,10721,2026-03-29,Normal,29.4,4.8
1137,10723,2026-07-08,Normal,43.6,4.0
1138,10723,2026-08-26,Low,59.2,2.9
1139,10724,2026-02-23,Low,75.6,3.9
1140,10724,2025-09-03,Normal,25.2,4.2
1141,10724,2025-08-20,Normal,45.3,4.3
1142,10724,2025-07-03,High,19.3,3.7
1143,10724,2025-10-30,Normal,31.7,3.8
1144,10724,2025-05-13,Normal,70.7,3.6
1145,10725,2026-08-10,High,13.7,4.3
1146,10725,2026-08-26,Urgent,6.4,4.1
1147,10726,2025-08-17,Normal,35.0,3.3
1148,10728,2026-03-21,High,24.3,4.5
1149,10728,2025-08-28,Normal,55.7,3.5
1150,10728,2026-02-23,Normal,35.2,3.2
1151,10728,2026-01-28,Normal,49.9,2.5
1152,10729,2025-10-24,Low,70.2,3.3
1153,10729,2026-08-22,Normal,29.2,4.3
1154,10730,2026-05-17,Normal,31.3,2.5
1155,10730,2026-04-28,Urgent,16.9,3.7
1156,10730,2026-08-01,Urgent,5.8,4.1
1157,10732,2026-07-09,Low,40.6,4.1
1158,10732,2026-01-29,High,21.1,4.9
1159,10734,2026-07-31,Normal,24.0,2.8
1160,10735,2025-06-21,High,19.4,4.4
1161,10735,2026-05-22,Normal,21.9,4.8
1162,10735,2025-12-13,Low,85.1,3.6
1163,10735,2026-02-28,Low,91.9,3.0
1164,10735,2025-05-17,Normal,27.8,4.1
1165,10739,2026-05-17,Normal,22.4,4.5
1166,10744,2026-03-23,Urgent,9.0,4.8
1167,10746,2025-12-03,Normal,30.1,4.0
1168,10746,2026-05-16,High,17.3,3.9
1169,10746,2025-09-22,Normal,22.6,3.9
1170,10746,2026-07-14,Normal,28.9,3.6
1171,10747,2026-06-11,Normal,58.8,3.8
1172,10747,2026-01-17,High,6.4,4.4
1173,10748,2025-12-01,Normal,27.0,3.9
1174,10748,2026-07-08,High,12.3,4.9
1175,10748,2026-01-15,Normal,29.8,4.6
1176,10748,2025-11-27,Normal,56.9,3.3
1177,10748,2026-03-09,High,32.5,2.8
1178,10748,2026-03-29,High,11.4,4.3
1179,10748,2026-02-04,Urgent,6.2,4.2
1180,10748,2025-09-03,Normal,37.6,3.6
1181,10749,2025-11-30,High,21.4,4.8
1182,10749,2026-04-10,Normal,43.5,3.8
1183,10749,2026-06-29,Normal,21.4,3.9
1184,10749,2025-10-29,Low,107.1,4.2
1185,10750,2025-09-24,Low,61.3,3.2
1186,10750,2026-03-10,Low,101.1,3.8
1187,10752,2025-11-29,Low,102.4,3.4
1188,10753,2025-07-12,High,26.6,4.5
1189,10753,2026-01-16,Normal,52.9,4.6
1190,10753,2025-07-31,Normal,30.3,3.7
1191,10753,2025-05-31,Normal,48.7,3.7
1192,10753,2025-12-07,Normal,25.6,3.0
1193,10753,2025-10-07,Normal,19.2,3.6
1194,10755,2026-07-18,Normal,47.6,2.5
1195,10756,2026-06-02,Urgent,7.1,4.4
1196,10756,2025-11-27,Normal,76.4,3.7
1197,10756,2026-07-21,High,11.9,3.9
1198,10757,2026-05-10,Normal,52.8,3.1
1199,10757,2026-07-28,Urgent,3.9,3.8
1200,10758,2026-05-29,Normal,21.7,3.5
1201,10758,2025-11-29,Normal,38.3,3.4
1202,10758,2026-08-02,Normal,30.1,4.3
1203,10759,2026-01-10,Normal,25.7,4.9
1204,10759,2025-03-20,Normal,54.8,2.8
1205,10760,2026-03-17,Normal,29.4,4.8
1206,10761,2026-03-22,Urgent,3.4,3.1
1207,10761,2026-05-17,Normal,30.9,4.3
1208,10761,2025-05-31,Normal,27.0,4.3
1209,10761,2025-10-24,Normal,37.8,3.5
1210,10761,2025-08-05,High,10.9,3.5
1211,10762,2026-03-15,Low,62.5,3.7
1212,10765,2026-07-26,Low,69.6,3.5
1213,10765,2026-05-13,Low,79.2,4.0
1214,10766,2026-08-24,Urgent,2.7,3.5
1215,10766,2026-08-19,Normal,26.6,4.4
1216,10767,2026-07-04,High,13.3,4.2
1217,10767,2026-03-14,Normal,29.2,3.4
1218,10768,2026-06-29,Normal,34.2,3.5
1219,10768,2025-12-09,High,18.2,3.9
1220,10768,2025-10-30,Urgent,3.9,3.2
1221,10768,2026-01-20,Normal,20.6,3.3
1222,10769,2026-04-30,Normal,33.7,3.6
1223,10769,2026-04-16,High,13.2,4.3
1224,10769,2026-05-10,High,16.3,3.6
1225,10769,2026-04-18,High,15.1,4.1
1226,10769,2025-05-03,Low,53.8,3.4
1227,10770,2026-04-02,Normal,30.3,4.3
1228,10770,2026-08-07,High,17.6,4.8
1229,10770,2025-09-24,Low,52.2,3.5
1230,10772,2026-08-19,High,18.9,3.7
1231,10773,2025-03-07,High,13.7,4.0
1232,10774,2026-05-02,Normal,43.3,3.4
1233,10776,2026-08-16,Normal,26.0,4.6
1234,10778,2025-09-19,Normal,33.3,3.3
1235,10778,2025-04-11,Low,77.7,3.3
1236,10778,2025-05-23,Low,96.4,3.4
1237,10778,2025-09-08,Low,108.4,2.9
1238,10778,2025-12-14,Low,69.6,2.8
1239,10778,2025-04-28,Normal,51.9,3.9
1240,10778,2025-11-25,Normal,28.8,4.8
1241,10778,2026-02-07,Normal,34.2,3.2
1242,10781,2026-08-01,Normal,31.6,4.1
1243,10783,2025-05-05,Normal,38.4,3.5
1244,10784,2026-04-09,Low,55.9,2.5
1245,10785,2026-01-11,Urgent,5.3,5.0
1246,10785,2026-05-15,Normal,34.7,3.8
1247,10785,2025-11-16,Normal,43.5,3.9
1248,10786,2026-02-08,High,37.0,2.6
1249,10786,2026-05-17,Normal,73.8,3.1
1250,10787,2025-08-30,Low,95.8,3.3
1251,10788,2026-04-14,Normal,42.2,4.0
1252,10788,2026-03-26,Normal,49.3,3.1
1253,10789,2025-12-25,Normal,22.6,4.0
1254,10790,2025-08-17,Low,67.1,2.2
1255,10790,2025-07-26,Urgent,4.7,4.5
1256,10791,2025-03-10,Normal,69.7,3.6
1257,10793,2026-06-09,Low,53.7,2.9
1258,10795,2025-11-30,High,9.6,4.3
1259,10795,2026-01-06,Normal,33.3,4.2
1260,10796,2026-03-30,Low,106.8,2.8
1261,10796,2026-01-15,Normal,24.4,4.6
1262,10796,2025-09-14,Normal,33.2,5.0
1263,10796,2025-11-15,High,12.6,3.5
1264,10798,2026-02-25,Low,92.7,3.4
1265,10800,2026-08-02,Normal,32.9,4.4
1266,10801,2026-01-23,Normal,34.2,3.7
1267,10801,2025-06-07,Normal,20.3,3.8
1268,10801,2025-04-12,Low,48.7,3.1
1269,10805,2026-06-09,Low,55.5,3.4
1270,10805,2026-08-17,High,9.4,3.3
1271,10806,2026-07-12,Normal,41.6,4.0
1272,10807,2026-01-11,High,13.4,3.7
1273,10807,2026-02-17,Normal,44.2,3.6
1274,10807,2026-01-02,Normal,33.4,3.0
1275,10811,2025-12-31,Normal,29.9,3.9
1276,10813,2026-08-09,Normal,35.5,4.2
1277,10814,2026-06-23,Normal,29.3,4.4
1278,10814,2026-08-08,Normal,50.6,4.4
1279,10816,2026-08-11,Normal,31.0,3.6
1280,10817,2025-09-01,High,22.0,3.7
1281,10817,2025-04-13,Urgent,5.1,3.7
1282,10817,2025-08-21,Normal,89.0,4.0
1283,10818,2025-03-15,Urgent,5.8,3.6
1284,10818,2025-08-25,Normal,20.4,3.2
1285,10818,2026-04-12,Normal,33.8,3.3
1286,10822,2026-08-23,High,13.0,5.0
1287,10823,2026-02-09,High,21.7,3.7
1288,10825,2026-01-20,High,12.3,5.0
1289,10825,2026-06-05,Normal,26.2,2.9
1290,10825,2026-01-25,Normal,24.2,4.4
1291,10830,2025-08-08,Normal,27.8,4.6
1292,10830,2025-01-18,High,25.5,4.0
1293,10832,2026-07-09,Normal,38.0,4.2
1294,10832,2025-09-06,Normal,40.4,4.6
1295,10833,2026-04-11,Urgent,8.2,3.5
1296,10834,2026-04-03,Normal,38.1,4.2
1297,10834,2026-05-17,High,23.4,3.8
1298,10834,2025-12-20,Low,98.4,4.4
1299,10834,2026-02-08,High,27.4,4.2
1300,10834,2025-09-13,Normal,31.3,4.2
1301,10834,2025-04-29,Low,139.7,3.0
1302,10836,2026-04-23,Low,71.2,2.2
1303,10837,2026-06-16,Normal,30.4,3.9
1304,10837,2026-08-01,High,13.7,3.9
1305,10838,2026-02-06,Normal,44.6,4.1
1306,10838,2025-09-22,High,4.8,3.4
1307,10838,2025-08-27,Normal,25.5,4.3
1308,10839,2025-10-20,Normal,41.8,4.0
1309,10840,2026-08-06,Normal,55.2,4.2
1310,10844,2025-08-27,Normal,26.1,3.5
1311,10845,2026-01-02,Normal,54.3,4.2
1312,10845,2025-04-16,Normal,19.5,4.8
1313,10846,2026-01-06,Normal,23.6,3.0
1314,10846,2025-03-09,High,16.4,5.0
1315,10846,2025-07-21,Normal,40.9,2.7
1316,10846,2025-09-19,Normal,18.6,3.1
1317,10846,2025-09-20,Urgent,6.1,3.4
1318,10846,2026-02-15,Normal,53.6,3.7
1319,10847,2025-06-19,High,12.4,4.3
1320,10847,2026-05-28,Normal,29.8,5.0
1321,10848,2025-07-13,High,20.1,3.4
1322,10848,2025-09-25,Urgent,4.8,3.4
1323,10848,2025-04-05,Normal,20.9,4.2
1324,10849,2026-07-20,High,16.5,3.7
1325,10850,2026-06-16,Urgent,3.6,4.4
1326,10850,2026-04-20,Normal,40.3,4.7
1327,10850,2026-07-26,High,11.3,4.0
1328,10850,2026-01-15,High,16.3,4.1
1329,10854,2026-02-19,Normal,53.8,4.3
1330,10855,2025-09-18,Normal,37.9,3.4
1331,10855,2026-07-29,High,18.4,3.7
1332,10855,2025-11-11,Normal,21.5,3.1
1333,10855,2026-04-24,High,13.0,4.8
1334,10856,2026-08-12,Low,99.0,4.4
1335,10858,2025-11-08,Normal,42.8,4.2
1336,10858,2025-05-01,Low,62.3,3.8
1337,10859,2026-02-13,Normal,29.2,4.3
1338,10861,2026-08-19,Normal,35.3,3.4
1339,10863,2025-09-08,High,16.0,4.2
1340,10865,2026-07-27,Normal,37.0,3.5
1341,10866,2026-03-11,Normal,25.0,3.6
1342,10866,2026-04-24,Normal,39.3,2.9
1343,10869,2026-03-21,Normal,22.0,4.4
1344,10869,2025-12-18,Normal,32.3,3.3
1345,10869,2026-04-04,Low,119.0,3.7
1346,10869,2026-01-15,Normal,30.6,4.2
1347,10870,2025-11-11,Normal,48.4,4.4
1348,10870,2025-11-05,Normal,29.1,3.7
1349,10871,2025-10-13,Normal,42.0,2.6
1350,10871,2026-03-21,Normal,39.1,4.4
1351,10872,2026-02-24,Low,35.6,3.0
1352,10872,2026-02-26,Low,85.2,4.8
1353,10872,2025-05-10,Low,62.1,3.1
1354,10872,2025-10-05,Normal,36.6,4.1
1355,10873,2025-06-15,Normal,29.9,2.9
1356,10874,2025-06-27,Low,59.8,2.5
1357,10874,2025-07-13,High,13.7,4.8
1358,10874,2025-09-09,Normal,49.1,2.3
1359,10876,2026-06-25,Urgent,5.0,3.4
1360,10876,2026-03-20,Normal,48.8,3.4
1361,10878,2026-05-24,Normal,27.9,4.3
1362,10878,2026-06-13,Low,135.2,4.0
1363,10878,2026-06-24,Normal,24.8,4.7
1364,10879,2025-12-16,Normal,55.4,3.4
1365,10880,2026-08-15,Normal,26.1,4.3
1366,10881,2025-07-03,High,13.5,3.9
1367,10881,2026-04-06,Low,72.8,3.4
1368,10881,2025-03-10,Normal,43.3,3.6
1369,10883,2026-08-15,Normal,47.3,3.1
1370,10884,2025-10-13,Normal,29.8,5.0
1371,10884,2025-10-06,High,9.1,4.3
1372,10887,2026-01-16,Normal,54.1,3.8
1373,10887,2026-03-25,High,16.8,4.2
1374,10888,2026-03-24,Normal,39.5,3.1
1375,10888,2025-11-05,Normal,39.7,4.8
1376,10888,2025-08-12,Low,112.5,4.0
1377,10889,2025-04-27,High,21.5,4.2
1378,10889,2025-12-17,Normal,41.3,4.0
1379,10889,2025-07-09,High,37.2,4.1
1380,10891,2025-11-27,Normal,33.3,4.3
1381,10895,2026-04-09,Normal,74.2,4.5
1382,10896,2026-08-02,Urgent,7.8,3.7
1383,10897,2026-03-03,Normal,22.2,4.1
1384,10897,2025-12-21,Urgent,7.1,3.7
1385,10897,2026-06-19,Low,69.7,2.8
1386,10898,2025-04-21,High,15.1,2.8
1387,10898,2025-05-20,Urgent,2.7,3.6
1388,10898,2025-02-05,Normal,39.1,3.5
1389,10898,2025-05-07,High,16.0,3.9
1390,10898,2025-04-28,Low,82.1,4.3
1391,10899,2025-07-08,High,13.7,2.9
1392,10899,2026-03-12,Low,78.4,2.8
1393,10900,2026-06-01,High,13.8,4.1
1394,10901,2025-07-26,High,33.2,3.1
1395,10901,2025-08-30,High,16.0,3.7
1396,10901,2025-11-07,High,14.5,4.2
1397,10901,2025-07-17,Low,90.2,4.0
1398,10901,2025-08-08,Low,65.3,3.1
1399,10901,2025-03-04,Normal,30.3,2.5
1400,10901,2025-08-28,Normal,32.1,2.8
1401,10902,2025-12-06,Normal,26.7,3.8
1402,10903,2025-11-04,Normal,34.5,2.6
1403,10904,2026-07-29,Normal,42.8,4.1
1404,10906,2026-05-13,Normal,26.7,4.3
1405,10907,2026-06-02,Normal,41.7,2.9
1406,10907,2026-01-31,Normal,38.7,3.9
1407,10908,2026-01-29,High,14.8,4.0
1408,10908,2026-04-25,Urgent,5.5,4.3
1409,10908,2025-04-15,Normal,25.5,3.3
1410,10908,2025-07-07,Normal,54.3,2.8
1411,10908,2026-02-07,Normal,16.6,3.1
1412,10910,2026-01-06,Normal,34.1,3.3
1413,10910,2026-01-17,Low,96.5,3.8
1414,10911,2026-05-19,Normal,34.5,1.2
1415,10912,2026-03-27,Normal,37.1,3.5
1416,10912,2026-03-16,Normal,36.8,4.0
1417,10912,2025-12-05,Normal,23.0,4.4
1418,10913,2025-09-25,Urgent,4.8,4.2
1419,10913,2025-10-15,Urgent,8.6,4.4
1420,10915,2026-08-06,High,12.4,3.7
1421,10915,2026-05-20,High,15.2,4.6
1422,10916,2026-03-13,Normal,33.6,3.9
1423,10916,2026-05-30,Low,96.1,2.3
1424,10917,2025-11-29,Normal,40.4,2.9
1425,10920,2026-07-28,Low,72.9,4.2
1426,10922,2026-04-14,Normal,30.0,4.9
1427,10922,2026-02-15,Normal,25.8,3.4
1428,10922,2026-07-14,Normal,37.9,3.3
1429,10922,2026-05-18,Normal,35.5,4.1
1430,10923,2026-01-01,Low,46.6,3.3
1431,10924,2026-04-28,Low,68.0,3.5
1432,10925,2026-02-19,Normal,23.1,3.6
1433,10925,2025-10-07,High,13.1,4.0
1434,10925,2025-06-19,Low,70.4,3.1
1435,10925,2026-02-07,High,25.9,3.3
1436,10925,2025-10-15,Urgent,3.2,4.6
1437,10925,2025-11-06,Normal,32.1,4.6
1438,10925,2025-08-29,Urgent,10.8,3.5
1439,10925,2026-05-01,Normal,31.9,3.1
1440,10925,2025-08-09,Low,111.9,3.6
1441,10927,2025-11-28,High,28.0,3.5
1442,10928,2026-02-27,Low,67.8,3.3
1443,10930,2026-01-23,Low,129.7,2.8
1444,10931,2026-08-03,Normal,26.6,4.1
1445,10932,2026-04-27,High,20.4,3.4
1446,10933,2026-05-27,High,15.4,4.4
1447,10934,2026-02-10,Normal,26.6,3.6
1448,10935,2026-04-17,High,15.9,3.4
1449,10935,2026-03-16,Normal,18.2,3.7
1450,10937,2026-05-08,Normal,33.1,4.7
1451,10937,2025-11-08,High,21.9,4.7
1452,10937,2026-03-02,Normal,64.0,2.9
1453,10937,2025-10-12,High,13.4,3.7
1454,10938,2026-03-20,Normal,44.2,3.0
1455,10939,2026-03-25,Normal,25.8,3.4
1456,10939,2026-01-14,Low,61.4,3.5
1457,10939,2026-02-10,Normal,31.0,2.1
1458,10940,2026-02-02,High,21.6,3.3
1459,10941,2026-05-11,Normal,41.0,2.9
1460,10941,2026-08-13,Normal,31.8,3.0
1461,10941,2026-05-12,Low,86.1,2.9
1462,10942,2025-10-30,Normal,36.9,3.3
1463,10944,2026-07-27,Urgent,5.1,4.8
1464,10945,2025-04-03,Normal,34.9,4.0
1465,10945,2025-08-27,Normal,34.1,4.2
1466,10945,2025-07-27,Normal,51.7,4.2
1467,10945,2025-06-06,High,12.7,3.9
1468,10946,2025-10-14,Normal,37.8,2.5
1469,10946,2025-10-07,Normal,21.7,4.1
1470,10946,2026-01-30,Normal,28.3,4.5
1471,10948,2026-04-15,Normal,30.7,4.1
1472,10948,2025-04-01,Normal,34.8,2.7
1473,10948,2025-12-18,Normal,63.8,3.1
1474,10948,2026-01-26,High,13.1,5.0
1475,10950,2026-03-15,Normal,31.7,3.8
1476,10951,2026-03-21,Urgent,10.2,2.9
1477,10952,2025-07-15,Normal,32.3,3.4
1478,10952,2026-02-12,Low,56.6,4.3
1479,10952,2025-12-28,Normal,46.7,3.9
1480,10953,2026-05-19,Urgent,6.1,3.9
1481,10953,2026-08-18,High,13.0,3.4
1482,10953,2026-08-11,High,15.1,4.8
1483,10956,2026-04-16,Normal,34.0,3.3
1484,10957,2026-02-25,Low,116.1,4.1
1485,10957,2025-12-27,Normal,38.7,3.7
1486,10958,2026-02-01,Low,131.4,3.0
1487,10958,2026-08-07,Normal,50.1,3.5
1488,10960,2026-02-12,Normal,20.0,4.0
1489,10960,2026-07-11,Normal,35.4,3.9
1490,10960,2026-04-25,Normal,72.1,3.4
1491,10960,2025-09-25,Normal,34.2,3.4
1492,10960,2025-09-18,Normal,40.3,3.2
1493,10961,2026-01-18,High,13.4,5.0
1494,10961,2025-09-12,Normal,30.2,4.0
1495,10961,2025-11-29,Normal,36.1,2.4
1496,10961,2026-02-27,Normal,40.2,3.8
1497,10961,2026-04-15,Normal,39.3,4.3
1498,10961,2025-10-03,High,13.2,4.6
1499,10962,2026-04-28,Urgent,4.4,5.0
1500,10963,2026-05-22,Normal,39.1,3.1
1501,10963,2026-08-20,High,15.8,4.4
1502,10966,2026-05-12,Normal,35.7,3.5
1503,10966,2026-05-10,Normal,41.0,2.4
1504,10967,2026-04-02,Normal,51.6,2.3
1505,10968,2025-09-04,Normal,25.6,3.8
1506,10969,2026-07-08,Normal,38.5,3.5
1507,10970,2025-08-27,Normal,33.9,4.0
1508,10971,2025-10-06,Normal,32.5,3.6
1509,10971,2025-09-10,Urgent,7.0,4.1
1510,10971,2026-04-02,High,8.1,3.9
1511,10971,2025-11-03,Normal,44.5,4.1
1512,10971,2025-08-12,Normal,45.5,3.0
1513,10972,2026-05-09,Normal,36.6,3.7
1514,10972,2026-02-20,Normal,38.1,4.2
1515,10973,2026-06-15,High,16.3,2.5
1516,10973,2026-06-06,Normal,61.8,3.8
1517,10973,2025-12-04,High,16.7,4.2
1518,10973,2025-11-13,High,22.3,3.2
1519,10974,2026-06-29,High,16.3,4.3
1520,10974,2026-04-17,Normal,42.6,2.6
1521,10975,2025-05-12,Normal,22.3,3.4
1522,10975,2025-12-15,Normal,29.7,4.4
1523,10975,2025-11-15,High,10.3,3.5
1524,10976,2025-09-05,High,11.8,3.6
1525,10976,2025-07-06,High,15.3,4.7
1526,10977,2025-03-18,Normal,39.5,2.8
1527,10977,2025-10-21,Normal,22.1,4.1
1528,10979,2025-10-07,Normal,19.4,3.4
1529,10979,2025-08-26,Normal,26.7,4.7
1530,10980,2026-08-08,Normal,45.3,3.4
1531,10980,2026-07-15,High,12.7,5.0
1532,10980,2026-04-17,Normal,67.1,3.1
1533,10981,2026-04-10,Normal,24.1,4.5
1534,10982,2026-05-04,Normal,27.4,3.8
1535,10983,2026-02-13,Normal,20.2,4.0
1536,10983,2025-12-22,Normal,18.3,4.0
1537,10983,2026-05-06,Urgent,7.1,4.7
1538,10983,2026-03-15,High,14.7,5.0
1539,10985,2026-08-21,Normal,29.2,3.9
1540,10985,2026-03-03,Normal,25.9,5.0
1541,10987,2026-03-04,Normal,49.5,3.1
1542,10988,2025-08-28,Normal,43.1,3.2
1543,10989,2025-07-16,Normal,33.5,3.3
1544,10989,2025-10-24,High,14.4,3.7
1545,10989,2025-09-07,Normal,48.9,3.1
1546,10989,2026-05-14,Normal,22.9,3.5
1547,10990,2026-06-21,High,20.4,3.5
1548,10991,2025-07-31,High,18.4,3.2
1549,10991,2025-09-09,Normal,16.4,3.5
1550,10991,2025-12-22,Urgent,7.5,3.8
1551,10992,2026-08-01,Normal,22.3,4.7
1552,10992,2026-01-19,Normal,38.7,4.3
1553,10992,2025-12-10,High,24.9,4.7
1554,10993,2025-08-21,High,16.4,3.9
1555,10993,2025-12-12,Normal,23.5,4.3
1556,10993,2026-05-01,Normal,39.0,3.8
1557,10993,2025-11-15,Low,62.9,4.8
1558,10994,2026-03-09,Normal,30.8,4.6
1559,10995,2026-05-03,Normal,78.2,3.7
1560,10995,2026-08-24,Normal,34.8,4.0
1561,10996,2026-02-04,Normal,39.3,3.5
1562,10997,2026-01-31,Normal,43.0,2.9
1563,10998,2026-02-06,Normal,41.4,3.7
1564,10998,2026-07-29,Normal,36.7,3.8
1565,10998,2026-02-02,Normal,22.4,3.8
1566,11000,2026-02-05,Normal,35.7,2.6
1567,11001,2026-07-23,High,16.7,3.6
1568,11001,2026-08-26,Normal,29.7,5.0
1569,11002,2026-06-22,Normal,44.4,2.9
1570,11005,2025-10-24,Normal,23.4,4.4
1571,11005,2025-04-15,Urgent,4.9,3.2
1572,11005,2025-08-21,Normal,23.8,3.5
1573,11005,2025-11-14,Low,72.9,2.5
1574,11005,2025-10-04,Low,45.2,3.8
1575,11007,2026-06-19,Normal,36.7,3.5
1576,11008,2026-07-04,High,16.7,3.6
1577,11008,2026-06-16,Normal,28.6,2.6
1578,11010,2026-05-28,Normal,33.2,3.7
1579,11010,2025-12-24,Normal,50.2,4.0
1580,11011,2026-04-18,Normal,40.5,2.5
1581,11011,2025-09-26,Normal,46.7,3.2
1582,11011,2026-06-22,High,16.5,5.0
1583,11011,2026-07-22,Low,47.6,2.7
1584,11012,2026-05-19,High,7.2,4.6
1585,11012,2026-07-05,Normal,34.5,4.8
1586,11013,2026-02-21,High,17.0,3.8
1587,11014,2025-11-17,High,16.9,4.4
1588,11015,2026-03-24,Normal,56.2,2.5
1589,11015,2026-04-25,Normal,29.6,3.8
1590,11018,2026-04-16,Normal,30.5,2.2
1591,11018,2026-06-06,Urgent,4.7,3.5
1592,11019,2025-10-24,Normal,45.9,2.7
1593,11019,2025-10-15,Normal,31.1,3.6
1594,11019,2025-10-05,Normal,35.2,4.1
1595,11019,2025-10-24,Low,65.3,3.1
1596,11019,2025-03-13,Low,39.6,3.1
1597,11020,2025-08-31,Normal,61.2,4.2
1598,11021,2025-05-15,Normal,31.6,4.5
1599,11023,2026-08-26,High,18.2,4.9
1600,11023,2026-07-08,Low,89.3,4.3
1601,11024,2026-06-06,Normal,30.1,3.6
1602,11025,2026-07-25,Urgent,7.0,4.2
1603,11025,2026-06-01,High,15.7,4.5
1604,11025,2026-07-30,High,19.7,4.5
1605,11026,2026-03-10,High,17.7,4.2
1606,11026,2025-03-01,Low,55.9,3.3
1607,11026,2025-10-11,Normal,37.5,3.4
1608,11026,2025-11-03,Low,68.1,3.5
1609,11026,2025-12-30,Normal,39.5,3.1
1610,11027,2025-07-22,Normal,35.9,2.6
1611,11027,2025-08-24,High,8.6,3.1
1612,11027,2025-05-01,Normal,28.0,3.5
1613,11027,2025-10-09,Normal,41.1,3.1
1614,11028,2025-08-13,Normal,18.5,4.3
1615,11029,2025-12-21,Normal,36.0,3.3
1616,11031,2026-05-19,Normal,28.7,5.0
1617,11031,2025-12-07,High,24.8,4.7
1618,11031,2026-08-02,High,15.3,4.7
1619,11032,2025-07-26,High,26.0,4.2
1620,11032,2025-05-06,Low,66.4,2.3
1621,11035,2025-03-06,Normal,23.0,4.1
1622,11038,2026-01-18,High,9.8,3.3
1623,11038,2025-12-16,Normal,26.7,3.6
1624,11038,2025-11-29,Normal,24.4,4.5
1625,11039,2026-08-05,Normal,51.8,3.3
1626,11039,2026-08-06,High,18.4,2.7
1627,11041,2026-08-22,High,9.5,4.3
1628,11041,2026-03-25,High,13.6,5.0
1629,11043,2026-07-30,High,7.8,3.0
1630,11047,2026-07-13,Normal,14.0,2.7
1631,11048,2025-12-31,Normal,48.1,3.8
1632,11048,2026-05-11,Normal,26.3,4.0
1633,11048,2026-08-22,Normal,31.1,3.6
1634,11048,2026-02-09,Normal,19.0,4.0
1635,11049,2026-06-09,Normal,55.5,4.1
1636,11049,2026-03-19,Urgent,6.4,3.3
1637,11051,2026-07-28,Normal,31.7,4.6
1638,11051,2025-12-25,Normal,74.7,4.0
1639,11055,2025-05-03,High,20.1,3.8
1640,11055,2025-12-06,Low,46.9,3.8
1641,11055,2025-11-15,Low,67.4,2.1
1642,11055,2025-06-21,Normal,43.9,3.4
1643,11058,2026-04-27,Normal,30.4,3.6
1644,11058,2026-06-11,Normal,27.3,4.3
1645,11059,2026-07-19,Normal,37.3,3.5
1646,11059,2025-11-11,Low,85.9,3.4
1647,11059,2026-03-05,Normal,64.2,3.5
1648,11059,2026-08-07,High,12.6,5.0
1649,11059,2026-04-16,Low,72.7,3.1
1650,11061,2026-06-12,Normal,38.4,1.9
1651,11062,2026-06-10,Normal,33.8,4.2
1652,11062,2026-03-18,High,17.6,4.3
1653,11062,2026-04-18,Low,61.5,3.8
1654,11063,2026-04-15,Normal,31.2,3.3
1655,11064,2026-06-24,Normal,46.3,4.1
1656,11065,2026-08-06,Normal,28.2,4.4
1657,11069,2025-11-10,High,8.9,4.7
1658,11069,2026-02-28,Low,80.1,4.0
1659,11069,2026-02-22,Normal,32.8,4.0
1660,11069,2025-08-18,Normal,31.3,2.6
1661,11069,2026-05-06,Normal,59.0,3.8
1662,11070,2025-05-31,High,12.8,2.6
1663,11070,2025-08-26,Normal,54.7,2.4
1664,11070,2026-02-26,Low,49.0,3.4
1665,11070,2025-08-02,Normal,49.7,2.9
1666,11070,2026-01-14,Normal,23.4,5.0
1667,11070,2025-06-01,Low,68.3,3.9
1668,11070,2026-02-07,Normal,48.2,3.2
1669,11072,2025-08-14,Normal,38.4,3.3
1670,11072,2025-12-21,High,17.0,3.9
1671,11074,2026-03-09,Normal,41.5,2.4
1672,11074,2026-01-11,Normal,48.3,3.5
1673,11075,2026-03-22,Normal,37.4,3.6
1674,11075,2026-01-02,Low,50.0,4.0
1675,11075,2026-02-12,High,9.8,4.1
1676,11076,2026-03-06,Normal,29.5,3.1
1677,11078,2026-06-02,Urgent,6.3,4.3
1678,11079,2026-03-02,Low,65.2,3.0
1679,11079,2026-08-07,Normal,52.9,2.7
1680,11080,2026-07-10,High,19.3,3.4
1681,11081,2026-08-09,Urgent,4.9,4.1
1682,11084,2026-02-20,Normal,34.4,2.7
1683,11085,2025-06-10,Normal,32.9,3.4
1684,11085,2025-07-10,Normal,57.0,3.6
1685,11085,2025-06-05,Normal,33.1,3.9
1686,11088,2026-08-20,Normal,45.7,3.5
1687,11089,2026-01-27,Normal,47.0,4.1
1688,11089,2026-05-22,Normal,37.0,3.7
1689,11089,2026-07-12,High,15.4,4.7
1690,11091,2026-06-26,Normal,19.0,5.0
1691,11091,2026-02-09,High,14.0,4.2
1692,11091,2025-12-13,Normal,42.6,2.3
1693,11092,2026-05-20,Normal,43.5,3.3
1694,11093,2026-08-24,Normal,32.3,3.4
1695,11093,2026-05-27,Normal,30.9,3.3
1696,11094,2025-09-03,Normal,35.9,4.6
1697,11095,2026-08-10,Normal,24.0,3.2
1698,11095,2026-05-18,High,19.3,4.3
1699,11095,2025-11-07,Normal,34.0,3.3
1700,11096,2026-01-14,Normal,32.0,4.0
1701,11098,2026-06-13,High,9.3,3.2
1702,11099,2025-05-17,High,15.1,4.6
1703,11100,2026-07-02,Urgent,4.9,4.3
1704,11100,2025-09-27,Low,86.1,3.2
1705,11100,2026-05-27,High,18.5,5.0
1706,11100,2025-11-02,Normal,20.7,4.3
1707,11101,2026-08-13,Normal,32.2,3.9
1708,11101,2026-02-02,High,21.3,4.2
1709,11102,2025-12-21,High,11.9,5.0
1710,11102,2026-03-05,Urgent,8.8,4.5
1711,11102,2026-03-29,Normal,43.5,2.9
1712,11104,2026-04-04,Normal,55.2,4.1
1713,11104,2026-01-24,Urgent,8.4,4.3
1714,11104,2026-01-06,Low,197.3,3.5
1715,11104,2025-12-29,Normal,65.3,3.6
1716,11104,2025-07-14,Normal,38.5,2.6
1717,11104,2025-11-28,Normal,33.5,3.6
1718,11105,2025-12-08,Normal,22.1,3.8
1719,11105,2025-07-05,Urgent,9.7,4.0
1720,11105,2025-08-08,Normal,52.8,3.7
1721,11107,2026-02-28,High,20.2,3.9
1722,11107,2026-05-02,Normal,32.6,4.1
1723,11107,2026-06-26,High,10.1,3.4
1724,11107,2026-07-12,Normal,72.0,3.2
1725,11108,2026-08-24,Normal,34.0,3.7
1726,11110,2025-10-08,Normal,36.4,3.8
1727,11110,2025-07-23,Low,77.7,3.5
1728,11110,2025-07-31,Low,56.6,3.8
1729,11110,2026-02-22,Normal,37.1,3.4
1730,11110,2025-12-29,High,29.8,4.8
1731,11111,2026-06-27,Low,55.7,3.4
1732,11112,2025-11-04,Low,51.4,4.0
1733,11112,2026-02-18,Low,105.6,4.4
1734,11113,2025-09-05,High,25.0,4.2
1735,11113,2026-05-29,High,16.3,3.5
1736,11114,2026-01-17,High,12.6,4.0
1737,11115,2025-10-20,Normal,37.8,3.1
1738,11116,2025-11-10,Low,60.0,2.9
1739,11116,2025-11-26,Urgent,5.0,4.3
1740,11118,2026-01-26,Low,46.6,4.4
1741,11120,2026-03-12,High,8.3,2.9
1742,11121,2025-05-21,Urgent,8.4,3.6
1743,11121,2025-01-22,Low,45.0,3.6
1744,11121,2026-01-20,Normal,30.8,3.9
1745,11121,2025-02-06,Low,53.2,4.1
1746,11121,2025-06-29,Normal,46.1,4.3
1747,11122,2025-06-23,Urgent,4.3,3.7
1748,11122,2025-05-05,Normal,38.4,4.8
1749,11122,2025-06-01,Normal,30.4,2.9
1750,11122,2026-03-03,Normal,44.0,4.4
1751,11122,2026-01-12,Normal,16.4,4.4
1752,11123,2025-06-12,High,6.5,5.0
1753,11124,2025-11-25,Normal,30.6,4.2
1754,11124,2026-06-15,High,15.3,3.6
1755,11124,2025-11-03,Normal,33.9,3.5
1756,11124,2025-07-07,Low,65.3,2.6
1757,11128,2026-06-16,Low,77.7,4.5
1758,11128,2026-06-03,Normal,26.3,4.1
1759,11128,2026-02-12,Normal,101.1,3.1
1760,11128,2026-03-23,Urgent,4.5,3.9
1761,11128,2026-07-12,Normal,39.1,3.7
1762,11129,2026-05-27,Low,69.0,3.2
1763,11129,2026-03-19,Low,50.9,3.6
1764,11131,2026-04-09,Normal,33.6,3.9
1765,11131,2025-12-01,Low,86.5,2.8
1766,11132,2026-02-08,Normal,21.9,3.2
1767,11134,2026-04-15,Low,71.0,2.9
1768,11134,2026-04-04,High,16.4,3.6
1769,11136,2026-02-21,High,10.6,4.1
1770,11136,2025-06-02,Normal,43.9,4.0
1771,11142,2026-07-02,High,21.4,4.1
1772,11142,2026-05-21,Normal,36.9,3.7
1773,11142,2025-10-17,Urgent,3.8,3.2
1774,11142,2026-03-15,Normal,22.8,3.7
1775,11144,2026-05-27,Low,57.7,2.5
1776,11145,2026-05-27,High,28.3,4.9
1777,11146,2025-10-30,Normal,60.9,3.4
1778,11146,2025-10-30,High,16.1,4.4
1779,11147,2026-06-20,Low,104.7,2.9
1780,11147,2026-06-21,Normal,42.1,2.4
1781,11148,2026-08-02,High,15.8,3.7
1782,11149,2026-07-23,Normal,28.9,3.3
1783,11150,2026-07-12,Normal,32.2,3.9
1784,11151,2026-07-03,High,19.9,3.6
1785,11153,2026-04-06,Normal,34.5,3.6
1786,11153,2025-10-29,Normal,66.2,3.9
1787,11153,2026-03-04,Normal,14.9,3.4
1788,11154,2026-08-12,Low,80.4,3.7
1789,11155,2025-09-17,High,18.6,4.2
1790,11155,2026-06-15,Normal,44.9,3.9
1791,11155,2026-05-13,Normal,11.4,4.7
1792,11155,2025-12-20,Urgent,6.4,4.2
1793,11157,2026-04-27,Normal,76.9,3.0
1794,11157,2025-04-23,Normal,58.9,3.3
1795,11157,2025-09-29,Low,52.3,4.6
1796,11158,2026-06-23,Urgent,8.9,4.7
1797,11160,2026-08-19,Low,62.5,4.4
1798,11161,2025-12-18,Normal,39.4,3.6
1799,11161,2026-06-17,High,9.8,4.1
1800,11162,2026-08-10,Normal,26.2,4.2
1801,11162,2026-04-12,Low,68.8,3.9
1802,11162,2026-02-27,Normal,39.7,3.5
1803,11163,2026-08-24,Low,37.8,3.3
1804,11164,2026-04-05,High,13.8,4.1
1805,11165,2026-02-13,High,21.0,4.2
1806,11165,2026-06-26,Normal,41.8,3.6
1807,11167,2025-07-24,Urgent,7.0,3.7
1808,11167,2025-04-03,Normal,39.2,4.0
1809,11168,2025-12-22,High,15.9,3.5
1810,11171,2026-01-20,Urgent,4.4,4.0
1811,11171,2026-05-14,High,12.4,3.6
1812,11173,2025-11-04,High,19.7,4.7
1813,11173,2026-06-03,Normal,44.3,3.7
1814,11173,2026-05-17,Normal,59.7,3.6
1815,11173,2026-03-08,Normal,30.7,2.8
1816,11174,2025-07-17,Low,96.8,3.8
1817,11174,2025-10-09,Normal,21.5,4.3
1818,11174,2025-12-02,High,12.4,4.2
1819,11176,2026-06-22,Normal,50.3,2.4
1820,11176,2025-12-29,Urgent,9.7,4.2
1821,11176,2026-02-04,Urgent,3.4,4.8
1822,11177,2025-07-23,Normal,22.1,4.8
1823,11178,2025-04-28,Normal,53.1,3.7
1824,11179,2026-03-26,Normal,48.2,3.8
1825,11179,2026-03-16,Normal,19.1,4.7
1826,11179,2026-02-01,Normal,53.1,2.8
1827,11180,2025-12-19,Normal,50.7,2.7
1828,11180,2025-03-23,Normal,24.5,4.5
1829,11181,2026-03-27,High,10.8,3.6
1830,11181,2026-01-04,Low,116.7,3.3
1831,11183,2026-03-06,Normal,35.7,3.4
1832,11183,2026-05-04,High,17.3,5.0
1833,11183,2026-07-05,Normal,58.6,3.7
1834,11183,2026-03-17,High,14.3,3.7
1835,11184,2025-11-19,Normal,30.3,3.8
1836,11184,2026-03-31,Urgent,5.4,4.1
1837,11184,2026-03-03,Normal,33.0,3.8
1838,11185,2025-12-21,High,38.8,3.7
1839,11186,2026-07-15,High,25.4,3.9
1840,11186,2025-12-03,Normal,14.3,4.2
1841,11186,2025-09-19,High,15.5,3.6
1842,11186,2026-03-27,Low,46.3,3.5
1843,11187,2026-02-17,Urgent,6.6,3.6
1844,11187,2025-06-11,Normal,25.7,4.9
1845,11187,2026-05-07,Normal,36.4,3.6
1846,11188,2026-02-23,Normal,21.9,4.0
1847,11188,2026-07-21,High,18.6,3.7
1848,11188,2026-06-11,Normal,27.6,3.2
1849,11189,2026-05-12,High,17.5,3.6
1850,11189,2026-03-20,Normal,50.1,3.1
1851,11189,2026-07-22,Normal,42.0,3.7
1852,11190,2025-03-23,Urgent,9.4,3.6
1853,11190,2025-11-01,Low,82.9,2.6
1854,11190,2025-10-07,Normal,75.9,3.7
1855,11190,2025-08-25,High,13.8,4.3
1856,11190,2025-05-19,Normal,46.5,4.3
1857,11190,2025-08-11,Normal,32.4,3.4
1858,11191,2026-08-20,Urgent,6.7,3.5
1859,11191,2025-12-21,Normal,32.7,3.4
1860,11191,2025-12-30,High,11.1,3.8
1861,11191,2025-10-24,Normal,37.8,3.5
1862,11192,2025-07-05,Low,125.4,3.8
1863,11192,2026-07-01,Normal,41.8,3.5
1864,11193,2025-11-23,Normal,47.0,3.2
1865,11193,2025-08-21,Normal,16.3,4.2
1866,11194,2026-03-24,Low,60.8,4.4
1867,11195,2025-12-16,Normal,20.8,3.8
1868,11195,2026-07-21,Normal,38.2,3.0
1869,11195,2026-04-13,Low,71.6,3.1
1870,11195,2026-07-02,High,26.1,5.0
1871,11195,2026-07-10,High,8.2,4.4
1872,11196,2026-05-01,High,19.1,3.4
1873,11200,2026-05-21,Normal,35.5,4.2
1874,11200,2026-04-28,High,13.4,3.8
