origin,dest,route,origin_city,dest_city,origin_tier,dest_tier,distance_miles,departures,seats,passengers,revenue,op_cost,asm,rpm,load_factor,rasm_cents,yield_cents_per_mile,operating_profit,operating_margin_pct,seasonality_index,q1_to_q4_growth_pct,network_value,score_margin,score_load_factor,score_growth,score_network_value,route_health_score,recommendation
JFK,BOS,JFK-BOS,New York JFK,Boston,spoke,spoke,186.2,209,34534,31207,1928365.68,681600.54,6430230.8,5810743.399999999,0.9036601610007527,29.98905855758708,33.18621297233673,1246765.14,64.65397890715417,0.4875829140897875,2.2284122562674096,0.30779999999999996,0.9647382550322713,1.0,0.18971642687229406,0.042476601871850095,68.02100776681449,EXPAND
SEA,PDX,SEA-PDX,Seattle-Tacoma,Portland,hub,spoke,129.3,328,44910,36198,2205862.08,737371.69,5806863.000000001,4680401.4,0.8060120240480962,37.98715554336308,47.1297628446996,1468490.39,66.57217617159455,0.7135200839825405,-3.629929221435794,0.4798,1.0,0.5717286082787324,0.174421272892728,0.4552435805135588,64.61029437252625,EXPAND
SEA,DEN,SEA-DEN,Seattle-Tacoma,Denver,hub,hub,1022.5,340,54003,46656,6528087.99,3694151.55,55218067.5,47705760.0,0.8639520026665185,11.82237677912216,13.684066641009387,2833936.4400000004,43.41143140749854,0.6491769547325102,41.69334756314479,0.6872,0.574241768417664,0.8258454409556627,0.29275280066676895,0.9529637628989679,63.765319217418025,EXPAND
SEA,BOS,SEA-BOS,Seattle-Tacoma,Boston,hub,spoke,2488.9,332,40321,34946,11286205.420000002,6094712.42,100354936.9,86977099.4,0.8666947744351579,11.24628819332156,12.976065536625612,5191493.000000002,45.998569109864754,1.3563784124077147,121.89582483340133,0.4859,0.6218004796870431,0.8378748633203565,0.5021481123023346,0.4698824094072473,62.91008915764604,EXPAND
GEG,ATL,GEG-ATL,Spokane,Atlanta,spoke,hub,1965.1,333,42846,37743,9201039.14,5068593.01,84196674.6,74168769.3,0.8808990337487747,10.92803152109288,12.405543771103131,4132446.130000001,44.91281981439327,0.8763479320668733,77.01178557850716,0.5006,0.601841419445668,0.9001728046273356,0.38496336056989644,0.5051595872330213,61.85463791340335,EXPAND
DFW,MCI,DFW-MCI,Dallas/Fort Worth,Kansas City,hub,spoke,460.9,319,48634,42023,3143899.1,2145872.25,22415410.6,19368400.7,0.8640662910720894,14.025614592132436,16.232104801507955,998026.85,31.744875336489013,1.0418104371415653,289.01505149194617,0.4768,0.3597783592293171,0.8263466942927867,0.9384685819125471,0.44804415646748247,60.53983571175553,EXPAND
PHX,DFW,PHX-DFW,Phoenix,Dallas/Fort Worth,spoke,hub,865.9,329,47729,42228,5046826.11,3107329.81,41328541.1,36565225.2,0.8847451235098158,12.211478982015167,13.802256330695318,1939496.3000000005,38.43002032816225,0.7540968078052477,136.71646917396532,0.488,0.48266972297935506,0.9170412290136055,0.5408423465199999,0.47492200623950065,60.17349666850686,EXPAND
SEA,ATL,SEA-ATL,Seattle-Tacoma,Atlanta,hub,hub,2177.8,344,50801,43820,12215851.6,6812666.340000001,110634417.8,95431196.0,0.8625814452471408,11.041637713575964,12.800690038506904,5403185.259999999,44.23093401036403,1.235782747603834,-51.80062008108752,0.7068000000000001,0.5893064816869029,0.8198343633073979,0.0486556211626913,1.0,60.04123077341489,EXPAND
ORD,DEN,ORD-DEN,Chicago O'Hare,Denver,hub,hub,886.2,327,43510,36321,4618222.91,2874040.31,38558562.0,32187670.200000003,0.8347736152608596,11.977165823766976,14.347801134112526,1744182.6,37.76739741650972,0.777511632388976,120.30386740331491,0.6689,0.4704888901976537,0.6978730190295535,0.4979917765689603,0.9090472762179025,59.86192575829272,EXPAND
ORD,DTW,ORD-DTW,Chicago O'Hare,Detroit,hub,spoke,233.8,327,36766,32868,2054476.14,1022151.38,8595890.8,7684538.4,0.8939781319697546,23.9006775190769,26.735192578385707,1032324.76,50.24759060964319,0.8086893026652063,-52.60560600078957,0.48019999999999996,0.6999091889762801,0.9575359430584766,0.04655393698465452,0.4562035037197022,59.70889743100175,EXPAND
DFW,SEA,DFW-SEA,Dallas/Fort Worth,Seattle-Tacoma,hub,hub,1657.8,326,49814,42212,7824154.66,5171775.83,82581649.2,69979053.6,0.8473922993535954,9.474447090601334,11.180709451606532,2652378.83,33.89987730636194,0.951293471050886,118.7631173919127,0.6924,0.39939322641493025,0.7532168439783813,0.49396913487794475,0.9654427645788335,59.167174322298145,EXPAND
SEA,GEG,SEA-GEG,Seattle-Tacoma,Spokane,hub,spoke,223.3,333,46418,37052,2310146.92,1155036.41,10365139.4,8273711.600000001,0.7982248265758973,22.28765895806476,27.921530646535945,1155110.51,50.001603794099815,0.7295692540213754,123.15087306258583,0.504,0.6953872743036279,0.5375750237546988,0.5054248342193173,0.513318934485241,59.06314726767754,EXPAND
DTW,ORD,DTW-ORD,Detroit,Chicago O'Hare,spoke,hub,233.8,357,56190,46114,2882442.27,1285725.98,13137222.0,10781453.2,0.8206798362697989,21.94103342396132,26.735192524881523,1596716.29,55.394562681042,0.2908444290237238,12.995531894666792,0.48019999999999996,0.7945247011043487,0.6360596293277102,0.21782758314621856,0.4562035037197022,58.882082996086616,EXPAND
SEA,JFK,SEA-JFK,Seattle-Tacoma,New York JFK,hub,spoke,2415.1,356,55300,46437,14408811.2,7304828.69,133555030.0,112149998.7,0.8397287522603978,10.788669808991845,12.847803269747162,7103982.509999999,49.30304389025515,0.2340375131899132,16.854365193955147,0.5321,0.6825458206999298,0.7196055731282627,0.22790235425997618,0.5807535397168225,58.561322337155616,EXPAND
ATL,DFW,ATL-DFW,Atlanta,Dallas/Fort Worth,hub,hub,729.8,333,47208,38525,4297379.640000001,2781841.11,34452398.4,28115545.0,0.8160693102863922,12.473383101247316,15.28471043332079,1515538.5300000007,35.26657305054856,1.015029201817002,155.60585885486017,0.6890000000000001,0.42451685560228,0.6158384920781793,0.5901593972328895,0.9572834173266138,58.539075730602676,EXPAND
BOI,SLC,BOI-SLC,Boise,Salt Lake City,spoke,spoke,289.4,236,40619,35713,2262439.99,1154424.69,11755138.6,10335342.2,0.879219084664812,19.246391446205493,21.890324927993195,1108015.3000000005,48.97435091748003,0.7043933581608938,103.11526479750779,0.2901,0.6765035392341275,0.8928047773954554,0.45311519766860187,0.0,58.44256495762353,EXPAND
ATL,STL,ATL-STL,Atlanta,St. Louis,hub,spoke,483.9,339,47940,40962,3595791.06,2292670.65,23198166.0,19821511.8,0.8544430538172716,15.50032472394585,18.140851698304868,1303120.41,36.24015934896952,0.7775987500610322,177.2707034728406,0.4994,0.44241405126375466,0.7841404900517066,0.6467226985762072,0.5022798176145907,57.768725537585865,EXPAND
BOS,ATL,BOS-ATL,Boston,Atlanta,spoke,hub,945.0,305,31655,26476,4216878.58,2463177.08,29913975.0,25019820.0,0.8363923550781867,14.096684175205738,16.85415234801849,1753701.5,41.5876688581344,1.1009215893639523,139.30368283356813,0.48250000000000004,0.5407159934155112,0.7049725907780388,0.5475971305236759,0.46172306215502756,57.13074304887035,EXPAND
FAR,SEA,FAR-SEA,Fargo,Seattle-Tacoma,spoke,hub,1192.2,352,54548,46250,7240822.9,4584969.640000001,65032125.6,55139250.0,0.8478770990687101,11.134224559315342,13.131885000249367,2655853.26,36.67888714692912,1.081772972972973,165.2131211942644,0.5031,0.4504790756534219,0.7553431093140828,0.615242359255937,0.5111591072714181,56.87497455317896,EXPAND
SEA,DFW,SEA-DFW,Seattle-Tacoma,Dallas/Fort Worth,hub,hub,1657.8,328,52242,43235,8999304.48,5327146.11,86606787.6,71674983.0,0.827590827303702,10.390992125887372,12.555712053674291,3672158.37,40.80491307034874,0.3701630623337574,18.37331772966647,0.6924,0.5263267877417329,0.6663702920871842,0.23186808637200482,0.9654427645788335,56.831332007971525,EXPAND
ATL,DEN,ATL-DEN,Atlanta,Denver,hub,hub,1196.8,316,51418,44459,7043047.449999999,4312605.09,61537062.4,53208531.2,0.8646582908709013,11.44521232459741,13.236688348954088,2730442.3599999994,38.76791089913784,0.6308733889651139,-25.7177255047231,0.6838,0.4888810816136389,0.8289431245540092,0.11675371518753642,0.944804415646748,56.78596191684774,EXPAND
STL,SEA,STL-SEA,St. Louis,Seattle-Tacoma,spoke,hub,1705.3,351,56653,50357,10809993.62,6267847.31,96610360.9,85873792.1,0.8888673150583376,11.189269473063316,12.588233680669145,4542146.31,42.01802951665387,0.3211470103461286,-1.0822982494370597,0.5028,0.548627206754294,0.9351205981293012,0.18107271309097148,0.5104391648668106,56.60114495822588,EXPAND
BOI,DEN,BOI-DEN,Boise,Denver,spoke,hub,647.6,329,54126,46352,5653787.66,2924535.04,35051997.6,30017555.200000003,0.8563721686435355,16.129715985145452,18.834937163703454,2729252.62,48.272994744907,0.4084397652744218,3.459488754403396,0.4673,0.6636106825153335,0.792601324197828,0.19293056259164054,0.4252459803215741,56.59676136221547,EXPAND
DFW,JFK,DFW-JFK,Dallas/Fort Worth,New York JFK,hub,spoke,1388.7,316,43540,37142,6244334.48,3895711.02,60463998.0,51579095.400000006,0.8530546623794212,10.327359563619993,12.106328022185512,2348623.460000001,37.612070069635365,0.8274190942867913,122.21975088967972,0.5143,0.4676335460714095,0.778051194834222,0.5029938292902616,0.5380369570434363,56.287052655168715,EXPAND
ORD,GEG,ORD-GEG,Chicago O'Hare,Spokane,hub,spoke,1493.9,379,63337,54398,9222962.86,5298989.92,94619144.3,81265172.2,0.8588660656488308,9.747459595235425,11.34921961071043,3923972.94,42.54568731940009,0.5620794882164786,54.630515683147266,0.4857,0.558327009384394,0.8035392158422449,0.32652959213720223,0.46940244780417556,55.993189331238554,EXPAND
JFK,SEA,JFK-SEA,New York JFK,Seattle-Tacoma,spoke,hub,2415.1,322,45752,38479,11325946.74,6222070.140000001,110495655.2,92930632.9,0.8410342717258262,10.25012858605141,12.187527822163364,5103876.6,45.063575850790194,0.6823462148184725,22.913205980066444,0.5321,0.6046127303042125,0.7253314031935032,0.24372097854364966,0.5807535397168225,55.903516958631414,EXPAND
DFW,SFO,DFW-SFO,Dallas/Fort Worth,San Francisco,hub,spoke,1461.5,302,44093,37670,6594401.69,4372076.38,64441919.5,55054705.0,0.8543306193726895,10.233093211942576,11.977907592094082,2222325.3100000005,33.70018106980074,1.0483674011149455,183.00278035217795,0.4854,0.39572225998453525,0.7836473679342624,0.661688196716911,0.4686825053995679,55.684076113069715,EXPAND
DFW,DEN,DFW-DEN,Dallas/Fort Worth,Denver,hub,hub,640.9,325,45619,38470,3594597.86,2263331.8600000003,29237217.1,24655423.0,0.8432889804686644,12.29459646485985,14.579339644669654,1331265.9999999995,37.035185905329605,1.0119053808162204,23.262548262548265,0.6694,0.45702882743544293,0.7352202477875336,0.24463305306550345,0.9102471802255817,55.208028056799854,EXPAND
DFW,LAX,DFW-LAX,Dallas/Fort Worth,Los Angeles,hub,spoke,1232.3,321,40938,34183,5775068.48,3547183.71,50447897.4,42123710.9,0.8349943817480092,11.447590043663546,13.709780920559874,2227884.7700000005,38.57763380149564,1.1578854986396747,151.48538572113083,0.47619999999999996,0.48538326487985456,0.6988412706895194,0.579401528083588,0.4466042716582671,55.17345699897793,EXPAND
IAH,DFW,IAH-DFW,Houston,Dallas/Fort Worth,spoke,hub,225.3,379,42938,33818,2109531.0,1218063.3,9673931.4,7619195.4,0.7876007266290931,21.806346487013545,27.687057349913875,891467.7,42.25904715313498,1.0841563664320777,195.47878012369375,0.46799999999999997,0.5530577742396465,0.4909791724461407,0.6942609544301024,0.4269258459323252,54.685897058326304,EXPAND
BOI,ATL,BOI-ATL,Boise,Atlanta,spoke,hub,1834.4,318,42520,35104,7941735.24,4795087.96,77998688.0,64394777.6,0.8255879586077141,10.181883110649247,12.332887131517944,3146647.2800000003,39.62165930880365,1.0512762078395623,139.58896700919416,0.4869,0.5045753270629059,0.6575859835418854,0.5483419599964441,0.47228221742260607,54.67373513233134,EXPAND
ORD,BOI,ORD-BOI,Chicago O'Hare,Boise,hub,spoke,1433.6,328,48577,39885,7717569.279999999,4548724.86,69639987.19999999,57179136.0,0.8210675834242542,11.08209462738098,13.497177152169629,3168844.419999999,41.06013571153843,0.7649993731979441,137.42170135380886,0.472,0.5310184823085305,0.6377602353879678,0.542683590295752,0.4365250779937603,54.58629315286186,EXPAND
STL,ORD,STL-ORD,St. Louis,Chicago O'Hare,spoke,hub,258.3,356,60667,48876,3073027.3,1505085.93,15670286.1,12624670.8,0.8056439250333789,19.610537295805976,24.341445006233347,1567941.37,51.022695763229954,0.3700793845650217,19.744359446112135,0.4845,0.7141577549374678,0.5701141762757884,0.2354476479672546,0.46652267818574494,54.52595773652469,EXPAND
DFW,IAH,DFW-IAH,Dallas/Fort Worth,Houston,hub,spoke,225.3,338,55493,44895,2800502.52,1358428.53,12502572.9,10114843.5,0.8090209575982557,22.39940964471401,27.687057343002884,1442073.99,51.49340090577744,0.2753090544604076,12.91573148337074,0.46799999999999997,0.7228106109284549,0.5849253798643322,0.21761923756188356,0.4269258459323252,54.291831373969046,EXPAND
ORD,ATL,ORD-ATL,Chicago O'Hare,Atlanta,hub,hub,606.4,323,52936,45187,4112357.01,2738133.43,32100390.4,27401396.8,0.8536156868671604,12.810925221644656,15.007837155221225,1374223.58,33.416932835799685,0.1966052183150021,17.385943279901355,0.6885,0.39051537789005025,0.7805117716117419,0.22929021611604158,0.9560835133189343,54.060466428000396,EXPAND
GEG,ORD,GEG-ORD,Spokane,Chicago O'Hare,spoke,hub,1493.9,345,58658,49676,9406399.75,5003414.14,87629186.2,74210976.4,0.8468751065498312,10.734322841400529,12.675213568541594,4402985.61,46.808404139958014,0.3450358321926081,-20.289259594050456,0.4857,0.6366874763617112,0.7509485069801681,0.13092653565089998,0.46940244780417556,53.90077915905328,EXPAND
DFW,PHX,DFW-PHX,Dallas/Fort Worth,Phoenix,hub,spoke,865.9,319,55767,48214,6360533.17,3656556.92,48288645.3,41748502.6,0.8645614790108845,13.171902277407646,15.23535641731016,2703976.25,42.511786004882985,0.233791015057867,1.235839340885685,0.488,0.5577038099206403,0.8285185209587086,0.18712498428833219,0.47492200623950065,53.88744520015247,EXPAND
GEG,SEA,GEG-SEA,Spokane,Seattle-Tacoma,spoke,hub,223.3,352,61685,49221,3068869.21,1503900.63,13774260.5,10991049.3,0.7979411526302991,22.279738429514964,27.921530749570923,1564968.5799999998,50.9949584980847,0.1677332845736575,8.13321647677476,0.504,0.7136478676658167,0.5363308685739877,0.20513288733565035,0.513318934485241,53.756628184973984,EXPAND
ATL,GEG,ATL-GEG,Atlanta,Spokane,hub,spoke,1965.1,342,43409,37106,8294979.34,5694104.21,85303025.9,72917000.6,0.8547996959155936,9.724132587892171,11.375919568474409,2600875.13,31.3548114274146,1.0471621840133671,167.40834922653104,0.5006,0.35260791104972905,0.7857046735841462,0.6209737340659526,0.5051595872330213,53.743801771407185,EXPAND
DFW,STL,DFW-STL,Dallas/Fort Worth,St. Louis,hub,spoke,550.1,331,55454,49313,4505337.73,2631158.22,30505245.4,27127081.3,0.8892595664875392,14.769059127123104,16.608265666973914,1874179.51,41.59909028617928,0.5819966337476933,-46.669702094445164,0.485,0.5409259506969399,0.9368409593233943,0.06205159354854613,0.46772258219342433,53.314932614834746,EXPAND
ATL,IAH,ATL-IAH,Atlanta,Houston,hub,spoke,688.2,370,63500,54639,5730251.8,3188053.89,43700700.0,37602559.8,0.8604566929133858,13.112494307871495,15.238993915515293,2542197.91,44.36450611123232,0.3551309504200296,-23.558669001751316,0.48240000000000005,0.5917619045169399,0.8105154897739331,0.12239065215838775,0.4614830813534917,53.30342268849606,EXPAND
BOS,JFK,BOS-JFK,Boston,New York JFK,spoke,spoke,186.2,241,37930,30373,1884773.05,758235.61,7062566.0,5655452.6,0.8007645663063538,26.68680264368503,33.32665275985162,1126537.44,59.77045565247232,0.030948539821552,-0.8704690139015201,0.30779999999999996,0.8749656572172065,0.5487139753303931,0.18162576394797955,0.042476601871850095,52.986139978985435,EXPAND
MIA,JFK,MIA-JFK,Miami,New York JFK,spoke,spoke,1092.0,263,43820,39161,6384076.25,3566900.94,47851440.0,42763812.0,0.8936786855317207,13.341450643909566,14.928688420012698,2817175.31,44.12815887028292,0.1706800132785169,4.494616912302707,0.3365,0.5874171917552857,0.9562226118801772,0.19563310982687984,0.11135109191264696,52.98518154244316,EXPAND
ORD,STL,ORD-STL,Chicago O'Hare,St. Louis,hub,spoke,258.3,329,42080,32700,2078136.68,1310429.17,10869264.0,8446410.0,0.7770912547528517,19.119387292460647,24.6037864607567,767707.5100000002,36.94210863936053,1.2842813455657491,247.6179245283019,0.4845,0.45531781112041725,0.44488606419896914,0.8303875774797317,0.46652267818574494,52.940455772171724,EXPAND
STL,DFW,STL-DFW,St. Louis,Dallas/Fort Worth,spoke,hub,550.1,348,47063,39268,3556837.49,2094504.82,25889356.3,21601326.8,0.8343709495782249,13.738609213702237,16.46582880270114,1462332.6700000002,41.113283193604666,0.6978710400325965,66.17522453821387,0.485,0.5319954793009871,0.6961069823423,0.35667090436004867,0.46772258219342433,52.83175055069933,EXPAND
JFK,DEN,JFK-DEN,New York JFK,Denver,spoke,hub,1621.5,320,53252,45020,9797143.12,5352446.5600000005,86348118.0,72999930.0,0.8454142567415308,11.346099193499503,13.420756869218916,4444696.5600000005,45.367271923654414,0.44247001332741,-35.83765112262521,0.5091,0.6101954999533825,0.7445414192463806,0.0903322747206941,0.5255579553635708,52.711370304162266,EXPAND
LAS,PHX,LAS-PHX,Las Vegas,Phoenix,spoke,spoke,255.5,236,33717,29592,1859340.85,982606.49,8614693.5,7560756.0,0.8776581546400926,21.58336625673333,24.591996488181877,876734.3600000001,47.15296606321536,1.17558799675588,3.849407783417936,0.303,0.6430214728117767,0.8859587515015847,0.19394857624124404,0.030957523398128066,52.21316207580748,EXPAND
DFW,TUL,DFW-TUL,Dallas/Fort Worth,Tulsa,hub,spoke,237.2,351,53640,42981,2688812.19,1373490.77,12723408.0,10195093.2,0.8012863534675615,21.13279861810609,26.37359107222286,1315321.42,48.918307678454845,0.3407086852330099,15.913006029285098,0.47829999999999995,0.6754733102590862,0.5510024625528481,0.2254446222502421,0.4516438684905205,52.0775444465473,MAINTAIN
JFK,LAX,JFK-LAX,New York JFK,Los Angeles,spoke,spoke,2469.6,248,33044,27916,9303977.34,5017842.23,81605462.4,68941353.6,0.844812976637211,11.40116980698586,13.495495597579913,4286135.11,46.0677724522489,0.8747671586187132,75.93032462391133,0.31589999999999996,0.6230726275809544,0.7419042868327207,0.3821398461185133,0.06191504679625613,52.042034898370304,MAINTAIN
PHX,LAS,PHX-LAS,Phoenix,Las Vegas,spoke,spoke,255.5,245,32688,26941,1769733.86,840137.38,8351784.0,6883425.5,0.8241862457170828,21.18989020788852,25.71007502006087,929596.48,52.527473255215895,0.5555844252254928,32.6442721791559,0.303,0.7418197066768615,0.6514382622519711,0.2691271718266634,0.030957523398128066,51.805651110878934,MAINTAIN
SLC,SEA,SLC-SEA,Salt Lake City,Seattle-Tacoma,spoke,hub,687.6,340,51740,44672,4878112.12,2952989.99,35576424.0,30716467.2,0.8633938925396212,13.711642631648422,15.881097550176603,1925122.13,39.46449123436712,0.1327901146131805,-11.561849229487715,0.51,0.5016861452980331,0.8233976461667469,0.15371235069375788,0.5277177825773937,51.64240071862606,MAINTAIN
PDX,SEA,PDX-SEA,Portland,Seattle-Tacoma,spoke,hub,129.3,312,37945,27573,1680265.0699999998,678254.66,4906288.5,3565188.9000000004,0.726657003557781,34.24717217505656,47.129762745530805,1002010.4099999998,59.63406773670536,0.6082762122366083,-0.8462309319674869,0.4798,0.8724584719596686,0.2236883268554987,0.1816890455434211,0.4552435805135588,50.95298166834602,MAINTAIN
DEN,ATL,DEN-ATL,Denver,Atlanta,hub,hub,1196.8,328,47666,37823,5978627.050000001,4269527.91,57046668.8,45266566.39999999,0.7935006084001175,10.480238681351366,13.207600057776864,1709099.1400000006,28.58681643304713,1.2104803955265315,154.88384371700107,0.6838,0.3017245449993606,0.5168552480776976,0.5882743359487079,0.944804415646748,50.92791595559224,MAINTAIN
BOS,DEN,BOS-DEN,Boston,Denver,spoke,hub,1749.3,298,38585,32013,5604567.2,4328516.25,67496740.5,56000340.9,0.8296747440715304,8.303463483544068,10.00809479000868,1276050.9500000002,22.768055131893146,1.2974729016337112,312.5827814569536,0.4629,0.19475969793539583,0.6755100664058878,1.0,0.4146868250539955,50.898441953372966,MAINTAIN
DEN,JFK,DEN-JFK,Denver,New York JFK,hub,spoke,1621.5,321,52041,41551,9137057.51,4751181.029999999,84384481.5,67374946.5,0.7984281624104071,10.827888431121073,13.561506145314713,4385876.48,48.00097268951086,0.4555365695169791,-9.574851378130067,0.5091,0.6586101684802066,0.5384668269528954,0.15890007117902694,0.5255579553635708,50.86744816706476,MAINTAIN
TUL,ORD,TUL-ORD,Tulsa,Chicago O'Hare,spoke,hub,585.2,320,50812,42047,4187473.4,2375457.2800000003,29735182.4,24605904.4,0.8275013776273321,14.082554946762324,17.018164957188077,1812016.12,43.27230162226224,1.2201583941779437,11.7603550295858,0.4778,0.571684180053128,0.6659779780238188,0.21460274205163313,0.45044396448284124,50.565530960995865,MAINTAIN
DEN,BIL,DEN-BIL,Denver,Billings,hub,spoke,455.3,398,60680,49207,4298038.27,2403382.56,27627604.0,22403947.1,0.8109261700725116,15.557043129762535,19.18429038783081,1894655.7099999995,44.08187156509428,0.3493811856036742,35.346112886048985,0.4757,0.5865663036943639,0.5932813815591715,0.2761812279614026,0.44540436765058783,50.49937676074071,MAINTAIN
DFW,BOI,DFW-BOI,Dallas/Fort Worth,Boise,hub,spoke,1270.2,297,40146,34338,5550674.52,3537236.66,50993449.2,43616127.6,0.8553280526079808,10.885073685111694,12.726197453622634,2013437.8599999996,36.2737511043973,0.6772671675694566,51.82639434406913,0.4725,0.4430315601794804,0.7880219738730769,0.3192084983051298,0.43772498200143967,50.37185645013034,MAINTAIN
IAH,ATL,IAH-ATL,Houston,Atlanta,spoke,hub,688.2,344,54040,43985,4838616.68,2663022.27,37190328.0,30270477.0,0.8139341228719467,13.010416794388046,15.984606651556891,2175594.41,44.96314864106986,0.0635671251563032,0.3836203051119636,0.48240000000000005,0.6027666017945817,0.6064738517060473,0.18489998231019777,0.4614830813534917,49.89275623094078,MAINTAIN
GEG,DFW,GEG-DFW,Spokane,Dallas/Fort Worth,spoke,hub,1475.2,340,48706,38387,8646474.15,5073717.46,71851091.2,56628502.4,0.7881369851763643,12.033880078358504,15.268767111171211,3572756.6900000004,41.32038826485129,0.8769635553703077,101.08620689655172,0.48619999999999997,0.5358026405034363,0.49333112919134336,0.44781766539830037,0.47060235181185484,49.78077243506487,MAINTAIN
ORD,FAR,ORD-FAR,Chicago O'Hare,Fargo,hub,spoke,556.3,342,55556,46412,4087367.87,2393040.2,30905802.8,25818995.6,0.8354093167254661,13.225244127940918,15.830855441952204,1694327.67,41.452781444895976,0.4944410928208222,0.2728661864221786,0.4848,0.538236391524119,0.7006611188281017,0.18461082175073248,0.46724262059035265,49.74683937553724,MAINTAIN
PHX,SEA,PHX-SEA,Phoenix,Seattle-Tacoma,spoke,hub,1107.6,348,60523,51238,7676143.48,4617382.35,67035274.8,56751208.8,0.8465872478231417,11.450901787009608,13.525955908801718,3058761.130000001,39.847628408321526,0.592919317693899,-15.668643581404249,0.5058,0.5087292610224099,0.7496859979211552,0.14299019456577433,0.5176385889128869,49.71570311393407,MAINTAIN
ATL,BIL,ATL-BIL,Atlanta,Billings,hub,spoke,1523.0,326,44186,37087,6892704.890000001,4470896.720000001,67295278.0,56483501.0,0.839338251935002,10.242479256865542,12.203041185425104,2421808.17,35.135816905690845,0.5324776875994284,71.88823031329382,0.4953,0.42211319779376927,0.7178928920362933,0.3715866110235422,0.49244060475161977,49.65019150440324,MAINTAIN
ATL,SLC,ATL-SLC,Atlanta,Salt Lake City,hub,spoke,1586.7,358,49068,41477,8639829.41,5232625.37,77856195.6,65811555.9,0.8452963234694709,11.097163614811922,13.12813424914028,3407204.04,39.436010577435695,0.7961038647925356,-11.463785243964207,0.5066,0.5011625924393952,0.7440241800226582,0.15396837942887695,0.519558435325174,49.519852316597415,MAINTAIN
MIA,DEN,MIA-DEN,Miami,Denver,spoke,hub,1708.0,331,43864,35953,7868647.58,4800080.78,74919712.0,61407724.0,0.8196470910085719,10.502773395605152,12.813774990260182,3068566.8,38.99738511354196,0.4563735988651851,56.207180049328585,0.49160000000000004,0.49309944923150156,0.6315301496661201,0.33064600022755014,0.4835613150947924,49.37857144188595,MAINTAIN
PDX,DEN,PDX-DEN,Portland,Denver,spoke,hub,989.7,363,55310,46739,6956853.9,4152564.3,54740307.0,46257588.3,0.8450370638220936,12.708832451378104,15.039378739077067,2804289.600000001,40.30973828557763,0.374419649543208,5.0712530712530715,0.4568,0.5172241123815203,0.7428871026193969,0.19713861080781434,0.400047996160307,49.20463421930663,MAINTAIN
PDX,ATL,PDX-ATL,Portland,Atlanta,spoke,hub,2168.0,344,53520,44588,10534053.73,6526328.93,116031360.0,96666784.0,0.8331091180866965,9.07862644202395,10.897283735021125,4007724.8000000007,38.04541824754866,0.4919709338835561,47.80577750460971,0.47640000000000005,0.475599678238878,0.6905727617636054,0.30871133731060235,0.44708423326133906,49.16879641877739,MAINTAIN
DFW,DTW,DFW-DTW,Dallas/Fort Worth,Detroit,hub,spoke,985.7,334,43012,35627,4540774.92,3314445.8,42396928.400000006,35117533.900000006,0.8283037291918535,10.710150691010908,12.930221503965,1226329.12,27.00704486801562,1.0085609228955568,203.7885662431942,0.4807,0.27268399579929575,0.6694969823992314,0.7159564221181433,0.4574034077273817,48.824963950226206,MAINTAIN
DFW,GEG,DFW-GEG,Dallas/Fort Worth,Spokane,hub,spoke,1475.2,356,57859,44563,9359215.04,5124517.32,85353596.8,65739337.6,0.7701999688898875,10.965226294950934,14.236856320255953,4234697.719999999,45.246291509506754,0.5454749455826583,63.69313113291704,0.48619999999999997,0.6079715469800112,0.4146618256278668,0.3501905718341672,0.47060235181185484,48.74825423375828,MAINTAIN
LAS,ATL,LAS-ATL,Las Vegas,Atlanta,spoke,hub,1742.6,332,50935,40978,9597639.67,5715832.13,88759331.0,71408262.8,0.8045155590458427,10.813105013150674,13.440516956533497,3881807.54,40.44543943583996,0.8548977500122017,43.16807738814994,0.504,0.5197186729989726,0.5651653171686519,0.2966030746457715,0.513318934485241,48.54972535936925,MAINTAIN
BIL,SEA,BIL-SEA,Billings,Seattle-Tacoma,spoke,hub,662.2,346,49776,40951,3864575.75,2725819.24,32961667.200000003,27117752.200000003,0.8227057216329154,11.724454732678083,14.25109176268673,1138756.5099999998,29.466533551580653,0.7586627921174086,163.2065559991595,0.49870000000000003,0.317896166788491,0.6449448858313783,0.6100035516947908,0.5005999520038397,48.54853913127751,MAINTAIN
ORD,SLC,ORD-SLC,Chicago O'Hare,Salt Lake City,hub,spoke,1246.9,302,47510,39257,7067440.79,4231607.08,59240219.00000001,48949553.3,0.8262892022732057,11.93013953915329,14.438213044939063,2835833.71,40.125326752118426,0.2932470642178465,10.340104998858708,0.4917,0.5138341208605787,0.6606615424816471,0.21089470574269967,0.4838012958963282,48.544816949763245,MAINTAIN
FAR,ORD,FAR-ORD,Fargo,Chicago O'Hare,spoke,hub,556.3,324,44534,38540,3536309.52,2230154.52,24774264.2,21439802.0,0.8654062064939148,14.274125323972289,16.494133294701136,1306155.0,36.93553951125862,0.8066424494032174,-22.795153564384332,0.4848,0.45519705246640185,0.8322233803249242,0.12438406381333315,0.46724262059035265,48.50978719190113,MAINTAIN
ORD,SEA,ORD-SEA,Chicago O'Hare,Seattle-Tacoma,hub,hub,1716.3,328,49200,40820,7832309.729999999,5346388.03,84441960.0,70059366.0,0.8296747967479675,9.27537651897232,11.179532698026414,2485921.6999999997,31.73931810278396,0.4717295443410093,-20.076819267102668,0.6919,0.35967620197924377,0.6755102974375463,0.13148118196581737,0.9642428605711539,48.36807206299206,MAINTAIN
ATL,PHX,ATL-PHX,Atlanta,Phoenix,hub,spoke,1583.7,357,56709,47531,9135985.6,5685703.51,89810043.3,75274844.7,0.8381562009557566,10.172565633313752,12.13683752707895,3450282.09,37.765844223747465,0.1256443163409143,0.7051957526140876,0.5024,0.4704603382399986,0.7127085778879101,0.18573956225006863,0.5094792416606669,47.99310784670907,MAINTAIN
ATL,MSP,ATL-MSP,Atlanta,Minneapolis,hub,spoke,906.6,308,44404,36827,4686800.0,3046796.01,40256666.400000006,33387358.200000003,0.829362219619854,11.642295349125082,14.03764853728379,1640003.9900000002,34.99197725527012,0.8562196214733755,72.59195649062545,0.4778,0.41946902914469003,0.6741393768459706,0.37342392287753784,0.45044396448284124,47.85738351173025,MAINTAIN
DEN,GEG,DEN-GEG,Denver,Spokane,hub,spoke,834.5,313,50400,39858,5348594.61,2997560.24,42058800.0,33261501.0,0.7908333333333334,12.716945347941454,16.08043668865094,2351034.37,43.95611448294078,0.4732801445130212,23.789577430085007,0.481,0.5842545424167374,0.5051569439358694,0.24600903845315575,0.45812335013198924,47.79113631610918,MAINTAIN
ATL,SEA,ATL-SEA,Atlanta,Seattle-Tacoma,hub,hub,2177.8,388,59200,43998,11201520.02,6738156.61,128925760.0,95818844.4,0.7432094594594595,8.688349031256436,11.69031007433022,4463363.409999999,39.84605126831706,0.5328424019273603,22.755788753279344,0.7068000000000001,0.5087002688485357,0.29628513767692544,0.24330998837998155,1.0,47.6213389634642,MAINTAIN
TUL,DEN,TUL-DEN,Tulsa,Denver,spoke,hub,540.3,292,45868,37934,3371467.86,2123997.77,24782480.4,20495740.2,0.8270253771692684,13.604238984891923,16.44960283015297,1247470.09,37.00080029830093,0.8674012759002478,46.248959695636664,0.47309999999999997,0.4563967253424607,0.6638903050277251,0.30464674527597946,0.4391648668106549,47.53353454707096,MAINTAIN
DFW,MSP,DFW-MSP,Dallas/Fort Worth,Minneapolis,hub,spoke,852.6,314,47770,38858,5267284.73,2957107.88,40728702.0,33130330.800000004,0.8134393971111576,12.932611331438943,15.898678349447689,2310176.850000001,43.85897038833517,0.1987750270214627,-18.32937826293308,0.4634,0.5824687665986787,0.6043040520897351,0.13604345941767054,0.4158867290616749,47.365522090469064,MAINTAIN
TUL,ATL,TUL-ATL,Tulsa,Atlanta,spoke,hub,672.4,378,61324,49487,5072552.5,3204868.08,41234257.6,33275058.8,0.8069760615745875,12.301791750944489,15.244308148299954,1867684.42,36.8194202031423,0.6101804514316891,73.0311670435552,0.4927,0.4530624600005841,0.5759567451999938,0.37457062848732153,0.48620110391168697,47.30584615844495,MAINTAIN
TUL,SEA,TUL-SEA,Tulsa,Seattle-Tacoma,spoke,hub,1555.5,354,51567,42485,8237864.49,4878502.05,80212468.5,66085417.5,0.8238796129307503,10.270054823209936,12.465479982781376,3359362.4400000004,40.77953022992735,1.145627868659527,-21.00559667810074,0.4961,0.5258601812763356,0.6500934127315584,0.12905629881961883,0.4943604511639067,47.283275313193364,MAINTAIN
DFW,ORD,DFW-ORD,Dallas/Fort Worth,Chicago O'Hare,hub,hub,802.1,322,51942,41196,4652320.72,3085996.31,41662678.2,33043311.6,0.7931153979438604,11.166638634383323,14.079462664995113,1566324.4099999997,33.667593106091786,0.4362559471793378,20.524928618493302,0.6740999999999999,0.3951232035232291,0.5151657676292709,0.2374855840842788,0.9215262778977678,47.25667818181303,MAINTAIN
PHX,DEN,PHX-DEN,Phoenix,Denver,spoke,hub,602.0,330,45044,37556,3624369.03,2393129.78,27116488.0,22608712.0,0.8337625432910043,13.36592345586936,16.03085142576897,1231239.25,33.971133728620345,0.7553520076685483,61.46465635402388,0.4828,0.40070311556740057,0.6934385954637436,0.34437239530545566,0.4624430045596351,47.188182483793256,MAINTAIN
DTW,SEA,DTW-SEA,Detroit,Seattle-Tacoma,spoke,hub,1922.2,336,55531,44481,10947576.88,6295326.16,106741688.2,85501378.2,0.8010120473249176,10.25613990617023,12.803977094254604,4652250.719999999,42.4957117999248,0.6013354016321576,-1.5071018106906646,0.49850000000000005,0.5574083217942093,0.549799393276424,0.17996362173718625,0.5001199904007679,47.142389994434225,MAINTAIN
ORD,SFO,ORD-SFO,Chicago O'Hare,San Francisco,hub,spoke,1842.2,334,38364,32306,8215077.86,4872874.44,70674160.8,59514113.2,0.8420915441559795,11.623877478004664,13.803579383587286,3342203.42,40.68377046398437,0.8731504983594379,-53.36273428886439,0.4849,0.5240998532290343,0.7299684556680406,0.04457720111282724,0.4674826013918885,47.11698856399727,MAINTAIN
DFW,MIA,DFW-MIA,Dallas/Fort Worth,Miami,hub,spoke,1120.2,306,43578,36139,5417519.51,3225489.97,48816075.6,40482907.8,0.8292945981917481,11.09781858417148,13.382239084120334,2192029.54,40.46186702149966,0.7580729959323722,-31.623430962343097,0.4968,0.5200206572352689,0.6738427984981508,0.10133490174416654,0.49604031677465793,47.11419903836772,MAINTAIN
MIA,ORD,MIA-ORD,Miami,Chicago O'Hare,spoke,hub,1199.5,335,50146,40852,7486045.09,4210771.84,60150127.0,49001974.0,0.8146611893271647,12.445601469802382,15.277027594847508,3275273.25,43.75171683610578,1.08812298051503,-47.08535347840794,0.49629999999999996,0.5804971511263257,0.6096626658746274,0.06096639700550971,0.49484041276697843,47.10338682353358,MAINTAIN
BIL,DEN,BIL-DEN,Billings,Denver,spoke,hub,455.3,302,52844,45418,3302633.8,2209591.55,24059873.200000003,20678815.4,0.8594731663008099,13.726729864893883,15.971097648079008,1093042.25,33.09607774255808,0.516359152758818,18.1484115694642,0.4757,0.3846171782214239,0.8062018763829579,0.23128089384245715,0.44540436765058783,46.84641743003886,MAINTAIN
SLC,ATL,SLC-ATL,Salt Lake City,Atlanta,spoke,hub,1586.7,310,54066,41545,8209339.8,4969896.61,85786522.2,65919451.5,0.7684126807975438,9.56949831916604,12.453592396775328,3239443.1899999995,39.46045929296287,0.5649777349861596,95.2528044220452,0.5066,0.5016120271183457,0.40682302416577626,0.43258762300286474,0.519558435325174,46.68018567881314,MAINTAIN
MSP,DEN,MSP-DEN,Minneapolis,Denver,spoke,hub,678.7,287,43870,34471,3910949.77,2338087.29,29774569.0,23395467.700000003,0.7857533622065193,13.135201957079545,16.71669838000289,1572862.4799999995,40.21689289044486,0.5597748832351832,80.91244548809125,0.4582,0.5155173584906191,0.48287688440499105,0.395147333997543,0.4034077273818093,46.64667904042754,MAINTAIN
BOS,SEA,BOS-SEA,Boston,Seattle-Tacoma,spoke,hub,2488.9,344,53410,44600,12587968.83,7837692.57,132932149.0,111004940.0,0.8350496161767459,9.46946914248712,11.340007778032222,4750276.26,37.736638246823496,0.5362331838565022,-9.49836423118866,0.4859,0.46992345200367774,0.6990835213499438,0.1590997663819063,0.4698824094072473,46.504257582642545,MAINTAIN
ATL,BOI,ATL-BOI,Atlanta,Boise,hub,spoke,1834.4,356,58697,46781,11024471.53,6200720.88,107673776.8,85815066.4,0.796991328347275,10.238771089526786,12.846778534917034,4823750.649999999,43.75493770266917,0.435732455484064,-17.31401777591154,0.4869,0.5805563595182043,0.5321650689973038,0.13869439655625643,0.47228221742260607,46.384502298124985,MAINTAIN
SEA,PHX,SEA-PHX,Seattle-Tacoma,Phoenix,hub,spoke,1107.6,308,50715,41338,6769763.640000001,4045451.38,56171933.99999999,45785968.8,0.8151040126195406,12.05186141534668,14.785673029157351,2724312.2600000007,40.24235416289956,0.2692921766897286,-19.83059292476333,0.5058,0.5159854067526487,0.6116048283534093,0.13212403794036906,0.5176385889128869,46.33659657144186,MAINTAIN
DEN,LAS,DEN-LAS,Denver,Las Vegas,hub,spoke,627.2,351,38748,33530,3102749.19,2202579.4,24302745.6,21030016.0,0.8653349850314855,12.76707266359238,14.753907890512306,900169.79,29.012006284658803,0.3815090963316433,45.66614308153649,0.4844,0.3095407046761243,0.8319110127182614,0.30312510815591076,0.46628269738420913,46.23614612888286,MAINTAIN
MCI,ATL,MCI-ATL,Kansas City,Atlanta,spoke,hub,691.5,327,59744,48881,5085624.2,3423952.13,41312976.0,33801211.5,0.8181742099625067,12.309992385927366,15.045686158320096,1661672.0700000003,32.67390598778416,0.7032589349645056,88.37765957446808,0.4912,0.3768564994709203,0.6250702945667436,0.4146377647578756,0.4826013918886488,46.23279351649264,MAINTAIN
LAX,DEN,LAX-DEN,Los Angeles,Denver,spoke,hub,861.0,319,48700,38447,5458030.29,3053435.09,41930700.0,33102867.0,0.7894661190965092,13.016787914344382,16.488089354919016,2404595.2,44.05609848676747,0.2662366374489557,-1.5597106079113032,0.471,0.586092523582255,0.4991605290296668,0.1798262689288476,0.4341252699784015,46.031118597284845,MAINTAIN
ORD,TUL,ORD-TUL,Chicago O'Hare,Tulsa,hub,spoke,585.2,287,37952,32139,2776352.27,1999473.97,22209510.4,18807742.8,0.8468328414839797,12.500736036036164,14.761751580311913,776878.3,27.9819786701635,0.8906313202028688,97.94311833417979,0.4778,0.29060596228786023,0.75076313817398,0.43961158459610383,0.45044396448284124,45.942208105028605,MAINTAIN
BIL,DFW,BIL-DFW,Billings,Dallas/Fort Worth,spoke,hub,1080.7,330,47835,39922,5924530.24,3567728.7800000003,51695284.5,43143705.4,0.8345771924323194,11.46048483396972,13.732084866312851,2356801.46,39.78039379540749,0.9515555332899154,-50.323974082073434,0.4809,0.507493303794481,0.6970115353313494,0.052510897952921264,0.4578833693304534,45.6434890340782,MAINTAIN
LAX,JFK,LAX-JFK,Los Angeles,New York JFK,spoke,spoke,2469.6,247,37050,28696,10488779.56,4859070.96,91498680.0,70867641.6,0.7745209176788124,11.463312432485363,14.800520129062685,5629708.599999999,53.67362873626833,0.1495678840256481,-7.867231638418079,0.31589999999999996,0.7628891988586398,0.4336129168533593,0.16335838194101435,0.06191504679625613,45.551784216443714,MAINTAIN
LAX,DFW,LAX-DFW,Los Angeles,Dallas/Fort Worth,spoke,hub,1232.3,320,54615,44294,6943843.2,4468680.72,67302064.5,54583496.2,0.8110226128353016,10.31742971272449,12.72150683524739,2475162.4800000004,35.645425864455014,0.4651645821104438,56.42365536579148,0.47619999999999996,0.4314812129975937,0.5937043663444479,0.33121118122812465,0.4466042716582671,45.425145377951445,MAINTAIN
BOI,SEA,BOI-SEA,Boise,Seattle-Tacoma,spoke,hub,398.8,302,48906,39536,2696757.71,1671870.84,19503712.8,15766956.8,0.8084079663027032,13.826894077316396,17.103856782305638,1024886.87,38.00441048892005,0.1670376365843787,18.00727107475574,0.4903,0.4748458427740557,0.5822368837654608,0.23091239951560127,0.4804415646748259,45.37462726553316,MAINTAIN
SFO,ATL,SFO-ATL,San Francisco,Atlanta,spoke,hub,2134.4,356,52903,40652,10875733.21,6672774.79,112916163.2,86767628.80000001,0.7684252310833034,9.631688592479556,12.53432110616811,4202958.420000001,38.6452879897373,0.9617239004231034,84.70277946845202,0.4998,0.4866269350570572,0.40687806800497806,0.4050432647971126,0.5032397408207343,45.28649051066,MAINTAIN
MIA,DFW,MIA-DFW,Miami,Dallas/Fort Worth,spoke,hub,1120.2,329,48284,41323,6050127.15,3854418.9,54087736.8,46290024.6,0.855832159721647,11.185765032786508,13.070045225251404,2195708.25,36.29193561659279,1.3891537400479153,-67.57835895388301,0.4968,0.4433658415609039,0.7902329188217865,0.007462572511077978,0.49604031677465793,45.080312834822244,MAINTAIN
SFO,DFW,SFO-DFW,San Francisco,Dallas/Fort Worth,spoke,hub,1461.5,326,55218,44630,8301142.31,5029390.32,80701107.0,65226745.0,0.808250932666884,10.28628059587832,12.726592918288352,3271751.99,39.41327431597784,0.2967510643065202,-6.362645653449577,0.4854,0.5007446373792411,0.581548155686686,0.16728660538158657,0.4686825053995679,44.94445907596205,MAINTAIN
JFK,ATL,JFK-ATL,New York JFK,Atlanta,spoke,hub,759.3,335,57537,46049,5162029.9,3145577.5300000003,43687844.1,34965005.7,0.80033717433999,11.815712142224935,14.763417870685489,2016452.37,39.0631671854516,0.4757540880366566,-18.747598924318094,0.5287,0.49430870475809785,0.5468394925398623,0.13495155491915917,0.5725941924646025,44.731279489172685,MAINTAIN
IAH,ORD,IAH-ORD,Houston,Chicago O'Hare,spoke,hub,926.7,314,57171,45790,6132251.79,3728010.53,52980365.7,42433593.0,0.8009305417082087,11.574574295548889,14.451408321703983,2404241.26,39.206499379569664,0.4454247652325835,17.98736562119029,0.4675,0.496943544963717,0.549441920773718,0.230860429691296,0.42572594192464597,44.61688754058724,MAINTAIN
DEN,STL,DEN-STL,Denver,St. Louis,hub,spoke,767.5,369,61536,46148,5999478.16,3493187.22,47228880.0,35418590.0,0.749934997399896,12.702986308377415,16.93878316443427,2506290.9400000004,41.775148990624885,0.5690387449076884,79.99268916778361,0.4798,0.5441623942320217,0.3257824284979622,0.3927460034168101,0.4552435805135588,44.59463025776951,MAINTAIN
MIA,SEA,MIA-SEA,Miami,Seattle-Tacoma,spoke,hub,2721.5,359,60282,48231,14397128.62,8613732.74,164057463.0,131260666.5,0.8000895789787996,8.775662110537453,10.968349471240876,5783395.880000001,40.1704814386801,0.514440919740416,-28.230240549828178,0.5146000000000001,0.5146641882739529,0.5457535731026883,0.11019395682638246,0.5387568994480442,44.51563948677364,MAINTAIN
MSP,ORD,MSP-ORD,Minneapolis,Chicago O'Hare,spoke,hub,333.7,300,41400,34051,2179429.51,1271120.93,13815180.0,11362818.7,0.822487922705314,15.775614288051257,19.180359799281145,908308.5799999998,41.676437610501104,0.8476696719626443,-64.71748878923766,0.4629,0.5423478073926683,0.6439896494822763,0.014931828076042505,0.4146868250539955,44.31259247009442,MAINTAIN
SLC,BOI,SLC-BOI,Salt Lake City,Boise,spoke,spoke,289.4,253,38620,31475,2104407.84,1136431.21,11176628.0,9108865.0,0.814992232004143,18.82864706600237,23.10285463666439,967976.63,45.99757763685199,0.1438602065131056,5.796301407673199,0.2901,0.6217822536843444,0.6111145738414671,0.199031591268305,0.0,44.12978631877655,MAINTAIN
LAX,LAS,LAX-LAS,Los Angeles,Las Vegas,spoke,spoke,236.4,215,25160,19550,1270250.48,671832.4299999999,5947824.0,4621620.0,0.777027027027027,21.356557961365365,27.484961550278907,598418.05,47.11024002132241,1.1324808184143222,68.97524287057348,0.2912,0.6422360505715103,0.4446043701658369,0.36398128592487317,0.0026397888168946237,44.12377382775722,MAINTAIN
SEA,SLC,SEA-SLC,Seattle-Tacoma,Salt Lake City,hub,spoke,687.6,375,52096,43810,4735369.49,3221001.15,35821209.6,30123756.0,0.8409474815724816,13.219457251382153,15.719717986030693,1514368.3400000003,31.97994038686937,1.0230540972380735,-3.783222231841399,0.51,0.3640995017994774,0.7249507534348842,0.17402105037120572,0.5277177825773937,44.08393665393622,MAINTAIN
ORD,IAH,ORD-IAH,Chicago O'Hare,Houston,hub,spoke,926.7,331,51180,40224,5822083.84,3385743.29,47428506.0,37275580.8,0.7859320046893318,12.27549491017069,15.619029174187943,2436340.55,41.84653840367918,0.6274860779634049,1.1145104895104896,0.4675,0.5454747281213368,0.48366038593530447,0.18680821486288807,0.42572594192464597,44.032552199363536,MAINTAIN
ATL,ORD,ATL-ORD,Atlanta,Chicago O'Hare,hub,hub,606.4,372,66291,48609,4948171.27,3139957.76,40198862.4,29476497.6,0.7332669593157443,12.30923208911504,16.78683586207338,1808213.51,36.54306634378078,0.294019625995186,33.94129381590197,0.6885,0.447982315486617,0.25267869001062426,0.2725134793207492,0.9560835133189343,44.02778215592929,MAINTAIN
LAX,ATL,LAX-ATL,Los Angeles,Atlanta,spoke,hub,1942.3,356,49401,40503,9893720.34,5952657.97,95951562.3,78668976.9,0.8198821886196636,10.31116128059126,12.57639380842132,3941062.37,39.833977862365984,0.7939165000123448,-57.87200345547476,0.49060000000000004,0.5084783264188226,0.6325612556783257,0.03280425026980889,0.4811615070794336,44.026672060298736,MAINTAIN
MCI,DFW,MCI-DFW,Kansas City,Dallas/Fort Worth,spoke,hub,460.9,354,58660,48809,3497370.41,2277633.42,27036394.0,22496068.1,0.8320661438799863,12.935787257723794,15.546585271939144,1219736.9900000002,34.87583089604742,0.6714335470917249,-5.531720675490644,0.4768,0.41733393940508706,0.6859984193442131,0.1694560121209718,0.44804415646748247,43.95310064924048,MAINTAIN
DFW,BIL,DFW-BIL,Dallas/Fort Worth,Billings,hub,spoke,1080.7,334,52520,42481,6120156.5,3881293.88,56758364.0,45909216.7,0.8088537699923839,10.7828275318154,13.330997433463072,2238862.62,36.581787083385855,0.3346437230761988,12.95331041366308,0.4809,0.44869410924747105,0.584192117859754,0.21771734989067087,0.4578833693304534,43.77516485416291,MONITOR
JFK,ORD,JFK-ORD,New York JFK,Chicago O'Hare,spoke,hub,737.8,333,53655,41554,4959679.85,3107444.43,39586659.0,30658541.2,0.7744664989283384,12.528664896929037,16.177155389245986,1852235.4199999997,37.34586658854602,0.6572652452230833,45.047970479704794,0.5138,0.46273999344587574,0.4333742436463885,0.30151116243988335,0.5368370530357571,43.42673487332876,MONITOR
DTW,DEN,DTW-DEN,Detroit,Denver,spoke,hub,1120.0,325,50300,41605,6292041.32,4097279.67,56336000.0,46597600.0,0.8271371769383697,11.168775418915082,13.502930022147064,2194761.6500000004,34.88155176323604,0.1955534190602091,-6.584645669291339,0.47550000000000003,0.41743910468893924,0.6643806435451959,0.1667070003109895,0.44492440604751615,43.315086373119996,MONITOR
SLC,DEN,SLC-DEN,Salt Lake City,Denver,spoke,hub,390.3,312,55809,45092,3124440.76,2018254.29,21782252.7,17599407.6,0.8079700406744432,14.343974441174304,17.753101871451623,1106186.4699999995,35.40430288074977,0.1652621307549011,18.18980667838313,0.487,0.42704870894032576,0.5803162017725598,0.2313889695781113,0.4725221982241419,43.305465766851384,MONITOR
MSP,SEA,MSP-SEA,Minneapolis,Seattle-Tacoma,spoke,hub,1395.0,317,42276,34053,5942382.06,3972033.88,58975020.0,47503935.0,0.8054924780017031,10.076100118321282,12.509241729132544,1970348.18,33.157547934573564,0.6216192405955422,54.15282392026578,0.4812,0.38574716952844396,0.5694499502797584,0.3252824184967017,0.4586033117350611,43.05083358409168,MONITOR
DEN,SLC,DEN-SLC,Denver,Salt Lake City,hub,spoke,390.3,310,47940,38523,2675796.63,1741587.75,18710982.0,15035526.9,0.8035669586983729,14.300674491590016,17.796493916019664,934208.88,34.913299072358875,0.3108792150144069,26.738830032243204,0.487,0.41802270760530963,0.5610048856061416,0.25370904584369985,0.4725221982241419,42.90804433460205,MONITOR
DEN,IAH,DEN-IAH,Denver,Houston,hub,spoke,862.3,331,54008,44612,5683055.94,3610800.52,46571098.4,38468927.6,0.8260257739594135,12.202967366558823,14.77310727008673,2072255.4199999997,36.46375192991677,0.5498968887294898,-26.468307128252132,0.4628,0.446524298271295,0.6595061818768535,0.11479407156658959,0.41444684425245965,42.86121057289182,MONITOR
SEA,MIA,SEA-MIA,Seattle-Tacoma,Miami,hub,spoke,2721.5,338,61011,46353,14533091.5,8117864.92,166041436.5,126149689.5,0.7597482421202734,8.752689573364417,11.520513096467036,6415226.58,44.142201815766455,0.4830755290919681,-31.424138163664576,0.5146000000000001,0.5876753397421565,0.3688219795314349,0.10185522205229607,0.5387568994480442,42.84602101073872,MONITOR
ORD,MCI,ORD-MCI,Chicago O'Hare,Kansas City,hub,spoke,402.0,348,50296,39763,2960658.33,1867726.23,20218992.0,15984726.0,0.7905797677747733,14.642957126646078,18.521795931941533,1092932.1,36.91517149836064,0.8547644795412821,30.10698930106989,0.4763,0.45482263233265335,0.5040448400284518,0.26250274877830654,0.4468442524598031,42.746745056480606,MONITOR
ATL,TUL,ATL-TUL,Atlanta,Tulsa,hub,spoke,672.4,301,46680,36305,3946359.09,2494298.04,31387632.0,24411482.0,0.7777420736932305,12.57297489023702,16.165995534396476,1452061.0499999998,36.794954966959175,0.5734747279988982,43.447749809305876,0.4927,0.45261272162650906,0.4477404671814829,0.29733325276217165,0.48620110391168697,42.53770215851617,MONITOR
SEA,BIL,SEA-BIL,Seattle-Tacoma,Billings,hub,spoke,662.2,354,47800,38249,3650555.26,2531190.67,31653160.0,25328487.8,0.8001882845188284,11.532988365142687,14.412843312343345,1119364.59,30.662858394862376,0.987110774137886,75.30224525043178,0.49870000000000003,0.339887909923765,0.5461864821198795,0.3805000354715374,0.5005999520038397,42.36917843943593,MONITOR
ATL,JFK,ATL-JFK,Atlanta,New York JFK,hub,spoke,759.3,357,52964,43279,4304025.16,3088705.67,40215565.2,32861744.7,0.8171399441129824,10.702386348656862,13.097372641934014,1215319.4900000002,28.23681193350645,0.8603710806626771,52.403035413153454,0.5287,0.2952904990181921,0.6205341458125662,0.32071401210560635,0.5725941924646025,42.328166735123,MONITOR
DEN,DFW,DEN-DFW,Denver,Dallas/Fort Worth,hub,hub,640.9,334,51630,40621,3848939.46,2712701.09,33089667.0,26033998.9,0.7867712570211117,11.63184706573203,14.784280643109346,1136238.37,29.520816884971214,0.547992417714975,-2.188313224509108,0.6694,0.31889404385436954,0.48734123203594215,0.17818509218122808,0.9102471802255817,42.156702102081624,MONITOR
ORD,PDX,ORD-PDX,Chicago O'Hare,Portland,hub,spoke,1735.0,318,50898,40329,9351450.25,5549395.35,88308030.0,69970815.0,0.7923494046917364,10.58958086824041,13.36478680432692,3802054.9,40.65738252737858,0.4393860497408812,-27.956777996070727,0.4615,0.5236147703295498,0.5118062258461512,0.11090792201316524,0.41132709383249333,42.12781130708648,MONITOR
MCI,DEN,MCI-DEN,Kansas City,Denver,spoke,hub,531.5,334,32608,25815,2461355.09,1804720.3,17331152.0,13720672.5,0.7916768891069677,14.201912775330802,17.939026603834467,656634.7899999998,26.677775696313688,1.0818516366453612,159.44279515871202,0.4716,0.2666311222114085,0.5088566643447084,0.6001769989381777,0.4355651547876169,41.92367879765186,MONITOR
SEA,SFO,SEA-SFO,Seattle-Tacoma,San Francisco,hub,spoke,679.2,337,52210,42416,4428416.26,2852422.85,35461032.0,28808947.200000003,0.8124114154376556,12.488120086296416,15.371669881778946,1575993.4099999997,35.588194909211175,0.4160694077706526,-31.95561273721454,0.5032000000000001,0.4304291505296303,0.5997954648732875,0.1004676304498588,0.5113990880729542,41.892391573108895,MONITOR
DEN,ORD,DEN-ORD,Denver,Chicago O'Hare,hub,hub,886.2,306,48120,35848,4911710.46,3176572.85,42643944.0,31768497.6,0.744970906068163,11.5179554217593,15.460946632868152,1735137.61,35.32654508303407,0.0893773711225173,-4.85522404491908,0.6689,0.4256193066139164,0.3040106019212448,0.1712222321630487,0.9090472762179025,41.68519109911729,MONITOR
SLC,ORD,SLC-ORD,Salt Lake City,Chicago O'Hare,spoke,hub,1246.9,329,55395,45365,6913146.11,4655463.84,69072025.5,56565618.5,0.8189367271414387,10.0086048728946,12.22146295456842,2257682.2700000005,32.65781214625594,0.2755428193541276,-1.106259097525473,0.4917,0.3765606503702885,0.6284145907676115,0.18101015530693174,0.4838012958963282,41.65001332858539,MONITOR
IAH,SEA,IAH-SEA,Houston,Seattle-Tacoma,spoke,hub,1872.8,335,37458,30268,7048358.279999999,4744769.12,70151342.39999999,56685910.4,0.8080516845533664,10.047360519219373,12.43405677048101,2303589.159999999,32.68263428856229,0.8174970265627065,22.68377555458895,0.4858,0.3770169496611826,0.5806742806744533,0.24312197391091672,0.4696424286057114,41.50461091061264,MONITOR
SEA,FAR,SEA-FAR,Seattle-Tacoma,Fargo,hub,spoke,1192.2,341,47680,36251,6407803.199999999,3940322.9,56844096.0,43218442.2,0.7602978187919464,11.272592319877862,14.82654828313085,2467480.3,38.50742950407715,0.471711125210339,27.9510556621881,0.5031,0.48409271667759163,0.371232347751251,0.2568739650855281,0.5111591072714181,41.449383271666775,MONITOR
LAX,SEA,LAX-SEA,Los Angeles,Seattle-Tacoma,spoke,hub,955.2,330,56824,46308,6645427.609999999,4368743.109999999,54278284.8,44233401.6,0.8149373504153175,12.243252775002942,15.023550913163325,2276684.5,34.25941314256525,0.3099248509976678,-22.682036228252308,0.494,0.40600248459602717,0.6108738706887016,0.12467939433998179,0.4893208543316533,41.34534685283307,MONITOR
ATL,OMA,ATL-OMA,Atlanta,Omaha,hub,spoke,820.3,392,66249,51627,6557812.399999999,4158900.81,54344054.7,42349628.1,0.7792872345242947,12.067212202331303,15.484935037717603,2398911.5899999994,36.5809731001149,0.417146066980456,34.47028928850664,0.4719,0.44867914599471265,0.4545173315457659,0.2738945984034753,0.43628509719222447,41.332267554385524,MONITOR
JFK,DFW,JFK-DFW,New York JFK,Dallas/Fort Worth,spoke,hub,1388.7,322,48447,39390,7358215.22,4702690.22,67278348.9,54700893.0,0.8130534398414763,10.936973543950923,13.451727780751222,2655525.0,36.08925426348157,1.1534907336887534,-58.75,0.5143,0.4396400004727054,0.6026112962196305,0.030511947509180907,0.5380369570434363,41.33167573023414,MONITOR
JFK,SFO,JFK-SFO,New York JFK,San Francisco,spoke,spoke,2580.0,242,32164,25595,8625967.02,4942955.21,82983120.0,66035100.0,0.7957654520582017,10.394845385422965,13.062700018626458,3683011.81,42.69679911203741,0.5576089079898418,10.657520495231722,0.3251,0.5611048600217464,0.5267885430257526,0.21172342474294975,0.08399328053755692,41.10827567943602,MONITOR
ORD,MIA,ORD-MIA,Chicago O'Hare,Miami,hub,spoke,1199.5,367,51328,36853,6554498.96,4063341.49,61567936.0,44205173.5,0.717990180798005,10.645961820126631,14.827447651574085,2491157.47,38.00683294333759,0.6508018343147098,118.49802371541503,0.49629999999999996,0.47489037415331,0.18567682596091029,0.4932770194359765,0.49484041276697843,40.925682195379366,MONITOR
OMA,ORD,OMA-ORD,Omaha,Chicago O'Hare,spoke,hub,415.1,346,47128,37739,2970954.98,2049069.0,19562832.8,15665458.9,0.8007766083856731,15.18673195428016,18.965004465971948,921885.98,31.029954550169585,0.7807308089774504,65.33091568449683,0.45699999999999996,0.3466361475774418,0.5487667902455592,0.3544665545499423,0.40052795776337874,40.68186611668618,MONITOR
ORD,BOS,ORD-BOS,Chicago O'Hare,Boston,hub,spoke,863.9,301,37576,30904,4134440.55,2610221.98,32461906.4,26697965.6,0.8224398552267405,12.736283873950176,15.485976017588396,1524218.5700000003,36.866380144225324,1.1193373026145483,-70.43666937889883,0.4676,0.4539257129604679,0.643778832086393,0.0,0.42596592272618183,40.64098816147126,MONITOR
DFW,FAR,DFW-FAR,Dallas/Fort Worth,Fargo,hub,spoke,968.8,342,53870,43777,5666744.79,3952956.95,52189256.0,42411157.6,0.8126415444588825,10.858067779314576,13.361448049699073,1713787.84,30.242897880707275,0.2708271466751947,29.436605211659284,0.48529999999999995,0.3321678798615943,0.6008047793289649,0.2607524875632491,0.46844252459803193,40.54852229792336,MONITOR
ORD,DFW,ORD-DFW,Chicago O'Hare,Dallas/Fort Worth,hub,hub,802.1,330,47845,38608,4238698.28,3050653.4,38376474.5,30967476.8,0.8069390740934267,11.045043441913874,13.687580384334058,1188044.8800000004,28.02853143866613,0.7776626605884791,-57.88447909284196,0.6740999999999999,0.29146173029509925,0.5757945231594375,0.03277167845827302,0.9215262778977678,40.53166002842188,MONITOR
PHX,ORD,PHX-ORD,Phoenix,Chicago O'Hare,spoke,hub,1437.8,329,38696,31717,6050379.75,4063320.43,55637108.8,45602702.6,0.8196454413892909,10.87471991355525,13.267590307246396,1987059.32,32.84189426291796,0.8371535769461173,-25.665740892011108,0.4875,0.37994458630387956,0.6315229146612612,0.11688943835407156,0.47372210223182126,40.42947661924546,MONITOR
DFW,ATL,DFW-ATL,Dallas/Fort Worth,Atlanta,hub,hub,729.8,313,51366,41128,4162746.15,3158328.18,37486906.8,30015214.4,0.8006852781995872,11.10453357010507,13.86878699090685,1004417.9699999996,24.12873458546109,0.1795370550476561,-5.630079310682463,0.6890000000000001,0.2197727311431869,0.5483662285234229,0.16919921410463826,0.9572834173266138,40.24330050080502,MONITOR
BIL,ORD,BIL-ORD,Billings,Chicago O'Hare,spoke,hub,1057.9,332,52350,41287,6482424.42,4087376.2,55381065.00000001,43677517.3,0.7886723973256925,11.70512777246158,14.841558817263634,2395048.22,36.94679744526817,0.4088453992782231,-18.594563331405435,0.4804,0.45540400427749417,0.4956793737507703,0.13535110536647638,0.45668346532277404,40.16541860204016,MONITOR
ORD,LAX,ORD-LAX,Chicago O'Hare,Los Angeles,hub,spoke,1741.6,325,43052,32469,8624624.67,4808621.14,74979363.2,56548010.4,0.7541809904301775,11.502664602518257,15.251862283027378,3816003.53,44.24544459625744,0.5691582740460132,-47.66817994222039,0.4757,0.5895732261915433,0.3444047740036333,0.05944473416948254,0.44540436765058783,40.06300859590103,MONITOR
DEN,PDX,DEN-PDX,Denver,Portland,hub,spoke,989.7,355,40154,34348,4731673.72,3315351.8,39740413.8,33994215.6,0.8554066842655775,11.906453072715614,13.919055452481157,1416321.92,29.93278919494052,0.7711657156166298,-50.38155136268344,0.4568,0.3264672287385331,0.7883668415836469,0.05236057326187919,0.400047996160307,39.81579159677469,MONITOR
OMA,ATL,OMA-ATL,Omaha,Atlanta,spoke,hub,820.3,304,38133,31270,3801617.22,2616027.75,31280499.9,25650781.0,0.8200246505651273,12.15331350890591,14.820668501282668,1185589.4699999995,31.186450433849828,0.7842660697153822,-5.267175572519084,0.4719,0.34951297262621595,0.6331860743134284,0.17014669532882,0.43628509719222447,39.75738112734412,MONITOR
ORD,MSP,ORD-MSP,Chicago O'Hare,Minneapolis,hub,spoke,333.7,298,41876,32371,2080184.94,1478396.34,13974021.2,10802202.7,0.7730203457827872,14.88608690532114,19.25704412119576,601788.5999999999,28.929572002381665,1.0244972351796362,131.3561762165275,0.4629,0.3080253356928918,0.42703161346812324,0.5268475142843517,0.4146868250539955,39.75405642591572,MONITOR
MCI,ORD,MCI-ORD,Kansas City,Chicago O'Hare,spoke,hub,402.0,333,54574,43061,3248018.72,2021631.16,21938748.0,17310522.0,0.7890387363946202,14.804941102381958,18.763262713856925,1226387.5599999998,37.75802006461342,0.4887949652818095,-39.896883766775346,0.4763,0.470316508661526,0.4972860868718573,0.07973429429100108,0.4468442524598031,39.542162190974544,MONITOR
ATL,FAR,ATL-FAR,Atlanta,Fargo,hub,spoke,1123.3,301,48722,36807,5640581.46,3426608.75,54729422.6,41345303.1,0.7554492836911457,10.306305442367302,13.642617267449664,2213972.71,39.25078869439818,0.1596435460646073,-7.344694887300715,0.49970000000000003,0.4977577044629666,0.3499673350205313,0.16472263837754006,0.5029997600191984,39.498940721870724,MONITOR
BOI,ORD,BOI-ORD,Boise,Chicago O'Hare,spoke,hub,1433.6,314,48750,39467,6918139.38,4556756.72,69888000.0,56579891.2,0.8095794871794871,9.898894488324176,12.22720516648855,2361382.66,34.13320446862694,0.3584767020548813,-30.140605027694928,0.472,0.40368242181852854,0.5873750143226679,0.10520631331716167,0.4365250779937603,39.48367466705747,MONITOR
BOI,DFW,BOI-DFW,Boise,Dallas/Fort Worth,spoke,hub,1270.2,321,52848,42027,6994884.95,4553755.89,67127529.6,53382695.400000006,0.7952429609445958,10.420292526302056,13.103281686297166,2441129.0600000005,34.89877356739085,0.1518071715801746,-14.265271442625881,0.4725,0.4177556888470176,0.5244969683642259,0.14665416550958887,0.43772498200143967,39.32160980319972,MONITOR
MCI,SEA,MCI-SEA,Kansas City,Seattle-Tacoma,spoke,hub,1486.2,278,46179,35826,6432630.54,4467983.78,68631229.8,53244601.2,0.7758071850841292,9.37274555438609,12.081282223971282,1964646.76,30.541887145285973,0.8802545637246693,70.21393307734503,0.49460000000000004,0.33766412542043595,0.4392543100124301,0.36721529976951833,0.4907607391408687,39.19363984963159,MONITOR
PHX,ATL,PHX-ATL,Phoenix,Atlanta,spoke,hub,1583.7,333,54925,43655,8271177.1,5525215.41,86984722.5,69136423.5,0.7948111060537096,9.508769887723671,11.96355941090878,2745961.6899999995,33.1991644816794,0.1715267437865078,-14.802494802494802,0.5024,0.3865121962009804,0.5226029117962944,0.14525156478344675,0.5094792416606669,39.07278056352552,MONITOR
DEN,PHX,DEN-PHX,Denver,Phoenix,hub,spoke,602.0,304,43521,36694,3158956.54,2226170.36,26199642.0,22089788.0,0.8431332000643368,12.05725078228168,14.300529004624218,932786.1800000002,29.52830050647041,1.025562762304464,-53.86204047914085,0.4828,0.3190316134138886,0.7345370162109124,0.04327359580195636,0.4624430045596351,38.92680692626201,MONITOR
SEA,TUL,SEA-TUL,Seattle-Tacoma,Tulsa,hub,spoke,1555.5,314,47800,38072,7293076.51,5042895.96,74352900.0,59220996.0,0.7964853556485356,9.808731750879923,12.3150183255952,2250180.55,30.85365341930301,0.1703088884219374,14.156917462702587,0.4961,0.34339524757753853,0.5299459418472675,0.22085976745305033,0.4943604511639067,38.81706056580284,MONITOR
FAR,DFW,FAR-DFW,Fargo,Dallas/Fort Worth,spoke,hub,968.8,320,52676,43409,5274052.06,3716810.04,51032508.8,42054639.2,0.8240754802946313,10.334690933321312,12.540951867208031,1557242.0199999996,29.526481769313435,0.4838627934299339,-22.924153584263287,0.48529999999999995,0.3189981800194294,0.6509524602376338,0.12404726624444352,0.46844252459803193,38.54132190057737,MONITOR
SEA,MSP,SEA-MSP,Seattle-Tacoma,Minneapolis,hub,spoke,1395.0,318,48540,36670,6431267.34,3957459.21,67713300.0,51154650.0,0.7554594149155336,9.497790448848306,12.572204755579405,2473808.13,38.46532882584228,0.2575402236160349,-2.5501843506759525,0.4812,0.48331879034248154,0.35001176918695615,0.17724030693500326,0.4586033117350611,38.506901658099146,MONITOR
ORD,PHX,ORD-PHX,Chicago O'Hare,Phoenix,hub,spoke,1437.8,327,55984,45497,7814824.57,5382967.5600000005,80493795.2,65415586.6,0.812678622463561,9.70860493107921,11.946425884377838,2431857.01,31.118510572016586,0.2682374662065631,-23.999056084323133,0.4875,0.3482640509821714,0.6009673983933065,0.12124087482564191,0.47372210223182126,38.48539602910967,MONITOR
IAH,DEN,IAH-DEN,Houston,Denver,spoke,hub,862.3,321,45740,36192,5147866.84,3210979.6500000004,39441602.0,31208361.6,0.7912549191080017,13.051870560430077,16.495152504257067,1936887.1899999997,37.625044512612135,0.8690318302387268,-54.9552741121247,0.4628,0.4678720520414817,0.5070059615626432,0.04041934484786483,0.41444684425245965,38.41512068146954,MONITOR
TUL,DFW,TUL-DFW,Tulsa,Dallas/Fort Worth,spoke,hub,237.2,321,45636,32516,2034141.07,1241583.87,10824859.2,7712795.199999999,0.7125076693838198,18.791385942461037,26.373591120376176,792557.1999999997,38.96274509614025,0.9223766760979212,77.22371967654986,0.47829999999999995,0.4924626703756767,0.16163127970927793,0.38551668520544746,0.4516438684905205,38.224280539225774,MONITOR
LAS,ORD,LAS-ORD,Las Vegas,Chicago O'Hare,spoke,hub,1511.2,320,52305,42207,7246100.62,5077285.23,79043316.0,63783218.4,0.8069400630914827,9.16725282628578,11.360512689337735,2168815.39,29.930793177420707,0.387613429052053,-1.8256918628665841,0.4891,0.32643053644309533,0.575798860769832,0.17913183616733944,0.4775617950563953,38.19825662616233,MONITOR
OMA,DFW,OMA-DFW,Omaha,Dallas/Fort Worth,spoke,hub,583.8,329,47123,39288,3434308.22,2432230.52,27510407.4,22936334.4,0.8337329966258515,12.48366907136388,14.973221789092856,1002077.6999999996,29.17844397786753,0.837202199144777,-26.92873171864118,0.4575,0.3126002875458014,0.6933090078259189,0.11359197963787873,0.40172786177105824,38.134494216803475,MONITOR
DEN,DTW,DEN-DTW,Denver,Detroit,hub,spoke,1120.0,353,60087,49028,6769881.07,4720152.23,67297440.0,54911360.0,0.8159502055353072,10.059641302848965,12.328744125077217,2049728.84,30.27717649403256,0.4519050338582034,-19.14150237085101,0.47550000000000003,0.332798015115841,0.6153161149074553,0.13392313861896002,0.44492440604751615,38.04715234041196,MONITOR
DEN,LAX,DEN-LAX,Denver,Los Angeles,hub,spoke,861.0,325,42340,34434,4332179.86,3024726.09,36454740.0,29647674.0,0.8132735002361833,11.883721732756838,14.612208229218927,1307453.7700000005,30.180043586648324,0.7061625137945055,-10.62919975565058,0.471,0.3310124449497006,0.6035764510545825,0.15614734315119533,0.4341252699784015,37.964734987052516,MONITOR
DFW,LAS,DFW-LAS,Dallas/Fort Worth,Las Vegas,hub,spoke,1052.8,310,43191,33996,4963231.390000001,3412663.54,45471484.8,35790988.8,0.7871084253663958,10.91504139754856,13.867265354792323,1550567.8500000006,31.241095330032564,0.6656077185551241,15.710439105219553,0.4896,0.350517496211305,0.48882000634731665,0.22491575374598335,0.4787616990640747,37.9209405680159,MONITOR
ORD,OMA,ORD-OMA,Chicago O'Hare,Omaha,hub,spoke,415.1,363,51763,41131,3248983.43,2070392.03,21486821.3,17073478.1,0.794602322121979,15.120819336827635,19.029417503396683,1178591.3999999997,36.275697472547584,0.9816440154627896,-48.85041422321512,0.45699999999999996,0.44306733978286167,0.5216872139877979,0.056358117345154765,0.40052795776337874,37.8999556543632,MONITOR
DEN,SEA,DEN-SEA,Denver,Seattle-Tacoma,hub,hub,1022.5,378,60788,45004,6185143.07,4362224.45,62155730.0,46016590.0,0.7403434888464828,9.95104243808254,13.441115628081093,1822918.62,29.472537649804117,0.2161585636832281,0.4663113818043395,0.6872,0.31800653863826983,0.2837153820076814,0.1851158749404857,0.9529637628989679,37.80992003801706,MONITOR
DTW,ATL,DTW-ATL,Detroit,Atlanta,spoke,hub,595.0,367,56780,46162,3878320.51,2861719.67,33784100.0,27466390.0,0.8129975343430785,11.479721259409011,14.120241174759403,1016600.84,26.212398830338028,0.3726008405181751,24.339998268847918,0.4951,0.2580762146082522,0.6023661023393287,0.24744609559884836,0.4919606431485479,37.7105327020185,MONITOR
BOS,ORD,BOS-ORD,Boston,Chicago O'Hare,spoke,hub,863.9,351,55943,43737,5592238.69,3675309.85,48329157.7,37784394.3,0.7818136317322989,11.571148673257344,14.800392579007148,1916928.8399999996,34.27838020268766,0.6140338843542081,-10.325191068484939,0.4676,0.4063511513620696,0.4655977646403293,0.1569410592053075,0.42596592272618183,37.422300195489896,MONITOR
FAR,ATL,FAR-ATL,Fargo,Atlanta,spoke,hub,1123.3,366,63394,49711,7036109.76,4943581.34,71210480.2,55840366.3,0.7841593841688488,9.880722247959223,12.600400438275775,2092528.42,29.739849027028253,0.5663132908209451,26.168999481596682,0.49970000000000003,0.322920457443904,0.47588591444007255,0.25222131317267493,0.5029997600191984,37.40338882249945,MONITOR
SEA,BOI,SEA-BOI,Seattle-Tacoma,Boise,hub,spoke,398.8,300,48868,36829,2651254.98,1769886.51,19488558.4,14687405.2,0.7536424654170418,13.604161608998233,18.051214247156462,881368.47,33.24344420467623,0.373075565451139,44.60459680560966,0.4903,0.387326179375965,0.34204287684870704,0.3003535876140421,0.4804415646748259,37.257814318659506,MONITOR
ATL,SFO,ATL-SFO,Atlanta,San Francisco,hub,spoke,2134.4,314,51898,39492,9868513.94,6307388.8100000005,110771091.2,84291724.80000001,0.7609541793518054,8.908925454369813,11.707571488678328,3561125.129999999,36.08572832395471,0.3249265674060569,-17.46976006345429,0.4998,0.4395751840001389,0.37411105551992135,0.13828777938001938,0.5032397408207343,37.25013544791499,MONITOR
DEN,MIA,DEN-MIA,Denver,Miami,hub,spoke,1708.0,391,59810,46196,9830550.22,6385556.93,102155480.0,78902768.0,0.7723792008025414,9.62312567079123,12.459068888432409,3444993.290000001,35.04374844646285,0.3460905706121742,-30.360805165210785,0.49160000000000004,0.42042072612307463,0.4242196391534662,0.10463140742913088,0.4835613150947924,36.76836789876414,MONITOR
ATL,MIA,ATL-MIA,Atlanta,Miami,hub,spoke,596.4,338,53290,43774,3617212.57,2656505.43,31782156.0,26106813.6,0.8214299118033402,11.381268690519295,13.855434927531714,960707.1399999995,26.55932216889315,0.4533284598163293,-37.03620754012692,0.5112,0.26445362037055925,0.6393493581711962,0.08720304351615311,0.5305975521958242,36.264902922362694,MONITOR
ATL,BOS,ATL-BOS,Atlanta,Boston,hub,spoke,945.0,346,55215,41612,6043660.24,3851077.78,52178175.0,39323340.0,0.7536357873766186,11.582735961922776,15.369142702527302,2192582.46,36.27904900226489,0.3881572623281745,-29.706923146719898,0.48250000000000004,0.44312895012311926,0.3420135878755093,0.10633858448518882,0.46172306215502756,35.32811532384169,MONITOR
DFW,PDX,DFW-PDX,Dallas/Fort Worth,Portland,hub,spoke,1613.6,372,50496,39838,7772265.859999999,5443321.14,81480345.6,64282596.8,0.7889337769328264,9.53882289375071,12.090777670636976,2328944.72,29.96481028763985,0.9518550128018476,-8.443549093457126,0.46199999999999997,0.3270558645505445,0.4968257490079764,0.16185371304291696,0.41252699784017255,34.927857535682115,MONITOR
SEA,ORD,SEA-ORD,Seattle-Tacoma,Chicago O'Hare,hub,hub,1716.3,296,49303,35432,7414939.279999999,5263602.95,84618738.9,60811941.6,0.7186580938279618,8.762762688726385,12.193228969357556,2151336.329999999,29.013539406893152,0.1905622036577105,-8.156642146257031,0.6919,0.3095688876822385,0.18860620128557237,0.16260277930201683,0.9642428605711539,34.813609034036496,MONITOR
SEA,MCI,SEA-MCI,Seattle-Tacoma,Kansas City,hub,spoke,1486.2,308,40428,31638,5156163.199999999,4070228.5,60084093.6,47020395.6,0.7825764321757198,8.581577737239925,10.965801402147282,1085934.6999999993,21.060906295595903,0.708641507048486,99.42252165543792,0.49460000000000004,0.16337760392274994,0.4689433032005567,0.44347406029552244,0.4907607391408687,34.48957902994739,MONITOR
DEN,OMA,DEN-OMA,Denver,Omaha,hub,spoke,471.1,333,56827,44197,3532112.31,2369060.14,26771199.700000003,20821206.7,0.7777464937441709,13.193701999092704,16.964013473820422,1163052.17,32.92794984766495,0.4335135868950381,-28.987993138936535,0.45230000000000004,0.38152652479302773,0.44775985292120957,0.10821559100852457,0.38924886009119264,34.45810203628973,MONITOR
DEN,FAR,DEN-FAR,Denver,Fargo,hub,spoke,626.5,342,56441,46507,4117637.1,3158213.63,35360286.5,29136635.5,0.8239931964352155,11.64480695030568,14.13216395558094,959423.4700000002,23.300340624966687,0.4690906745221149,-10.942824687618327,0.48009999999999997,0.20454457025000458,0.6505915744687094,0.1553285206833459,0.45596352291816633,34.39259542915734,MONITOR
ORD,LAS,ORD-LAS,Chicago O'Hare,Las Vegas,hub,spoke,1511.2,307,48420,38022,6664522.3100000005,4777385.84,73172304.0,57458846.4,0.7852540272614622,9.107984777956425,11.59877499733444,1887136.470000001,28.31615504037529,0.1331860501814739,-8.305479590803202,0.4891,0.29674904368991156,0.4806868695360097,0.162214189520946,0.4775617950563953,34.29484420226155,MONITOR
SEA,STL,SEA-STL,Seattle-Tacoma,St. Louis,hub,spoke,1705.3,318,42160,30859,6991862.93,4677808.93,71895448.0,52623852.7,0.731949715370019,9.725042578495373,13.286490006460513,2314054.0,33.09638680230821,0.4414919472439159,26.73007995588641,0.5028,0.384622859590223,0.24690143797615174,0.25368620085152593,0.5104391648668106,34.28776182304539,CUT / RESTRUCTURE
DEN,BOI,DEN-BOI,Denver,Boise,hub,spoke,647.6,312,43452,33313,3246696.38,2252943.1,28139515.2,21573498.8,0.7666620638865875,11.537854710446467,15.04946606064659,993753.2799999998,30.608137124297404,0.5511361930777774,9.64277093893314,0.4673,0.3388819823673334,0.39914505749663726,0.20907408264274016,0.4252459803215741,34.094077089787675,CUT / RESTRUCTURE
DFW,SLC,DFW-SLC,Dallas/Fort Worth,Salt Lake City,hub,spoke,987.6,310,46156,36598,4929491.86,3482608.5500000003,45583665.6,36144184.8,0.792919663749025,10.814162913655633,13.638409296756365,1446883.31,29.351571137395084,0.9893436799825128,-47.94164915317097,0.49219999999999997,0.3157828412171147,0.5143073041844409,0.05873075160187717,0.4850011999040075,33.93862928389327,CUT / RESTRUCTURE
ORD,BIL,ORD-BIL,Chicago O'Hare,Billings,hub,spoke,1057.9,321,46008,35337,4770254.29,3914872.79,48671863.2,37383012.3,0.7680620761606677,9.800845861187412,12.76048663954242,855381.5,17.931570268552708,0.8434219090471744,167.55115808410164,0.4804,0.1058517952118742,0.40528532011463136,0.6213465842104008,0.45668346532277404,33.64338847539038,CUT / RESTRUCTURE
ATL,DTW,ATL-DTW,Atlanta,Detroit,hub,spoke,595.0,322,45632,37100,2792566.48,2052517.26,27151040.0,22074500.0,0.8130259467040674,10.285302073143422,12.6506443181046,740049.22,26.500684058916296,0.8319137466307278,-58.15659955257271,0.4951,0.263375690525843,0.6024907150740159,0.03206121725548839,0.4919606431485479,33.6179294902221,CUT / RESTRUCTURE
DEN,SFO,DEN-SFO,Denver,San Francisco,hub,spoke,965.3,327,43772,33418,4591091.87,3080566.68,42253111.6,32258395.4,0.7634560906515581,10.865689404043795,14.23223881123362,1510525.1900000004,32.90121898606225,0.7089592435214555,-40.16863801381895,0.4802,0.3810351379883046,0.3850840967652216,0.07902478920855537,0.4562035037197023,33.29205627862937,CUT / RESTRUCTURE
LAS,DFW,LAS-DFW,Las Vegas,Dallas/Fort Worth,spoke,hub,1052.8,347,56892,43583,6422515.99,4479961.52,59895897.6,45884182.4,0.7660655276664557,10.722797799761166,13.9972331510913,1942554.470000001,30.24600441672082,0.4380607117454053,-16.464260929909784,0.4896,0.33222498654330695,0.39652873111109804,0.14091297016693694,0.4787616990640747,33.201902628809584,CUT / RESTRUCTURE
STL,ATL,STL-ATL,St. Louis,Atlanta,spoke,hub,483.9,333,44848,36126,2831291.0,2065871.25,21701947.2,17481371.4,0.8055208704958973,13.046253287354787,16.196046266713378,765419.75,27.03430166662487,0.9806787355367326,-62.57545271629779,0.4994,0.273185050773679,0.5695744758813976,0.020524327538577292,0.5022798176145907,33.11144774297251,CUT / RESTRUCTURE
STL,DEN,STL-DEN,St. Louis,Denver,spoke,hub,767.5,309,33992,25107,3156586.76,2275183.52,26088860.0,19269622.5,0.7386149682278184,12.099366396231954,16.381155157554332,881403.2399999998,27.922667964304576,0.6469908790377186,78.49334600760456,0.4798,0.2895156682797185,0.27613432665858395,0.38883146811864944,0.4552435805135588,33.08926796772971,CUT / RESTRUCTURE
MIA,ATL,MIA-ATL,Miami,Atlanta,spoke,hub,596.4,365,61302,49693,3943581.05,3081596.54,36560512.8,29636905.2,0.810626080715148,10.786448952652549,13.306318670547288,861984.5099999998,21.857912873376847,0.2443000020123558,-9.101981162715166,0.5112,0.17802877833755287,0.5919652306245033,0.16013465656204853,0.5305975521958242,33.08193831329304,CUT / RESTRUCTURE
DEN,TUL,DEN-TUL,Denver,Tulsa,hub,spoke,540.3,328,42362,33014,2881087.89,1999852.04,22888188.6,17837464.2,0.7793305320806383,12.58766231068194,16.151891646123108,881235.8500000001,30.5869131260692,0.5149330587023687,-40.143572305657884,0.47309999999999997,0.3384918268673793,0.45470722871423297,0.07909023159824698,0.4391648668106549,33.07663142667575,CUT / RESTRUCTURE
MSP,DFW,MSP-DFW,Minneapolis,Dallas/Fort Worth,spoke,hub,852.6,326,47210,35351,4801603.62,3285251.83,40251246.0,30140262.6,0.7488032196568524,11.929080704731476,15.930861929517496,1516351.79,31.580111771075348,0.7797233458742326,14.724066865124799,0.4634,0.35674955143603454,0.32081860589715355,0.2223405000925665,0.4158867290616749,32.975558142646676,CUT / RESTRUCTURE
ATL,PDX,ATL-PDX,Atlanta,Portland,hub,spoke,2168.0,318,42564,33787,7512223.32,5733904.59,92278752.0,73250216.0,0.7937928766093413,8.140794231807556,10.255564734443924,1778318.7300000004,23.67233579525696,0.5569005830644923,18.792202828385783,0.47640000000000005,0.21138286528210037,0.5181370965248506,0.232961725605744,0.44708423326133906,32.77424003544024,CUT / RESTRUCTURE
BIL,ATL,BIL-ATL,Billings,Atlanta,spoke,hub,1523.0,310,53528,41185,7246827.95,5266522.99,81523144.0,62724755.0,0.769410402032581,8.889289095621729,11.553377848984823,1980304.96,27.32650717890991,0.5624377807454171,2.5690741638390695,0.4953,0.27855659229517393,0.411198893232141,0.19060583838084344,0.49244060475161977,32.620961861501655,CUT / RESTRUCTURE
BOS,DFW,BOS-DFW,Boston,Dallas/Fort Worth,spoke,hub,1558.9,303,43472,34228,6250522.82,4523850.91,67768500.80000001,53358029.2,0.7873573794626426,9.223345280201327,11.714306007389045,1726671.91,27.624439742466212,0.7305130302676172,-22.022389429253074,0.46809999999999996,0.2840334127809799,0.4899118850108699,0.1264016222779095,0.42716582673386105,32.54465348307705,CUT / RESTRUCTURE
PDX,ORD,PDX-ORD,Portland,Chicago O'Hare,spoke,hub,1735.0,306,43443,32057,7508206.49,4713379.27,75373605.0,55618895.0,0.7379094445595378,9.96132066391146,13.499380902838864,2794827.2200000007,37.22363288386333,0.9387029353963252,-49.69958693203154,0.4615,0.4604930015431742,0.2730399962111601,0.0541410688193859,0.41132709383249333,32.498447750881084,CUT / RESTRUCTURE
OMA,DEN,OMA-DEN,Omaha,Denver,spoke,hub,471.1,380,43850,33271,2697300.81,2107248.91,20657735.0,15673968.1,0.7587457240592931,13.057098515398714,17.20879354092854,590051.8999999999,21.87564315453566,0.730245559195696,128.0894137494728,0.45230000000000004,0.17835470970239117,0.36442507224164306,0.5183185415130583,0.38924886009119264,32.44991892576578,CUT / RESTRUCTURE
SFO,ORD,SFO-ORD,San Francisco,Chicago O'Hare,spoke,hub,1842.2,388,51908,38954,8776068.7,6453308.95,95624917.6,71761058.8,0.7504430916236419,9.17759609133509,12.229569695256505,2322759.749999999,26.466973190399013,0.6576988242542486,56.87374749498998,0.4849,0.26275599198371,0.3280108603669151,0.3323862968213831,0.4674826013918885,32.37047614582727,CUT / RESTRUCTURE
SFO,DEN,SFO-DEN,San Francisco,Denver,spoke,hub,965.3,329,53016,40333,5358294.09,3913055.28,51176344.8,38933444.9,0.7607703334842312,10.470255566200578,13.762702231366122,1445238.8099999996,26.97199492460108,0.3029777105595914,26.00958247775496,0.4802,0.27203968137515994,0.37330473265473035,0.25180510192415,0.4562035037197023,32.093360165653195,CUT / RESTRUCTURE
SEA,DTW,SEA-DTW,Seattle-Tacoma,Detroit,hub,spoke,1922.2,322,51990,41725,7930831.87,6140013.28,99935178.0,80203795.0,0.8025581842662051,7.935976128445982,9.88834988419189,1790818.59,22.580463428737392,0.3431036548831636,-16.715542521994134,0.49850000000000005,0.19131124614299383,0.5565805387268271,0.14025691577717686,0.5001199904007679,31.873901485445487,CUT / RESTRUCTURE
SFO,JFK,SFO-JFK,San Francisco,New York JFK,spoke,spoke,2580.0,262,39910,29675,9292488.22,6007420.12,102967800.0,76561500.0,0.7435479829616637,9.024654523064491,12.137285998837536,3285068.100000001,35.35186725262268,0.4405054759898905,43.05045105245573,0.3251,0.42608479778242964,0.2977698555214619,0.2962959718721721,0.08399328053755692,31.673456944840535,CUT / RESTRUCTURE
LAS,LAX,LAS-LAX,Las Vegas,Los Angeles,spoke,spoke,236.4,223,24260,18420,1152098.09,696115.15,5735064.0,4354488.0,0.7592745259686727,20.08867015259115,26.457716498472383,455982.94000000006,39.57848241897528,0.3587404994571118,-31.169811320754715,0.2912,0.5037816169967663,0.36674432519149386,0.10251922708482078,0.0026397888168946237,31.409854183607834,CUT / RESTRUCTURE
ATL,LAS,ATL-LAS,Atlanta,Las Vegas,hub,spoke,1742.6,350,54200,39166,7970049.640000001,5390974.82,94448920.0,68250671.6,0.722619926199262,8.438476204915842,11.67761349911757,2579074.8200000003,32.359582894643054,0.5342388806617985,-0.5127086287771354,0.504,0.37107837594146004,0.20598225695211064,0.18255981673392466,0.513318934485241,31.34367181341828,CUT / RESTRUCTURE
LAS,DEN,LAS-DEN,Las Vegas,Denver,spoke,hub,627.2,357,47678,36766,3580694.29,2535889.89,29903641.6,23059635.200000003,0.7711313394018205,11.974107829061191,15.527974570907348,1044804.4,29.17882163014816,0.5443072403851384,-44.890085240017946,0.4844,0.3126072298340909,0.418746689484994,0.06669787678701773,0.46628269738420913,31.30115442699197,CUT / RESTRUCTURE
FAR,DEN,FAR-DEN,Fargo,Denver,spoke,hub,626.5,321,47241,36630,3477350.08,2536653.89,29596486.5,22948695.0,0.7753857877690988,11.749198946300602,15.152713825339523,940696.19,27.052099108755822,0.6235326235326235,-22.778073443320913,0.48009999999999997,0.2735122167420251,0.4374061189438883,0.12442865716499231,0.45596352291816633,31.20366763035055,CUT / RESTRUCTURE
MSP,ATL,MSP-ATL,Minneapolis,Atlanta,spoke,hub,906.6,345,56211,45035,4552280.43,3606379.47,50960892.6,40828731.0,0.8011777054313213,8.932889903894656,11.149698554187246,945900.96,20.7786179815816,0.6479404907294327,9.963142133149045,0.4778,0.15818836779950562,0.5505259471052371,0.20991051847783096,0.45044396448284124,31.045553226410394,CUT / RESTRUCTURE
DTW,DFW,DTW-DFW,Detroit,Dallas/Fort Worth,spoke,hub,985.7,340,53610,41338,4910444.47,3647823.3,52843377.0,40746866.6,0.7710874836784182,9.292450158891246,12.051097126570218,1262621.17,25.7129711518762,0.4169529246697953,-2.109795479009688,0.4807,0.24889535935722382,0.41855434427204247,0.17839008893877673,0.4574034077273817,30.84852587577627,CUT / RESTRUCTURE
DFW,OMA,DFW-OMA,Dallas/Fort Worth,Omaha,hub,spoke,583.8,323,45968,34128,3398870.67,2270154.88,26836118.4,19923926.4,0.7424295161851723,12.665284223816812,17.059241244737784,1128715.79,33.20855365173397,0.8021565869667135,-46.28864688947302,0.4575,0.3866847949873829,0.2928644130019163,0.0630464652297116,0.40172786177105824,30.075849355703326,CUT / RESTRUCTURE
DEN,MCI,DEN-MCI,Denver,Kansas City,hub,spoke,531.5,325,53943,40574,3372936.66,2451411.1,28670704.5,21565081.0,0.7521643215987246,11.764401045673644,15.640732626972282,921525.5600000004,27.32116410392363,0.4251984029181249,3.9550613321105126,0.4716,0.2784583718717574,0.3355599399490319,0.19422442006186993,0.4355651547876169,29.945299096647748,CUT / RESTRUCTURE
LAX,ORD,LAX-ORD,Los Angeles,Chicago O'Hare,spoke,hub,1741.6,309,45103,34805,7073086.88,5128088.17,78551384.8,60616387.99999999,0.771678158880784,9.004407621850099,11.668604998371068,1944998.71,27.49858361700203,1.1462720873437724,-42.605274661226865,0.4757,0.2817198308147168,0.42114496503416804,0.07266313670738209,0.44540436765058783,29.93174560734933,CUT / RESTRUCTURE
SEA,IAH,SEA-IAH,Seattle-Tacoma,Houston,hub,spoke,1872.8,332,37294,29124,6430379.68,4992532.83,69844203.2,54543427.2,0.7809299082962406,9.20674785506036,11.78946760426525,1437846.8499999996,22.360216994216422,0.7207801126218926,2.260008609556608,0.4858,0.1872625105160062,0.4617218743502681,0.18979891968883444,0.4696424286057114,29.874162102259312,CUT / RESTRUCTURE
PDX,DFW,PDX-DFW,Portland,Dallas/Fort Worth,spoke,hub,1613.6,365,41430,30470,6422590.17,4572380.48,66851448.0,49166392.0,0.7354573980207579,9.607256629654454,13.06296823651408,1850209.6899999997,28.80784295785137,0.8229734164752215,-2.000421141292904,0.46199999999999997,0.3057876208327131,0.2622856549968704,0.1786756471199033,0.41252699784017255,28.55006411823094,CUT / RESTRUCTURE
LAS,SEA,LAS-SEA,Las Vegas,Seattle-Tacoma,spoke,hub,867.0,311,52617,38508,4378675.88,3276062.12,45618939.0,33386436.0,0.7318547237584812,9.598372903850306,13.11513418203728,1102613.7599999998,25.18144275159274,0.3627298223745715,23.0575237180257,0.5074000000000001,0.23912440449176153,0.24648481774206712,0.24409776812351125,0.521478281737461,28.43122621175428,CUT / RESTRUCTURE
SEA,OMA,SEA-OMA,Seattle-Tacoma,Omaha,hub,spoke,1364.5,312,39428,29909,4668931.38,4016998.12,53799506.0,40810830.5,0.7585725880085219,8.678390801580967,11.440422365332653,651933.2600000002,13.963222136710868,0.8334614998829784,134.77508650519033,0.47530000000000006,0.03290263489233152,0.3636657211701848,0.535773719679931,0.4444444444444444,27.78988948521317,CUT / RESTRUCTURE
SEA,LAX,SEA-LAX,Seattle-Tacoma,Los Angeles,hub,spoke,955.2,353,51860,38785,4864923.35,3749335.05,49536672.0,37047432.0,0.7478789047435404,9.820852216313602,13.131607475519491,1115588.2999999998,22.931261599424783,0.8057754286450948,11.4349376114082,0.494,0.19775988198417427,0.3167646869319122,0.21375313136615112,0.4893208543316533,27.444387894962595,CUT / RESTRUCTURE
ATL,MCI,ATL-MCI,Atlanta,Kansas City,hub,spoke,691.5,342,35597,25893,2951592.23,2235915.08,24615325.5,17905009.5,0.7273927578166699,11.990872231204094,16.48472864535481,715677.1499999999,24.24715523797133,1.0608272506082723,24.557663611170327,0.4912,0.22194962865270682,0.22691524454438397,0.2480143835587611,0.4826013918886488,26.750174809222827,CUT / RESTRUCTURE
DEN,MSP,DEN-MSP,Denver,Minneapolis,hub,spoke,678.7,330,51340,37799,3869642.96,2851985.94,34844458.0,25654181.3,0.7362485391507596,11.105476113303297,15.083868453054084,1017657.02,26.298473283436984,0.5075266541442895,-1.9461601211979955,0.4582,0.2596584999496389,0.2657554919376205,0.1788173136070138,0.4034077273818093,26.657689479293488,CUT / RESTRUCTURE
ATL,LAX,ATL-LAX,Atlanta,Los Angeles,hub,spoke,1942.3,310,42796,31125,6988667.83,5114940.66,83122670.8,60454087.5,0.7272875969716796,8.4076555321656,11.560289996933625,1873727.17,26.81093472430782,0.5664899598393575,-22.388059701492537,0.49060000000000004,0.26907895162516254,0.22645402344130816,0.12544691809397976,0.4811615070794336,26.150869619110306,CUT / RESTRUCTURE
OMA,SEA,OMA-SEA,Omaha,Seattle-Tacoma,spoke,hub,1364.5,303,49398,33376,6145705.2,4200897.3100000005,67403571.0,45541552.0,0.6756548848131503,9.11777389361166,13.494720601528906,1944807.89,31.644991530020015,0.2782837967401725,5.499376644964676,0.47530000000000006,0.35794221996699616,0.0,0.1982563701612292,0.4444444444444444,24.9494828685711,CUT / RESTRUCTURE
DFW,BOS,DFW-BOS,Dallas/Fort Worth,Boston,hub,spoke,1558.9,331,50350,37696,6378377.130000001,4943823.49,78490615.0,58764294.400000006,0.7486792452830189,8.12629271665154,10.854171219317832,1434553.6400000006,22.49088774090723,0.66553480475382,-18.895038353238178,0.46809999999999996,0.18966459847117706,0.3202748712261564,0.1345666151240696,0.42716582673386105,24.6922754229903,CUT / RESTRUCTURE
DEN,BOS,DEN-BOS,Denver,Boston,hub,spoke,1749.3,291,43490,34551,6171720.23,5101274.49,76077057.0,60440064.3,0.7944584962060244,8.11245922670221,10.211306525694749,1070445.7400000002,17.344365915951446,0.862724667882261,-49.092009685230025,0.4629,0.09505736311189583,0.5210564131644156,0.055727351827926645,0.4146868250539955,24.16355426595469,CUT / RESTRUCTURE
JFK,MIA,JFK-MIA,New York JFK,Miami,spoke,spoke,1092.0,236,22080,17542,2631838.09,2050864.88,24111360.0,19155864.0,0.7944746376811594,10.915344841601634,13.739072745557182,580973.21,22.07480818092423,0.7246608140462889,-43.838292756236854,0.3365,0.18201591102782086,0.5211272074697272,0.06944393180194137,0.11135109191264696,23.367961642584547,CUT / RESTRUCTURE
SLC,DFW,SLC-DFW,Salt Lake City,Dallas/Fort Worth,spoke,hub,987.6,341,49683,36043,4714038.82,3674701.3,49066930.8,35596066.8,0.7254594126763682,9.60736435546525,13.243145222999752,1039337.5200000004,22.047708126425665,0.8900479982243431,-21.362647257447286,0.49219999999999997,0.18151773744158195,0.21843585681867628,0.12812409921835222,0.4850011999040075,22.559105901057343,CUT / RESTRUCTURE
GEG,DEN,GEG-DEN,Spokane,Denver,spoke,hub,834.5,301,37987,30235,3154301.93,2732659.84,31700151.5,25231107.5,0.7959301866427988,9.950431719545568,12.501638820253929,421642.0900000003,13.367207685156515,0.9690755746651232,-49.9535747446611,0.481,0.021946248926510793,0.5275110464140582,0.053477948938462666,0.45812335013198924,22.00703534816098,CUT / RESTRUCTURE
SFO,SEA,SFO-SEA,San Francisco,Seattle-Tacoma,spoke,hub,679.2,329,48665,35523,3550899.76,2972220.83,33053268.0,24127221.6,0.7299496558101305,10.742961210371089,14.717400199946768,578678.9299999997,16.29668447751394,0.8974467246572643,-15.558498896247242,0.5032000000000001,0.07579809485285972,0.23812944991810864,0.14327776399577752,0.5113990880729542,19.52170164307697,CUT / RESTRUCTURE
ORD,JFK,ORD-JFK,Chicago O'Hare,New York JFK,hub,spoke,737.8,342,58505,42593,3923382.38,3445775.01,43164989.0,31425115.4,0.7280232458764209,9.08926996367357,12.484862283115117,477607.3700000001,12.173357673080035,0.2658652830277275,-11.631960370608201,0.5138,0.0,0.22968047906129138,0.15352930218024902,0.5368370530357571,16.865153815673622,CUT / RESTRUCTURE
SEA,LAS,SEA-LAS,Seattle-Tacoma,Las Vegas,hub,spoke,867.0,319,41290,28626,3439214.73,3013759.37,35798430.0,24818742.0,0.6932913538387019,9.60716637573212,13.85732898951929,425455.3599999999,12.370712310830324,0.4686648501362397,-36.365607719830855,0.5074000000000001,0.0036279213997208056,0.07735114432632839,0.08895386796862578,0.521478281737461,11.680147049581473,CUT / RESTRUCTURE
