origin,dest,route,origin_city,dest_city,origin_tier,dest_tier,distance_miles,departures,seats,passengers,revenue,op_cost,asm,rpm,load_factor,rasm_cents,yield_cents_per_mile,operating_profit,operating_margin_pct,seasonality_index
SEA,JFK,SEA-JFK,Seattle-Tacoma,New York JFK,hub,spoke,2415.1,356,55300,46437,14408811.2,7304828.69,133555030.0,112149998.69999999,0.8397287522603978,10.788669808991843,12.847803269747162,7103982.509999999,49.30304389025515,0.23403751318991323
SEA,MIA,SEA-MIA,Seattle-Tacoma,Miami,hub,spoke,2721.5,338,61011,46353,14533091.5,8117864.92,166041436.5,126149689.5,0.7597482421202734,8.752689573364417,11.520513096467035,6415226.58,44.142201815766455,0.48307552909196816
MIA,SEA,MIA-SEA,Miami,Seattle-Tacoma,spoke,hub,2721.5,359,60282,48231,14397128.620000001,8613732.74,164057463.0,131260666.5,0.8000895789787996,8.775662110537453,10.968349471240877,5783395.880000001,40.1704814386801,0.514440919740416
LAX,JFK,LAX-JFK,Los Angeles,New York JFK,spoke,spoke,2469.6,247,37050,28696,10488779.559999999,4859070.96,91498680.0,70867641.6,0.7745209176788124,11.463312432485363,14.800520129062683,5629708.599999999,53.67362873626833,0.14956788402564816
SEA,ATL,SEA-ATL,Seattle-Tacoma,Atlanta,hub,hub,2177.8,344,50801,43820,12215851.6,6812666.340000001,110634417.80000001,95431196.0,0.8625814452471408,11.041637713575964,12.800690038506904,5403185.259999999,44.23093401036403,1.2357827476038339
SEA,BOS,SEA-BOS,Seattle-Tacoma,Boston,hub,spoke,2488.9,332,40321,34946,11286205.420000002,6094712.42,100354936.9,86977099.4,0.8666947744351579,11.24628819332156,12.976065536625612,5191493.000000002,45.998569109864754,1.3563784124077147
JFK,SEA,JFK-SEA,New York JFK,Seattle-Tacoma,spoke,hub,2415.1,322,45752,38479,11325946.74,6222070.140000001,110495655.19999999,92930632.9,0.8410342717258262,10.25012858605141,12.187527822163363,5103876.6,45.063575850790194,0.6823462148184725
ATL,BOI,ATL-BOI,Atlanta,Boise,hub,spoke,1834.4,356,58697,46781,11024471.53,6200720.88,107673776.8,85815066.4,0.796991328347275,10.238771089526786,12.846778534917034,4823750.649999999,43.754937702669174,0.43573245548406403
BOS,SEA,BOS-SEA,Boston,Seattle-Tacoma,spoke,hub,2488.9,344,53410,44600,12587968.83,7837692.57,132932149.0,111004940.0,0.8350496161767459,9.46946914248712,11.340007778032222,4750276.26,37.736638246823496,0.5362331838565022
DTW,SEA,DTW-SEA,Detroit,Seattle-Tacoma,spoke,hub,1922.2,336,55531,44481,10947576.879999999,6295326.16,106741688.2,85501378.2,0.8010120473249176,10.25613990617023,12.803977094254604,4652250.719999999,42.4957117999248,0.6013354016321576
STL,SEA,STL-SEA,St. Louis,Seattle-Tacoma,spoke,hub,1705.3,351,56653,50357,10809993.62,6267847.31,96610360.9,85873792.1,0.8888673150583376,11.189269473063316,12.588233680669145,4542146.31,42.01802951665387,0.32114701034612864
ATL,SEA,ATL-SEA,Atlanta,Seattle-Tacoma,hub,hub,2177.8,388,59200,43998,11201520.02,6738156.61,128925760.0,95818844.4,0.7432094594594595,8.688349031256436,11.69031007433022,4463363.409999999,39.84605126831706,0.5328424019273603
JFK,DEN,JFK-DEN,New York JFK,Denver,spoke,hub,1621.5,320,53252,45020,9797143.120000001,5352446.5600000005,86348118.0,72999930.0,0.8454142567415308,11.346099193499505,13.420756869218916,4444696.5600000005,45.367271923654414,0.44247001332741004
GEG,ORD,GEG-ORD,Spokane,Chicago O'Hare,spoke,hub,1493.9,345,58658,49676,9406399.75,5003414.14,87629186.2,74210976.4,0.8468751065498312,10.734322841400529,12.675213568541594,4402985.61,46.808404139958014,0.3450358321926081
DEN,JFK,DEN-JFK,Denver,New York JFK,hub,spoke,1621.5,321,52041,41551,9137057.51,4751181.029999999,84384481.5,67374946.5,0.7984281624104071,10.827888431121071,13.561506145314711,4385876.48,48.00097268951086,0.45553656951697913
JFK,LAX,JFK-LAX,New York JFK,Los Angeles,spoke,spoke,2469.6,248,33044,27916,9303977.34,5017842.2299999995,81605462.4,68941353.6,0.844812976637211,11.40116980698586,13.495495597579913,4286135.11,46.0677724522489,0.8747671586187132
DFW,GEG,DFW-GEG,Dallas/Fort Worth,Spokane,hub,spoke,1475.2,356,57859,44563,9359215.04,5124517.32,85353596.8,65739337.6,0.7701999688898875,10.965226294950934,14.236856320255953,4234697.719999999,45.246291509506754,0.5454749455826583
SFO,ATL,SFO-ATL,San Francisco,Atlanta,spoke,hub,2134.4,356,52903,40652,10875733.21,6672774.79,112916163.2,86767628.80000001,0.7684252310833034,9.631688592479557,12.53432110616811,4202958.420000001,38.6452879897373,0.9617239004231034
GEG,ATL,GEG-ATL,Spokane,Atlanta,spoke,hub,1965.1,333,42846,37743,9201039.14,5068593.01,84196674.6,74168769.3,0.8808990337487747,10.92803152109288,12.405543771103131,4132446.130000001,44.91281981439327,0.8763479320668733
PDX,ATL,PDX-ATL,Portland,Atlanta,spoke,hub,2168.0,344,53520,44588,10534053.73,6526328.93,116031360.0,96666784.0,0.8331091180866965,9.07862644202395,10.897283735021123,4007724.8000000007,38.04541824754866,0.4919709338835561
LAX,ATL,LAX-ATL,Los Angeles,Atlanta,spoke,hub,1942.3,356,49401,40503,9893720.34,5952657.97,95951562.3,78668976.9,0.8198821886196636,10.311161280591259,12.57639380842132,3941062.37,39.833977862365984,0.7939165000123448
ORD,GEG,ORD-GEG,Chicago O'Hare,Spokane,hub,spoke,1493.9,379,63337,54398,9222962.86,5298989.92,94619144.3,81265172.2,0.8588660656488308,9.747459595235423,11.34921961071043,3923972.9399999995,42.54568731940009,0.5620794882164786
LAS,ATL,LAS-ATL,Las Vegas,Atlanta,spoke,hub,1742.6,332,50935,40978,9597639.67,5715832.13,88759331.0,71408262.8,0.8045155590458427,10.813105013150674,13.440516956533497,3881807.54,40.44543943583996,0.8548977500122017
ORD,LAX,ORD-LAX,Chicago O'Hare,Los Angeles,hub,spoke,1741.6,325,43052,32469,8624624.67,4808621.14,74979363.2,56548010.4,0.7541809904301775,11.502664602518257,15.251862283027378,3816003.5300000003,44.245444596257435,0.5691582740460132
ORD,PDX,ORD-PDX,Chicago O'Hare,Portland,hub,spoke,1735.0,318,50898,40329,9351450.25,5549395.35,88308030.0,69970815.0,0.7923494046917364,10.58958086824041,13.36478680432692,3802054.9000000004,40.65738252737858,0.43938604974088125
JFK,SFO,JFK-SFO,New York JFK,San Francisco,spoke,spoke,2580.0,242,32164,25595,8625967.02,4942955.21,82983120.0,66035100.0,0.7957654520582017,10.394845385422963,13.062700018626458,3683011.8099999996,42.69679911203741,0.5576089079898418
SEA,DFW,SEA-DFW,Seattle-Tacoma,Dallas/Fort Worth,hub,hub,1657.8,328,52242,43235,8999304.48,5327146.11,86606787.6,71674983.0,0.827590827303702,10.390992125887372,12.555712053674291,3672158.37,40.80491307034874,0.3701630623337574
GEG,DFW,GEG-DFW,Spokane,Dallas/Fort Worth,spoke,hub,1475.2,340,48706,38387,8646474.15,5073717.46,71851091.2,56628502.4,0.7881369851763643,12.033880078358504,15.268767111171211,3572756.6900000004,41.32038826485129,0.8769635553703077
ATL,SFO,ATL-SFO,Atlanta,San Francisco,hub,spoke,2134.4,314,51898,39492,9868513.94,6307388.8100000005,110771091.2,84291724.80000001,0.7609541793518054,8.908925454369813,11.707571488678328,3561125.129999999,36.08572832395471,0.3249265674060569
ATL,PHX,ATL-PHX,Atlanta,Phoenix,hub,spoke,1583.7,357,56709,47531,9135985.6,5685703.51,89810043.3,75274844.7,0.8381562009557566,10.172565633313752,12.13683752707895,3450282.09,37.765844223747465,0.12564431634091436
DEN,MIA,DEN-MIA,Denver,Miami,hub,spoke,1708.0,391,59810,46196,9830550.22,6385556.93,102155480.0,78902768.0,0.7723792008025414,9.62312567079123,12.459068888432407,3444993.290000001,35.04374844646285,0.3460905706121742
ATL,SLC,ATL-SLC,Atlanta,Salt Lake City,hub,spoke,1586.7,358,49068,41477,8639829.41,5232625.37,77856195.6,65811555.9,0.8452963234694709,11.097163614811922,13.128134249140281,3407204.04,39.436010577435695,0.7961038647925356
TUL,SEA,TUL-SEA,Tulsa,Seattle-Tacoma,spoke,hub,1555.5,354,51567,42485,8237864.49,4878502.05,80212468.5,66085417.5,0.8238796129307503,10.270054823209936,12.465479982781376,3359362.4400000004,40.779530229927346,1.145627868659527
ORD,SFO,ORD-SFO,Chicago O'Hare,San Francisco,hub,spoke,1842.2,334,38364,32306,8215077.86,4872874.44,70674160.8,59514113.2,0.8420915441559795,11.623877478004664,13.803579383587286,3342203.42,40.683770463984374,0.8731504983594379
SFO,JFK,SFO-JFK,San Francisco,New York JFK,spoke,spoke,2580.0,262,39910,29675,9292488.22,6007420.12,102967800.0,76561500.0,0.7435479829616637,9.024654523064493,12.137285998837537,3285068.1000000006,35.35186725262268,0.4405054759898905
MIA,ORD,MIA-ORD,Miami,Chicago O'Hare,spoke,hub,1199.5,335,50146,40852,7486045.09,4210771.84,60150127.0,49001974.0,0.8146611893271647,12.445601469802382,15.277027594847507,3275273.25,43.75171683610578,1.0881229805150299
SFO,DFW,SFO-DFW,San Francisco,Dallas/Fort Worth,spoke,hub,1461.5,326,55218,44630,8301142.3100000005,5029390.32,80701107.0,65226745.0,0.808250932666884,10.286280595878319,12.726592918288352,3271751.99,39.413274315977844,0.29675106430652026
SLC,ATL,SLC-ATL,Salt Lake City,Atlanta,spoke,hub,1586.7,310,54066,41545,8209339.8,4969896.61,85786522.2,65919451.5,0.7684126807975438,9.569498319166039,12.453592396775328,3239443.1899999995,39.46045929296287,0.5649777349861596
ORD,BOI,ORD-BOI,Chicago O'Hare,Boise,hub,spoke,1433.6,328,48577,39885,7717569.279999999,4548724.86,69639987.19999999,57179136.0,0.8210675834242542,11.082094627380979,13.497177152169629,3168844.419999999,41.06013571153843,0.7649993731979441
BOI,ATL,BOI-ATL,Boise,Atlanta,spoke,hub,1834.4,318,42520,35104,7941735.24,4795087.96,77998688.0,64394777.6,0.8255879586077141,10.181883110649247,12.332887131517944,3146647.2800000003,39.62165930880365,1.0512762078395625
MIA,DEN,MIA-DEN,Miami,Denver,spoke,hub,1708.0,331,43864,35953,7868647.58,4800080.78,74919712.0,61407724.0,0.8196470910085719,10.502773395605152,12.813774990260182,3068566.8,38.99738511354196,0.4563735988651851
PHX,SEA,PHX-SEA,Phoenix,Seattle-Tacoma,spoke,hub,1107.6,348,60523,51238,7676143.48,4617382.35,67035274.8,56751208.8,0.8465872478231417,11.450901787009608,13.525955908801718,3058761.130000001,39.847628408321526,0.592919317693899
ORD,SLC,ORD-SLC,Chicago O'Hare,Salt Lake City,hub,spoke,1246.9,302,47510,39257,7067440.79,4231607.08,59240219.00000001,48949553.300000004,0.8262892022732057,11.93013953915329,14.438213044939063,2835833.71,40.125326752118426,0.2932470642178465
SEA,DEN,SEA-DEN,Seattle-Tacoma,Denver,hub,hub,1022.5,340,54003,46656,6528087.99,3694151.55,55218067.5,47705760.0,0.8639520026665185,11.822376779122159,13.684066641009387,2833936.4400000004,43.41143140749854,0.6491769547325102
MIA,JFK,MIA-JFK,Miami,New York JFK,spoke,spoke,1092.0,263,43820,39161,6384076.25,3566900.94,47851440.0,42763812.0,0.8936786855317207,13.341450643909566,14.928688420012698,2817175.31,44.12815887028292,0.1706800132785169
PDX,DEN,PDX-DEN,Portland,Denver,spoke,hub,989.7,363,55310,46739,6956853.9,4152564.3,54740307.0,46257588.3,0.8450370638220936,12.708832451378104,15.039378739077067,2804289.6000000006,40.30973828557763,0.37441964954320806
PDX,ORD,PDX-ORD,Portland,Chicago O'Hare,spoke,hub,1735.0,306,43443,32057,7508206.49,4713379.27,75373605.0,55618895.0,0.7379094445595378,9.96132066391146,13.499380902838865,2794827.2200000007,37.22363288386333,0.9387029353963253
PHX,ATL,PHX-ATL,Phoenix,Atlanta,spoke,hub,1583.7,333,54925,43655,8271177.1,5525215.41,86984722.5,69136423.5,0.7948111060537096,9.508769887723673,11.96355941090878,2745961.6899999995,33.1991644816794,0.17152674378650784
ATL,DEN,ATL-DEN,Atlanta,Denver,hub,hub,1196.8,316,51418,44459,7043047.449999999,4312605.09,61537062.4,53208531.199999996,0.8646582908709013,11.44521232459741,13.236688348954088,2730442.3599999994,38.76791089913784,0.6308733889651139
BOI,DEN,BOI-DEN,Boise,Denver,spoke,hub,647.6,329,54126,46352,5653787.66,2924535.04,35051997.6,30017555.200000003,0.8563721686435355,16.129715985145452,18.834937163703458,2729252.62,48.272994744906995,0.40843976527442183
SEA,PHX,SEA-PHX,Seattle-Tacoma,Phoenix,hub,spoke,1107.6,308,50715,41338,6769763.640000001,4045451.38,56171933.99999999,45785968.8,0.8151040126195406,12.051861415346679,14.785673029157353,2724312.2600000007,40.24235416289956,0.2692921766897286
DFW,PHX,DFW-PHX,Dallas/Fort Worth,Phoenix,hub,spoke,865.9,319,55767,48214,6360533.17,3656556.92,48288645.3,41748502.6,0.8645614790108845,13.171902277407646,15.235356417310161,2703976.25,42.511786004882985,0.233791015057867
FAR,SEA,FAR-SEA,Fargo,Seattle-Tacoma,spoke,hub,1192.2,352,54548,46250,7240822.9,4584969.640000001,65032125.6,55139250.0,0.8478770990687101,11.134224559315342,13.131885000249369,2655853.26,36.678887146929114,1.081772972972973
JFK,DFW,JFK-DFW,New York JFK,Dallas/Fort Worth,spoke,hub,1388.7,322,48447,39390,7358215.22,4702690.22,67278348.9,54700893.0,0.8130534398414763,10.936973543950925,13.451727780751222,2655525.0,36.08925426348157,1.1534907336887534
DFW,SEA,DFW-SEA,Dallas/Fort Worth,Seattle-Tacoma,hub,hub,1657.8,326,49814,42212,7824154.66,5171775.83,82581649.2,69979053.6,0.8473922993535954,9.474447090601334,11.180709451606532,2652378.83,33.89987730636194,0.951293471050886
ATL,GEG,ATL-GEG,Atlanta,Spokane,hub,spoke,1965.1,342,43409,37106,8294979.34,5694104.21,85303025.9,72917000.6,0.8547996959155936,9.724132587892171,11.375919568474407,2600875.13,31.354811427414596,1.0471621840133671
ATL,LAS,ATL-LAS,Atlanta,Las Vegas,hub,spoke,1742.6,350,54200,39166,7970049.640000001,5390974.82,94448920.0,68250671.6,0.722619926199262,8.438476204915842,11.67761349911757,2579074.8200000003,32.359582894643054,0.5342388806617985
ATL,IAH,ATL-IAH,Atlanta,Houston,hub,spoke,688.2,370,63500,54639,5730251.8,3188053.89,43700700.0,37602559.800000004,0.8604566929133858,13.112494307871497,15.238993915515293,2542197.9099999997,44.364506111232316,0.3551309504200296
DEN,STL,DEN-STL,Denver,St. Louis,hub,spoke,767.5,369,61536,46148,5999478.16,3493187.2199999997,47228880.0,35418590.0,0.749934997399896,12.702986308377417,16.93878316443427,2506290.9400000004,41.775148990624885,0.5690387449076884
ORD,MIA,ORD-MIA,Chicago O'Hare,Miami,hub,spoke,1199.5,367,51328,36853,6554498.96,4063341.49,61567936.0,44205173.5,0.717990180798005,10.645961820126631,14.827447651574085,2491157.4699999997,38.00683294333759,0.6508018343147098
ORD,SEA,ORD-SEA,Chicago O'Hare,Seattle-Tacoma,hub,hub,1716.3,328,49200,40820,7832309.7299999995,5346388.03,84441960.0,70059366.0,0.8296747967479675,9.27537651897232,11.179532698026414,2485921.6999999993,31.739318102783958,0.47172954434100933
LAX,DFW,LAX-DFW,Los Angeles,Dallas/Fort Worth,spoke,hub,1232.3,320,54615,44294,6943843.2,4468680.72,67302064.5,54583496.2,0.8110226128353016,10.31742971272449,12.72150683524739,2475162.4800000004,35.645425864455014,0.46516458211044387
SEA,MSP,SEA-MSP,Seattle-Tacoma,Minneapolis,hub,spoke,1395.0,318,48540,36670,6431267.34,3957459.21,67713300.0,51154650.0,0.7554594149155336,9.497790448848306,12.572204755579405,2473808.13,38.46532882584228,0.2575402236160349
SEA,FAR,SEA-FAR,Seattle-Tacoma,Fargo,hub,spoke,1192.2,341,47680,36251,6407803.199999999,3940322.9,56844096.0,43218442.2,0.7602978187919464,11.272592319877862,14.82654828313085,2467480.2999999993,38.50742950407715,0.47171112521033903
BOI,DFW,BOI-DFW,Boise,Dallas/Fort Worth,spoke,hub,1270.2,321,52848,42027,6994884.95,4553755.89,67127529.6,53382695.400000006,0.7952429609445958,10.420292526302056,13.103281686297166,2441129.0600000005,34.89877356739085,0.15180717158017465
ORD,IAH,ORD-IAH,Chicago O'Hare,Houston,hub,spoke,926.7,331,51180,40224,5822083.84,3385743.29,47428506.0,37275580.800000004,0.7859320046893318,12.27549491017069,15.619029174187943,2436340.55,41.84653840367918,0.6274860779634049
ORD,PHX,ORD-PHX,Chicago O'Hare,Phoenix,hub,spoke,1437.8,327,55984,45497,7814824.57,5382967.5600000005,80493795.2,65415586.599999994,0.812678622463561,9.70860493107921,11.946425884377838,2431857.01,31.118510572016582,0.2682374662065631
ATL,BIL,ATL-BIL,Atlanta,Billings,hub,spoke,1523.0,326,44186,37087,6892704.890000001,4470896.720000001,67295278.0,56483501.0,0.839338251935002,10.242479256865542,12.203041185425104,2421808.17,35.135816905690845,0.5324776875994284
LAX,DEN,LAX-DEN,Los Angeles,Denver,spoke,hub,861.0,319,48700,38447,5458030.29,3053435.09,41930700.0,33102867.0,0.7894661190965092,13.016787914344382,16.488089354919016,2404595.2,44.05609848676747,0.2662366374489557
IAH,ORD,IAH-ORD,Houston,Chicago O'Hare,spoke,hub,926.7,314,57171,45790,6132251.79,3728010.5300000003,52980365.7,42433593.0,0.8009305417082087,11.574574295548889,14.451408321703985,2404241.26,39.206499379569664,0.4454247652325835
ATL,OMA,ATL-OMA,Atlanta,Omaha,hub,spoke,820.3,392,66249,51627,6557812.399999999,4158900.81,54344054.7,42349628.099999994,0.7792872345242947,12.067212202331305,15.484935037717603,2398911.5899999994,36.5809731001149,0.417146066980456
BIL,ORD,BIL-ORD,Billings,Chicago O'Hare,spoke,hub,1057.9,332,52350,41287,6482424.42,4087376.2,55381065.00000001,43677517.300000004,0.7886723973256925,11.70512777246158,14.841558817263634,2395048.2199999997,36.94679744526817,0.40884539927822316
BOI,ORD,BOI-ORD,Boise,Chicago O'Hare,spoke,hub,1433.6,314,48750,39467,6918139.38,4556756.72,69888000.0,56579891.199999996,0.8095794871794871,9.898894488324176,12.22720516648855,2361382.66,34.13320446862694,0.3584767020548813
BIL,DFW,BIL-DFW,Billings,Dallas/Fort Worth,spoke,hub,1080.7,330,47835,39922,5924530.24,3567728.7800000003,51695284.5,43143705.4,0.8345771924323194,11.460484833969721,13.732084866312851,2356801.46,39.780393795407484,0.9515555332899154
DEN,GEG,DEN-GEG,Denver,Spokane,hub,spoke,834.5,313,50400,39858,5348594.61,2997560.24,42058800.0,33261501.0,0.7908333333333334,12.716945347941454,16.08043668865094,2351034.37,43.95611448294078,0.47328014451302125
DFW,JFK,DFW-JFK,Dallas/Fort Worth,New York JFK,hub,spoke,1388.7,316,43540,37142,6244334.48,3895711.0199999996,60463998.0,51579095.400000006,0.8530546623794212,10.327359563619993,12.106328022185513,2348623.460000001,37.612070069635365,0.8274190942867913
DFW,PDX,DFW-PDX,Dallas/Fort Worth,Portland,hub,spoke,1613.6,372,50496,39838,7772265.859999999,5443321.14,81480345.6,64282596.8,0.7889337769328264,9.53882289375071,12.090777670636976,2328944.7199999997,29.96481028763985,0.9518550128018475
SFO,ORD,SFO-ORD,San Francisco,Chicago O'Hare,spoke,hub,1842.2,388,51908,38954,8776068.7,6453308.95,95624917.6,71761058.8,0.7504430916236419,9.17759609133509,12.229569695256503,2322759.749999999,26.466973190399013,0.6576988242542486
SEA,STL,SEA-STL,Seattle-Tacoma,St. Louis,hub,spoke,1705.3,318,42160,30859,6991862.93,4677808.93,71895448.0,52623852.7,0.731949715370019,9.725042578495373,13.286490006460511,2314054.0,33.09638680230821,0.4414919472439159
DFW,MSP,DFW-MSP,Dallas/Fort Worth,Minneapolis,hub,spoke,852.6,314,47770,38858,5267284.73,2957107.88,40728702.0,33130330.800000004,0.8134393971111576,12.932611331438945,15.898678349447689,2310176.8500000006,43.85897038833517,0.19877502702146277
IAH,SEA,IAH-SEA,Houston,Seattle-Tacoma,spoke,hub,1872.8,335,37458,30268,7048358.279999999,4744769.12,70151342.39999999,56685910.4,0.8080516845533664,10.047360519219373,12.43405677048101,2303589.159999999,32.68263428856229,0.8174970265627065
LAX,SEA,LAX-SEA,Los Angeles,Seattle-Tacoma,spoke,hub,955.2,330,56824,46308,6645427.609999999,4368743.109999999,54278284.8,44233401.6,0.8149373504153175,12.243252775002942,15.023550913163323,2276684.5,34.25941314256525,0.3099248509976678
SLC,ORD,SLC-ORD,Salt Lake City,Chicago O'Hare,spoke,hub,1246.9,329,55395,45365,6913146.11,4655463.84,69072025.5,56565618.5,0.8189367271414387,10.0086048728946,12.22146295456842,2257682.2700000005,32.65781214625594,0.2755428193541276
SEA,TUL,SEA-TUL,Seattle-Tacoma,Tulsa,hub,spoke,1555.5,314,47800,38072,7293076.51,5042895.96,74352900.0,59220996.0,0.7964853556485356,9.808731750879925,12.315018325595199,2250180.55,30.85365341930301,0.1703088884219374
DFW,BIL,DFW-BIL,Dallas/Fort Worth,Billings,hub,spoke,1080.7,334,52520,42481,6120156.5,3881293.88,56758364.0,45909216.7,0.8088537699923839,10.7828275318154,13.330997433463072,2238862.62,36.581787083385855,0.3346437230761988
DFW,LAX,DFW-LAX,Dallas/Fort Worth,Los Angeles,hub,spoke,1232.3,321,40938,34183,5775068.48,3547183.71,50447897.4,42123710.9,0.8349943817480092,11.447590043663546,13.709780920559874,2227884.7700000005,38.57763380149564,1.1578854986396747
DFW,SFO,DFW-SFO,Dallas/Fort Worth,San Francisco,hub,spoke,1461.5,302,44093,37670,6594401.69,4372076.38,64441919.5,55054705.0,0.8543306193726895,10.233093211942577,11.977907592094082,2222325.3100000005,33.70018106980074,1.0483674011149455
ATL,FAR,ATL-FAR,Atlanta,Fargo,hub,spoke,1123.3,301,48722,36807,5640581.46,3426608.75,54729422.6,41345303.099999994,0.7554492836911457,10.306305442367302,13.642617267449664,2213972.71,39.25078869439818,0.1596435460646073
MIA,DFW,MIA-DFW,Miami,Dallas/Fort Worth,spoke,hub,1120.2,329,48284,41323,6050127.15,3854418.9000000004,54087736.8,46290024.6,0.855832159721647,11.185765032786508,13.070045225251404,2195708.25,36.29193561659279,1.3891537400479153
DTW,DEN,DTW-DEN,Detroit,Denver,spoke,hub,1120.0,325,50300,41605,6292041.32,4097279.67,56336000.0,46597600.0,0.8271371769383697,11.168775418915082,13.502930022147064,2194761.6500000004,34.88155176323604,0.19555341906020912
ATL,BOS,ATL-BOS,Atlanta,Boston,hub,spoke,945.0,346,55215,41612,6043660.24,3851077.7800000003,52178175.0,39323340.0,0.7536357873766186,11.582735961922777,15.369142702527302,2192582.46,36.27904900226489,0.38815726232817455
DFW,MIA,DFW-MIA,Dallas/Fort Worth,Miami,hub,spoke,1120.2,306,43578,36139,5417519.51,3225489.97,48816075.6,40482907.800000004,0.8292945981917481,11.09781858417148,13.382239084120334,2192029.5399999996,40.46186702149966,0.7580729959323722
IAH,ATL,IAH-ATL,Houston,Atlanta,spoke,hub,688.2,344,54040,43985,4838616.68,2663022.27,37190328.0,30270477.0,0.8139341228719467,13.010416794388046,15.984606651556893,2175594.4099999997,44.963148641069864,0.06356712515630329
LAS,ORD,LAS-ORD,Las Vegas,Chicago O'Hare,spoke,hub,1511.2,320,52305,42207,7246100.62,5077285.23,79043316.0,63783218.4,0.8069400630914827,9.167252826285779,11.360512689337735,2168815.3899999997,29.930793177420707,0.387613429052053
SEA,ORD,SEA-ORD,Seattle-Tacoma,Chicago O'Hare,hub,hub,1716.3,296,49303,35432,7414939.279999999,5263602.95,84618738.9,60811941.6,0.7186580938279618,8.762762688726385,12.193228969357557,2151336.329999999,29.013539406893152,0.19056220365771054
FAR,ATL,FAR-ATL,Fargo,Atlanta,spoke,hub,1123.3,366,63394,49711,7036109.76,4943581.34,71210480.2,55840366.3,0.7841593841688488,9.880722247959225,12.600400438275777,2092528.42,29.739849027028253,0.5663132908209451
DEN,IAH,DEN-IAH,Denver,Houston,hub,spoke,862.3,331,54008,44612,5683055.9399999995,3610800.52,46571098.4,38468927.599999994,0.8260257739594135,12.202967366558825,14.77310727008673,2072255.4199999995,36.46375192991677,0.5498968887294898
DEN,DTW,DEN-DTW,Denver,Detroit,hub,spoke,1120.0,353,60087,49028,6769881.07,4720152.23,67297440.0,54911360.0,0.8159502055353072,10.059641302848965,12.328744125077217,2049728.8399999999,30.27717649403256,0.45190503385820346
JFK,ATL,JFK-ATL,New York JFK,Atlanta,spoke,hub,759.3,335,57537,46049,5162029.9,3145577.5300000003,43687844.1,34965005.7,0.80033717433999,11.815712142224935,14.763417870685489,2016452.37,39.0631671854516,0.4757540880366566
DFW,BOI,DFW-BOI,Dallas/Fort Worth,Boise,hub,spoke,1270.2,297,40146,34338,5550674.52,3537236.66,50993449.2,43616127.6,0.8553280526079808,10.885073685111694,12.726197453622634,2013437.8599999994,36.2737511043973,0.6772671675694566
PHX,ORD,PHX-ORD,Phoenix,Chicago O'Hare,spoke,hub,1437.8,329,38696,31717,6050379.75,4063320.43,55637108.8,45602702.6,0.8196454413892909,10.87471991355525,13.267590307246396,1987059.3199999998,32.84189426291796,0.8371535769461173
BIL,ATL,BIL-ATL,Billings,Atlanta,spoke,hub,1523.0,310,53528,41185,7246827.95,5266522.99,81523144.0,62724755.0,0.769410402032581,8.889289095621729,11.553377848984823,1980304.96,27.32650717890991,0.5624377807454171
MSP,SEA,MSP-SEA,Minneapolis,Seattle-Tacoma,spoke,hub,1395.0,317,42276,34053,5942382.06,3972033.88,58975020.0,47503935.0,0.8054924780017031,10.076100118321282,12.509241729132544,1970348.1799999997,33.157547934573564,0.6216192405955422
MCI,SEA,MCI-SEA,Kansas City,Seattle-Tacoma,spoke,hub,1486.2,278,46179,35826,6432630.54,4467983.78,68631229.8,53244601.2,0.7758071850841292,9.37274555438609,12.081282223971282,1964646.7599999998,30.541887145285973,0.8802545637246693
LAX,ORD,LAX-ORD,Los Angeles,Chicago O'Hare,spoke,hub,1741.6,309,45103,34805,7073086.88,5128088.17,78551384.8,60616387.99999999,0.771678158880784,9.004407621850099,11.668604998371068,1944998.71,27.49858361700203,1.1462720873437724
OMA,SEA,OMA-SEA,Omaha,Seattle-Tacoma,spoke,hub,1364.5,303,49398,33376,6145705.2,4200897.3100000005,67403571.0,45541552.0,0.6756548848131503,9.11777389361166,13.494720601528906,1944807.8899999997,31.644991530020018,0.27828379674017256
LAS,DFW,LAS-DFW,Las Vegas,Dallas/Fort Worth,spoke,hub,1052.8,347,56892,43583,6422515.99,4479961.52,59895897.6,45884182.4,0.7660655276664557,10.722797799761166,13.9972331510913,1942554.4700000007,30.24600441672082,0.43806071174540534
PHX,DFW,PHX-DFW,Phoenix,Dallas/Fort Worth,spoke,hub,865.9,329,47729,42228,5046826.11,3107329.81,41328541.1,36565225.2,0.8847451235098158,12.211478982015167,13.802256330695318,1939496.3000000003,38.43002032816225,0.7540968078052477
IAH,DEN,IAH-DEN,Houston,Denver,spoke,hub,862.3,321,45740,36192,5147866.84,3210979.6500000004,39441602.0,31208361.599999998,0.7912549191080017,13.051870560430077,16.495152504257067,1936887.1899999995,37.625044512612135,0.8690318302387268
SLC,SEA,SLC-SEA,Salt Lake City,Seattle-Tacoma,spoke,hub,687.6,340,51740,44672,4878112.12,2952989.99,35576424.0,30716467.2,0.8633938925396212,13.711642631648422,15.881097550176603,1925122.13,39.46449123436712,0.13279011461318052
BOS,ORD,BOS-ORD,Boston,Chicago O'Hare,spoke,hub,863.9,351,55943,43737,5592238.6899999995,3675309.85,48329157.7,37784394.3,0.7818136317322989,11.571148673257344,14.800392579007148,1916928.8399999994,34.27838020268766,0.6140338843542081
DEN,BIL,DEN-BIL,Denver,Billings,hub,spoke,455.3,398,60680,49207,4298038.27,2403382.56,27627604.0,22403947.1,0.8109261700725116,15.557043129762535,19.18429038783081,1894655.7099999995,44.081871565094275,0.34938118560367426
ORD,LAS,ORD-LAS,Chicago O'Hare,Las Vegas,hub,spoke,1511.2,307,48420,38022,6664522.3100000005,4777385.84,73172304.0,57458846.4,0.7852540272614622,9.107984777956425,11.598774997334441,1887136.4700000007,28.316155040375286,0.1331860501814739
DFW,STL,DFW-STL,Dallas/Fort Worth,St. Louis,hub,spoke,550.1,331,55454,49313,4505337.73,2631158.22,30505245.4,27127081.3,0.8892595664875392,14.769059127123105,16.608265666973914,1874179.5100000002,41.59909028617928,0.5819966337476933
ATL,LAX,ATL-LAX,Atlanta,Los Angeles,hub,spoke,1942.3,310,42796,31125,6988667.83,5114940.66,83122670.8,60454087.5,0.7272875969716796,8.4076555321656,11.560289996933623,1873727.17,26.81093472430782,0.5664899598393575
TUL,ATL,TUL-ATL,Tulsa,Atlanta,spoke,hub,672.4,378,61324,49487,5072552.5,3204868.08,41234257.6,33275058.799999997,0.8069760615745875,12.301791750944487,15.244308148299954,1867684.42,36.8194202031423,0.6101804514316891
JFK,ORD,JFK-ORD,New York JFK,Chicago O'Hare,spoke,hub,737.8,333,53655,41554,4959679.85,3107444.43,39586659.0,30658541.199999996,0.7744664989283384,12.528664896929037,16.177155389245986,1852235.4199999995,37.34586658854602,0.6572652452230833
PDX,DFW,PDX-DFW,Portland,Dallas/Fort Worth,spoke,hub,1613.6,365,41430,30470,6422590.17,4572380.48,66851448.0,49166392.0,0.7354573980207579,9.607256629654454,13.062968236514081,1850209.6899999995,28.80784295785137,0.8229734164752215
DEN,SEA,DEN-SEA,Denver,Seattle-Tacoma,hub,hub,1022.5,378,60788,45004,6185143.07,4362224.45,62155730.0,46016590.0,0.7403434888464828,9.95104243808254,13.441115628081091,1822918.62,29.472537649804114,0.21615856368322817
TUL,ORD,TUL-ORD,Tulsa,Chicago O'Hare,spoke,hub,585.2,320,50812,42047,4187473.4,2375457.2800000003,29735182.400000002,24605904.400000002,0.8275013776273321,14.082554946762324,17.018164957188077,1812016.1199999996,43.27230162226224,1.2201583941779437
ATL,ORD,ATL-ORD,Atlanta,Chicago O'Hare,hub,hub,606.4,372,66291,48609,4948171.27,3139957.76,40198862.4,29476497.599999998,0.7332669593157443,12.309232089115039,16.78683586207338,1808213.5099999998,36.54306634378078,0.29401962599518605
SEA,DTW,SEA-DTW,Seattle-Tacoma,Detroit,hub,spoke,1922.2,322,51990,41725,7930831.87,6140013.28,99935178.0,80203795.0,0.8025581842662051,7.935976128445982,9.88834988419189,1790818.5899999999,22.580463428737392,0.3431036548831636
ATL,PDX,ATL-PDX,Atlanta,Portland,hub,spoke,2168.0,318,42564,33787,7512223.32,5733904.59,92278752.0,73250216.0,0.7937928766093413,8.140794231807556,10.255564734443924,1778318.7300000004,23.672335795256956,0.5569005830644923
BOS,ATL,BOS-ATL,Boston,Atlanta,spoke,hub,945.0,305,31655,26476,4216878.58,2463177.08,29913975.0,25019820.0,0.8363923550781867,14.096684175205738,16.85415234801849,1753701.5,41.5876688581344,1.1009215893639523
ORD,DEN,ORD-DEN,Chicago O'Hare,Denver,hub,hub,886.2,327,43510,36321,4618222.91,2874040.31,38558562.0,32187670.200000003,0.8347736152608596,11.977165823766976,14.347801134112526,1744182.6,37.767397416509716,0.777511632388976
DEN,ORD,DEN-ORD,Denver,Chicago O'Hare,hub,hub,886.2,306,48120,35848,4911710.46,3176572.85,42643944.0,31768497.6,0.744970906068163,11.5179554217593,15.460946632868152,1735137.6099999999,35.32654508303407,0.0893773711225173
BOS,DFW,BOS-DFW,Boston,Dallas/Fort Worth,spoke,hub,1558.9,303,43472,34228,6250522.82,4523850.91,67768500.80000001,53358029.2,0.7873573794626426,9.223345280201329,11.714306007389043,1726671.9100000001,27.624439742466215,0.7305130302676172
DFW,FAR,DFW-FAR,Dallas/Fort Worth,Fargo,hub,spoke,968.8,342,53870,43777,5666744.79,3952956.95,52189256.0,42411157.6,0.8126415444588825,10.858067779314577,13.361448049699073,1713787.8399999999,30.242897880707275,0.27082714667519475
DEN,ATL,DEN-ATL,Denver,Atlanta,hub,hub,1196.8,328,47666,37823,5978627.050000001,4269527.91,57046668.8,45266566.39999999,0.7935006084001175,10.480238681351366,13.207600057776864,1709099.1400000006,28.586816433047126,1.2104803955265315
ORD,FAR,ORD-FAR,Chicago O'Hare,Fargo,hub,spoke,556.3,342,55556,46412,4087367.87,2393040.2,30905802.799999997,25818995.599999998,0.8354093167254661,13.225244127940918,15.830855441952204,1694327.67,41.452781444895976,0.4944410928208222
MCI,ATL,MCI-ATL,Kansas City,Atlanta,spoke,hub,691.5,327,59744,48881,5085624.2,3423952.13,41312976.0,33801211.5,0.8181742099625067,12.309992385927366,15.045686158320096,1661672.0700000003,32.67390598778416,0.7032589349645056
ATL,MSP,ATL-MSP,Atlanta,Minneapolis,hub,spoke,906.6,308,44404,36827,4686800.0,3046796.01,40256666.400000006,33387358.200000003,0.829362219619854,11.642295349125082,14.03764853728379,1640003.9900000002,34.99197725527012,0.8562196214733755
DTW,ORD,DTW-ORD,Detroit,Chicago O'Hare,spoke,hub,233.8,357,56190,46114,2882442.27,1285725.98,13137222.0,10781453.200000001,0.8206798362697989,21.941033423961322,26.735192524881523,1596716.29,55.394562681042004,0.2908444290237238
SEA,SFO,SEA-SFO,Seattle-Tacoma,San Francisco,hub,spoke,679.2,337,52210,42416,4428416.26,2852422.85,35461032.0,28808947.200000003,0.8124114154376556,12.488120086296416,15.371669881778946,1575993.4099999997,35.588194909211175,0.4160694077706526
MSP,DEN,MSP-DEN,Minneapolis,Denver,spoke,hub,678.7,287,43870,34471,3910949.7699999996,2338087.29,29774569.0,23395467.700000003,0.7857533622065193,13.135201957079545,16.71669838000289,1572862.4799999995,40.21689289044486,0.5597748832351832
STL,ORD,STL-ORD,St. Louis,Chicago O'Hare,spoke,hub,258.3,356,60667,48876,3073027.3,1505085.93,15670286.100000001,12624670.8,0.8056439250333789,19.610537295805976,24.341445006233347,1567941.3699999999,51.022695763229954,0.3700793845650217
DFW,ORD,DFW-ORD,Dallas/Fort Worth,Chicago O'Hare,hub,hub,802.1,322,51942,41196,4652320.72,3085996.31,41662678.2,33043311.6,0.7931153979438604,11.166638634383325,14.079462664995113,1566324.4099999997,33.667593106091786,0.4362559471793378
GEG,SEA,GEG-SEA,Spokane,Seattle-Tacoma,spoke,hub,223.3,352,61685,49221,3068869.21,1503900.6300000001,13774260.5,10991049.3,0.7979411526302991,22.279738429514964,27.921530749570923,1564968.5799999998,50.9949584980847,0.16773328457365758
FAR,DFW,FAR-DFW,Fargo,Dallas/Fort Worth,spoke,hub,968.8,320,52676,43409,5274052.06,3716810.04,51032508.8,42054639.199999996,0.8240754802946313,10.334690933321312,12.540951867208031,1557242.0199999996,29.526481769313435,0.4838627934299339
DFW,LAS,DFW-LAS,Dallas/Fort Worth,Las Vegas,hub,spoke,1052.8,310,43191,33996,4963231.390000001,3412663.54,45471484.8,35790988.8,0.7871084253663958,10.91504139754856,13.867265354792323,1550567.8500000006,31.241095330032564,0.6656077185551241
ORD,BOS,ORD-BOS,Chicago O'Hare,Boston,hub,spoke,863.9,301,37576,30904,4134440.5500000003,2610221.98,32461906.4,26697965.6,0.8224398552267405,12.736283873950176,15.485976017588396,1524218.5700000003,36.866380144225324,1.1193373026145483
MSP,DFW,MSP-DFW,Minneapolis,Dallas/Fort Worth,spoke,hub,852.6,326,47210,35351,4801603.62,3285251.83,40251246.0,30140262.6,0.7488032196568524,11.929080704731476,15.930861929517496,1516351.79,31.580111771075348,0.7797233458742326
ATL,DFW,ATL-DFW,Atlanta,Dallas/Fort Worth,hub,hub,729.8,333,47208,38525,4297379.640000001,2781841.11,34452398.4,28115544.999999996,0.8160693102863922,12.473383101247316,15.28471043332079,1515538.5300000007,35.26657305054856,1.015029201817002
SEA,SLC,SEA-SLC,Seattle-Tacoma,Salt Lake City,hub,spoke,687.6,375,52096,43810,4735369.49,3221001.15,35821209.6,30123756.0,0.8409474815724816,13.219457251382153,15.719717986030693,1514368.3400000003,31.97994038686937,1.0230540972380735
DEN,SFO,DEN-SFO,Denver,San Francisco,hub,spoke,965.3,327,43772,33418,4591091.87,3080566.6799999997,42253111.6,32258395.4,0.7634560906515581,10.865689404043795,14.23223881123362,1510525.1900000004,32.90121898606225,0.7089592435214555
SEA,PDX,SEA-PDX,Seattle-Tacoma,Portland,hub,spoke,129.3,328,44910,36198,2205862.08,737371.69,5806863.000000001,4680401.4,0.8060120240480962,37.98715554336308,47.1297628446996,1468490.3900000001,66.57217617159455,0.7135200839825405
STL,DFW,STL-DFW,St. Louis,Dallas/Fort Worth,spoke,hub,550.1,348,47063,39268,3556837.49,2094504.82,25889356.3,21601326.8,0.8343709495782249,13.738609213702235,16.46582880270114,1462332.6700000002,41.113283193604666,0.6978710400325965
ATL,TUL,ATL-TUL,Atlanta,Tulsa,hub,spoke,672.4,301,46680,36305,3946359.09,2494298.04,31387632.0,24411482.0,0.7777420736932305,12.57297489023702,16.165995534396476,1452061.0499999998,36.794954966959175,0.5734747279988982
DFW,SLC,DFW-SLC,Dallas/Fort Worth,Salt Lake City,hub,spoke,987.6,310,46156,36598,4929491.86,3482608.5500000003,45583665.6,36144184.800000004,0.792919663749025,10.814162913655633,13.638409296756363,1446883.31,29.351571137395084,0.9893436799825127
SFO,DEN,SFO-DEN,San Francisco,Denver,spoke,hub,965.3,329,53016,40333,5358294.09,3913055.2800000003,51176344.8,38933444.9,0.7607703334842312,10.470255566200578,13.762702231366122,1445238.8099999996,26.971994924601077,0.3029777105595914
DFW,IAH,DFW-IAH,Dallas/Fort Worth,Houston,hub,spoke,225.3,338,55493,44895,2800502.52,1358428.53,12502572.9,10114843.5,0.8090209575982557,22.39940964471401,27.687057343002884,1442073.99,51.49340090577744,0.2753090544604076
SEA,IAH,SEA-IAH,Seattle-Tacoma,Houston,hub,spoke,1872.8,332,37294,29124,6430379.68,4992532.83,69844203.2,54543427.199999996,0.7809299082962406,9.20674785506036,11.78946760426525,1437846.8499999996,22.360216994216422,0.7207801126218926
DFW,BOS,DFW-BOS,Dallas/Fort Worth,Boston,hub,spoke,1558.9,331,50350,37696,6378377.130000001,4943823.49,78490615.0,58764294.400000006,0.7486792452830189,8.12629271665154,10.854171219317832,1434553.6400000006,22.49088774090723,0.66553480475382
DEN,PDX,DEN-PDX,Denver,Portland,hub,spoke,989.7,355,40154,34348,4731673.72,3315351.8,39740413.8,33994215.6,0.8554066842655775,11.906453072715614,13.919055452481155,1416321.92,29.93278919494052,0.7711657156166298
ORD,ATL,ORD-ATL,Chicago O'Hare,Atlanta,hub,hub,606.4,323,52936,45187,4112357.01,2738133.4299999997,32100390.4,27401396.8,0.8536156868671604,12.810925221644656,15.007837155221223,1374223.58,33.416932835799685,0.1966052183150021
DFW,DEN,DFW-DEN,Dallas/Fort Worth,Denver,hub,hub,640.9,325,45619,38470,3594597.86,2263331.8600000003,29237217.1,24655423.0,0.8432889804686644,12.29459646485985,14.579339644669654,1331265.9999999995,37.035185905329605,1.0119053808162204
DFW,TUL,DFW-TUL,Dallas/Fort Worth,Tulsa,hub,spoke,237.2,351,53640,42981,2688812.19,1373490.77,12723408.0,10195093.2,0.8012863534675615,21.13279861810609,26.37359107222286,1315321.42,48.918307678454845,0.34070868523300996
DEN,LAX,DEN-LAX,Denver,Los Angeles,hub,spoke,861.0,325,42340,34434,4332179.86,3024726.09,36454740.0,29647674.0,0.8132735002361833,11.883721732756838,14.612208229218929,1307453.7700000005,30.180043586648324,0.7061625137945055
FAR,ORD,FAR-ORD,Fargo,Chicago O'Hare,spoke,hub,556.3,324,44534,38540,3536309.52,2230154.52,24774264.2,21439802.0,0.8654062064939148,14.274125323972287,16.494133294701136,1306155.0,36.93553951125862,0.8066424494032174
ATL,STL,ATL-STL,Atlanta,St. Louis,hub,spoke,483.9,339,47940,40962,3595791.06,2292670.65,23198166.0,19821511.8,0.8544430538172716,15.50032472394585,18.140851698304868,1303120.4100000001,36.24015934896952,0.7775987500610322
BOS,DEN,BOS-DEN,Boston,Denver,spoke,hub,1749.3,298,38585,32013,5604567.2,4328516.25,67496740.5,56000340.9,0.8296747440715304,8.303463483544068,10.00809479000868,1276050.9500000002,22.768055131893146,1.2974729016337112
DTW,DFW,DTW-DFW,Detroit,Dallas/Fort Worth,spoke,hub,985.7,340,53610,41338,4910444.47,3647823.3,52843377.0,40746866.6,0.7710874836784182,9.292450158891246,12.051097126570218,1262621.17,25.712971151876197,0.41695292466979533
TUL,DEN,TUL-DEN,Tulsa,Denver,spoke,hub,540.3,292,45868,37934,3371467.86,2123997.77,24782480.4,20495740.2,0.8270253771692684,13.604238984891925,16.44960283015297,1247470.0899999999,37.00080029830093,0.8674012759002478
JFK,BOS,JFK-BOS,New York JFK,Boston,spoke,spoke,186.2,209,34534,31207,1928365.6800000002,681600.54,6430230.8,5810743.399999999,0.9036601610007529,29.989058557587082,33.18621297233673,1246765.1400000001,64.65397890715417,0.48758291408978754
PHX,DEN,PHX-DEN,Phoenix,Denver,spoke,hub,602.0,330,45044,37556,3624369.03,2393129.78,27116488.0,22608712.0,0.8337625432910043,13.365923455869359,16.03085142576897,1231239.25,33.971133728620345,0.7553520076685483
MCI,ORD,MCI-ORD,Kansas City,Chicago O'Hare,spoke,hub,402.0,333,54574,43061,3248018.7199999997,2021631.16,21938748.0,17310522.0,0.7890387363946202,14.804941102381958,18.763262713856925,1226387.5599999998,37.75802006461342,0.48879496528180955
DFW,DTW,DFW-DTW,Dallas/Fort Worth,Detroit,hub,spoke,985.7,334,43012,35627,4540774.92,3314445.8,42396928.400000006,35117533.900000006,0.8283037291918535,10.710150691010908,12.930221503965,1226329.12,27.00704486801562,1.0085609228955568
MCI,DFW,MCI-DFW,Kansas City,Dallas/Fort Worth,spoke,hub,460.9,354,58660,48809,3497370.41,2277633.42,27036394.0,22496068.099999998,0.8320661438799863,12.935787257723794,15.546585271939145,1219736.9900000002,34.87583089604742,0.6714335470917249
ATL,JFK,ATL-JFK,Atlanta,New York JFK,hub,spoke,759.3,357,52964,43279,4304025.16,3088705.67,40215565.2,32861744.7,0.8171399441129824,10.702386348656862,13.097372641934014,1215319.4900000002,28.236811933506452,0.8603710806626771
ORD,DFW,ORD-DFW,Chicago O'Hare,Dallas/Fort Worth,hub,hub,802.1,330,47845,38608,4238698.28,3050653.4,38376474.5,30967476.8,0.8069390740934267,11.045043441913874,13.687580384334058,1188044.8800000004,28.02853143866613,0.7776626605884791
OMA,ATL,OMA-ATL,Omaha,Atlanta,spoke,hub,820.3,304,38133,31270,3801617.2199999997,2616027.75,31280499.9,25650781.0,0.8200246505651273,12.15331350890591,14.820668501282668,1185589.4699999997,31.186450433849828,0.7842660697153822
ORD,OMA,ORD-OMA,Chicago O'Hare,Omaha,hub,spoke,415.1,363,51763,41131,3248983.4299999997,2070392.03,21486821.3,17073478.1,0.794602322121979,15.120819336827637,19.029417503396683,1178591.3999999997,36.275697472547584,0.9816440154627897
DEN,OMA,DEN-OMA,Denver,Omaha,hub,spoke,471.1,333,56827,44197,3532112.31,2369060.14,26771199.700000003,20821206.7,0.7777464937441709,13.193701999092703,16.964013473820422,1163052.17,32.92794984766495,0.4335135868950381
SEA,GEG,SEA-GEG,Seattle-Tacoma,Spokane,hub,spoke,223.3,333,46418,37052,2310146.92,1155036.41,10365139.4,8273711.600000001,0.7982248265758973,22.28765895806476,27.921530646535945,1155110.51,50.001603794099815,0.7295692540213754
BIL,SEA,BIL-SEA,Billings,Seattle-Tacoma,spoke,hub,662.2,346,49776,40951,3864575.75,2725819.24,32961667.200000003,27117752.200000003,0.8227057216329154,11.724454732678085,14.25109176268673,1138756.5099999998,29.466533551580653,0.7586627921174086
DEN,DFW,DEN-DFW,Denver,Dallas/Fort Worth,hub,hub,640.9,334,51630,40621,3848939.46,2712701.09,33089667.0,26033998.9,0.7867712570211117,11.63184706573203,14.784280643109346,1136238.37,29.520816884971218,0.547992417714975
DFW,OMA,DFW-OMA,Dallas/Fort Worth,Omaha,hub,spoke,583.8,323,45968,34128,3398870.67,2270154.88,26836118.4,19923926.4,0.7424295161851723,12.665284223816812,17.059241244737784,1128715.79,33.20855365173397,0.8021565869667135
BOS,JFK,BOS-JFK,Boston,New York JFK,spoke,spoke,186.2,241,37930,30373,1884773.05,758235.61,7062566.0,5655452.6,0.8007645663063538,26.68680264368503,33.32665275985162,1126537.44,59.77045565247232,0.030948539821552035
SEA,BIL,SEA-BIL,Seattle-Tacoma,Billings,hub,spoke,662.2,354,47800,38249,3650555.26,2531190.67,31653160.0,25328487.8,0.8001882845188284,11.532988365142689,14.412843312343343,1119364.5899999999,30.662858394862376,0.987110774137886
SEA,LAX,SEA-LAX,Seattle-Tacoma,Los Angeles,hub,spoke,955.2,353,51860,38785,4864923.35,3749335.05,49536672.0,37047432.0,0.7478789047435404,9.820852216313602,13.131607475519491,1115588.2999999998,22.931261599424786,0.8057754286450948
BOI,SLC,BOI-SLC,Boise,Salt Lake City,spoke,spoke,289.4,236,40619,35713,2262439.99,1154424.69,11755138.6,10335342.2,0.879219084664812,19.246391446205493,21.890324927993195,1108015.3000000003,48.97435091748003,0.7043933581608938
SLC,DEN,SLC-DEN,Salt Lake City,Denver,spoke,hub,390.3,312,55809,45092,3124440.76,2018254.29,21782252.7,17599407.6,0.8079700406744432,14.343974441174304,17.753101871451623,1106186.4699999997,35.40430288074977,0.1652621307549011
LAS,SEA,LAS-SEA,Las Vegas,Seattle-Tacoma,spoke,hub,867.0,311,52617,38508,4378675.88,3276062.12,45618939.0,33386436.0,0.7318547237584812,9.598372903850306,13.11513418203728,1102613.7599999998,25.18144275159274,0.3627298223745715
BIL,DEN,BIL-DEN,Billings,Denver,spoke,hub,455.3,302,52844,45418,3302633.8,2209591.55,24059873.200000003,20678815.400000002,0.8594731663008099,13.726729864893883,15.971097648079008,1093042.25,33.09607774255808,0.516359152758818
ORD,MCI,ORD-MCI,Chicago O'Hare,Kansas City,hub,spoke,402.0,348,50296,39763,2960658.33,1867726.23,20218992.0,15984726.0,0.7905797677747733,14.642957126646078,18.521795931941533,1092932.1,36.915171498360635,0.8547644795412821
SEA,MCI,SEA-MCI,Seattle-Tacoma,Kansas City,hub,spoke,1486.2,308,40428,31638,5156163.199999999,4070228.5,60084093.6,47020395.6,0.7825764321757198,8.581577737239925,10.965801402147282,1085934.6999999993,21.060906295595906,0.708641507048486
DEN,BOS,DEN-BOS,Denver,Boston,hub,spoke,1749.3,291,43490,34551,6171720.23,5101274.49,76077057.0,60440064.3,0.7944584962060244,8.11245922670221,10.211306525694747,1070445.7400000002,17.344365915951446,0.862724667882261
LAS,DEN,LAS-DEN,Las Vegas,Denver,spoke,hub,627.2,357,47678,36766,3580694.29,2535889.89,29903641.6,23059635.200000003,0.7711313394018205,11.974107829061193,15.527974570907347,1044804.3999999999,29.178821630148157,0.5443072403851384
SLC,DFW,SLC-DFW,Salt Lake City,Dallas/Fort Worth,spoke,hub,987.6,341,49683,36043,4714038.82,3674701.3,49066930.8,35596066.8,0.7254594126763682,9.60736435546525,13.243145222999752,1039337.5200000005,22.047708126425665,0.8900479982243431
ORD,DTW,ORD-DTW,Chicago O'Hare,Detroit,hub,spoke,233.8,327,36766,32868,2054476.14,1022151.38,8595890.8,7684538.4,0.8939781319697546,23.9006775190769,26.735192578385707,1032324.7599999999,50.24759060964319,0.8086893026652063
BOI,SEA,BOI-SEA,Boise,Seattle-Tacoma,spoke,hub,398.8,302,48906,39536,2696757.71,1671870.8399999999,19503712.8,15766956.8,0.8084079663027032,13.826894077316396,17.103856782305638,1024886.8700000001,38.00441048892005,0.16703763658437878
DEN,MSP,DEN-MSP,Denver,Minneapolis,hub,spoke,678.7,330,51340,37799,3869642.96,2851985.94,34844458.0,25654181.3,0.7362485391507596,11.105476113303297,15.083868453054084,1017657.02,26.298473283436984,0.5075266541442895
DTW,ATL,DTW-ATL,Detroit,Atlanta,spoke,hub,595.0,367,56780,46162,3878320.51,2861719.67,33784100.0,27466390.0,0.8129975343430785,11.479721259409011,14.120241174759403,1016600.8399999999,26.212398830338028,0.3726008405181751
DFW,ATL,DFW-ATL,Dallas/Fort Worth,Atlanta,hub,hub,729.8,313,51366,41128,4162746.15,3158328.18,37486906.8,30015214.4,0.8006852781995872,11.10453357010507,13.86878699090685,1004417.9699999997,24.128734585461086,0.1795370550476561
OMA,DFW,OMA-DFW,Omaha,Dallas/Fort Worth,spoke,hub,583.8,329,47123,39288,3434308.2199999997,2432230.52,27510407.4,22936334.4,0.8337329966258515,12.48366907136388,14.973221789092856,1002077.6999999997,29.178443977867534,0.837202199144777
PDX,SEA,PDX-SEA,Portland,Seattle-Tacoma,spoke,hub,129.3,312,37945,27573,1680265.0699999998,678254.66,4906288.5,3565188.9000000004,0.726657003557781,34.24717217505656,47.129762745530805,1002010.4099999998,59.63406773670536,0.6082762122366083
DFW,MCI,DFW-MCI,Dallas/Fort Worth,Kansas City,hub,spoke,460.9,319,48634,42023,3143899.1,2145872.25,22415410.599999998,19368400.7,0.8640662910720894,14.025614592132435,16.232104801507955,998026.8500000001,31.744875336489013,1.0418104371415653
DEN,BOI,DEN-BOI,Denver,Boise,hub,spoke,647.6,312,43452,33313,3246696.38,2252943.1,28139515.2,21573498.8,0.7666620638865875,11.537854710446469,15.04946606064659,993753.2799999998,30.608137124297404,0.5511361930777774
SLC,BOI,SLC-BOI,Salt Lake City,Boise,spoke,spoke,289.4,253,38620,31475,2104407.84,1136431.21,11176628.0,9108865.0,0.814992232004143,18.828647066002375,23.10285463666439,967976.6299999999,45.997577636851986,0.14386020651310563
ATL,MIA,ATL-MIA,Atlanta,Miami,hub,spoke,596.4,338,53290,43774,3617212.57,2656505.43,31782156.0,26106813.6,0.8214299118033402,11.381268690519295,13.855434927531714,960707.1399999997,26.55932216889315,0.45332845981632935
DEN,FAR,DEN-FAR,Denver,Fargo,hub,spoke,626.5,342,56441,46507,4117637.1,3158213.63,35360286.5,29136635.5,0.8239931964352155,11.644806950305679,14.132163955580939,959423.4700000002,23.300340624966687,0.46909067452211495
MSP,ATL,MSP-ATL,Minneapolis,Atlanta,spoke,hub,906.6,345,56211,45035,4552280.43,3606379.4699999997,50960892.6,40828731.0,0.8011777054313213,8.932889903894656,11.149698554187246,945900.96,20.778617981581597,0.6479404907294327
FAR,DEN,FAR-DEN,Fargo,Denver,spoke,hub,626.5,321,47241,36630,3477350.08,2536653.89,29596486.5,22948695.0,0.7753857877690988,11.749198946300602,15.152713825339523,940696.19,27.052099108755822,0.6235326235326235
DEN,SLC,DEN-SLC,Denver,Salt Lake City,hub,spoke,390.3,310,47940,38523,2675796.63,1741587.75,18710982.0,15035526.899999999,0.8035669586983729,14.300674491590017,17.796493916019664,934208.8799999999,34.913299072358875,0.31087921501440696
DEN,PHX,DEN-PHX,Denver,Phoenix,hub,spoke,602.0,304,43521,36694,3158956.54,2226170.36,26199642.0,22089788.0,0.8431332000643368,12.057250782281681,14.300529004624218,932786.1800000002,29.528300506470412,1.0255627623044639
PHX,LAS,PHX-LAS,Phoenix,Las Vegas,spoke,spoke,255.5,245,32688,26941,1769733.8599999999,840137.38,8351784.0,6883425.5,0.8241862457170828,21.189890207888517,25.71007502006087,929596.4799999999,52.527473255215895,0.5555844252254928
OMA,ORD,OMA-ORD,Omaha,Chicago O'Hare,spoke,hub,415.1,346,47128,37739,2970954.98,2049069.0,19562832.8,15665458.9,0.8007766083856731,15.186731954280159,18.965004465971948,921885.98,31.029954550169585,0.7807308089774504
DEN,MCI,DEN-MCI,Denver,Kansas City,hub,spoke,531.5,325,53943,40574,3372936.66,2451411.0999999996,28670704.5,21565081.0,0.7521643215987246,11.764401045673644,15.640732626972282,921525.5600000005,27.32116410392363,0.4251984029181249
MSP,ORD,MSP-ORD,Minneapolis,Chicago O'Hare,spoke,hub,333.7,300,41400,34051,2179429.51,1271120.93,13815180.0,11362818.7,0.822487922705314,15.775614288051257,19.180359799281142,908308.5799999998,41.676437610501104,0.8476696719626443
DEN,LAS,DEN-LAS,Denver,Las Vegas,hub,spoke,627.2,351,38748,33530,3102749.19,2202579.4,24302745.6,21030016.0,0.8653349850314855,12.76707266359238,14.753907890512306,900169.79,29.012006284658803,0.3815090963316433
IAH,DFW,IAH-DFW,Houston,Dallas/Fort Worth,spoke,hub,225.3,379,42938,33818,2109531.0,1218063.3,9673931.4,7619195.4,0.7876007266290931,21.806346487013542,27.687057349913875,891467.7,42.25904715313498,1.0841563664320777
STL,DEN,STL-DEN,St. Louis,Denver,spoke,hub,767.5,309,33992,25107,3156586.76,2275183.52,26088860.0,19269622.5,0.7386149682278184,12.099366396231954,16.381155157554332,881403.2399999998,27.922667964304576,0.6469908790377186
SEA,BOI,SEA-BOI,Seattle-Tacoma,Boise,hub,spoke,398.8,300,48868,36829,2651254.98,1769886.51,19488558.4,14687405.200000001,0.7536424654170418,13.604161608998233,18.051214247156466,881368.47,33.24344420467623,0.37307556545113907
DEN,TUL,DEN-TUL,Denver,Tulsa,hub,spoke,540.3,328,42362,33014,2881087.89,1999852.04,22888188.599999998,17837464.2,0.7793305320806383,12.58766231068194,16.151891646123108,881235.8500000001,30.5869131260692,0.5149330587023687
LAS,PHX,LAS-PHX,Las Vegas,Phoenix,spoke,spoke,255.5,236,33717,29592,1859340.85,982606.49,8614693.5,7560756.0,0.8776581546400926,21.583366256733335,24.591996488181874,876734.3600000001,47.15296606321536,1.17558799675588
MIA,ATL,MIA-ATL,Miami,Atlanta,spoke,hub,596.4,365,61302,49693,3943581.05,3081596.54,36560512.8,29636905.2,0.810626080715148,10.786448952652547,13.306318670547288,861984.5099999998,21.857912873376847,0.24430000201235585
ORD,BIL,ORD-BIL,Chicago O'Hare,Billings,hub,spoke,1057.9,321,46008,35337,4770254.29,3914872.79,48671863.2,37383012.300000004,0.7680620761606677,9.800845861187412,12.760486639542421,855381.5,17.931570268552708,0.8434219090471744
TUL,DFW,TUL-DFW,Tulsa,Dallas/Fort Worth,spoke,hub,237.2,321,45636,32516,2034141.0699999998,1241583.87,10824859.2,7712795.199999999,0.7125076693838198,18.791385942461034,26.373591120376176,792557.1999999997,38.96274509614025,0.9223766760979211
ORD,TUL,ORD-TUL,Chicago O'Hare,Tulsa,hub,spoke,585.2,287,37952,32139,2776352.27,1999473.97,22209510.400000002,18807742.8,0.8468328414839797,12.500736036036164,14.761751580311913,776878.3,27.9819786701635,0.8906313202028688
ORD,STL,ORD-STL,Chicago O'Hare,St. Louis,hub,spoke,258.3,329,42080,32700,2078136.6800000002,1310429.17,10869264.0,8446410.0,0.7770912547528517,19.119387292460647,24.6037864607567,767707.5100000002,36.942108639360534,1.2842813455657491
STL,ATL,STL-ATL,St. Louis,Atlanta,spoke,hub,483.9,333,44848,36126,2831291.0,2065871.25,21701947.2,17481371.4,0.8055208704958973,13.046253287354787,16.196046266713378,765419.75,27.03430166662487,0.9806787355367326
ATL,DTW,ATL-DTW,Atlanta,Detroit,hub,spoke,595.0,322,45632,37100,2792566.48,2052517.26,27151040.0,22074500.0,0.8130259467040674,10.285302073143422,12.6506443181046,740049.22,26.500684058916296,0.8319137466307278
ATL,MCI,ATL-MCI,Atlanta,Kansas City,hub,spoke,691.5,342,35597,25893,2951592.23,2235915.08,24615325.5,17905009.5,0.7273927578166699,11.990872231204094,16.48472864535481,715677.1499999999,24.247155237971334,1.0608272506082725
MCI,DEN,MCI-DEN,Kansas City,Denver,spoke,hub,531.5,334,32608,25815,2461355.09,1804720.3,17331152.0,13720672.5,0.7916768891069677,14.201912775330802,17.939026603834467,656634.7899999998,26.677775696313688,1.0818516366453612
SEA,OMA,SEA-OMA,Seattle-Tacoma,Omaha,hub,spoke,1364.5,312,39428,29909,4668931.38,4016998.1199999996,53799506.0,40810830.5,0.7585725880085219,8.678390801580967,11.440422365332653,651933.2600000002,13.963222136710868,0.8334614998829784
ORD,MSP,ORD-MSP,Chicago O'Hare,Minneapolis,hub,spoke,333.7,298,41876,32371,2080184.94,1478396.34,13974021.2,10802202.7,0.7730203457827872,14.886086905321141,19.25704412119576,601788.5999999999,28.929572002381665,1.0244972351796362
LAX,LAS,LAX-LAS,Los Angeles,Las Vegas,spoke,spoke,236.4,215,25160,19550,1270250.48,671832.4299999999,5947824.0,4621620.0,0.777027027027027,21.356557961365365,27.484961550278907,598418.05,47.11024002132241,1.1324808184143222
OMA,DEN,OMA-DEN,Omaha,Denver,spoke,hub,471.1,380,43850,33271,2697300.81,2107248.91,20657735.0,15673968.100000001,0.7587457240592931,13.057098515398714,17.20879354092854,590051.8999999999,21.87564315453566,0.730245559195696
JFK,MIA,JFK-MIA,New York JFK,Miami,spoke,spoke,1092.0,236,22080,17542,2631838.09,2050864.88,24111360.0,19155864.0,0.7944746376811594,10.915344841601634,13.739072745557182,580973.21,22.07480818092423,0.7246608140462889
SFO,SEA,SFO-SEA,San Francisco,Seattle-Tacoma,spoke,hub,679.2,329,48665,35523,3550899.76,2972220.83,33053268.0,24127221.6,0.7299496558101305,10.742961210371089,14.717400199946768,578678.9299999997,16.29668447751394,0.8974467246572643
ORD,JFK,ORD-JFK,Chicago O'Hare,New York JFK,hub,spoke,737.8,342,58505,42593,3923382.38,3445775.01,43164989.0,31425115.4,0.7280232458764209,9.08926996367357,12.484862283115117,477607.3700000001,12.173357673080035,0.26586528302772755
LAS,LAX,LAS-LAX,Las Vegas,Los Angeles,spoke,spoke,236.4,223,24260,18420,1152098.09,696115.15,5735064.0,4354488.0,0.7592745259686727,20.08867015259115,26.457716498472383,455982.94000000006,39.578482418975284,0.35874049945711184
SEA,LAS,SEA-LAS,Seattle-Tacoma,Las Vegas,hub,spoke,867.0,319,41290,28626,3439214.73,3013759.37,35798430.0,24818742.0,0.6932913538387019,9.60716637573212,13.85732898951929,425455.35999999987,12.370712310830323,0.46866485013623976
GEG,DEN,GEG-DEN,Spokane,Denver,spoke,hub,834.5,301,37987,30235,3154301.93,2732659.84,31700151.5,25231107.5,0.7959301866427988,9.950431719545568,12.501638820253927,421642.0900000003,13.367207685156515,0.9690755746651232
