origin,dest,quarter,origin_city,dest_city,origin_tier,dest_tier,distance_miles,departures,seats,passengers,load_factor,avg_fare,revenue,op_cost,casm_cents
ORD,LAX,1,Chicago O'Hare,Los Angeles,hub,spoke,1741.6,91,13650,9692,0.71,228.84,2217917.28,1385781.8,5.83
LAX,ORD,1,Los Angeles,Chicago O'Hare,spoke,hub,1741.6,72,11520,6863,0.596,193.36,1327029.68,1267661.72,6.32
ORD,LAX,2,Chicago O'Hare,Los Angeles,hub,spoke,1741.6,82,12300,8450,0.687,288.42,2437149.0,1331017.78,6.21
LAX,ORD,2,Los Angeles,Chicago O'Hare,spoke,hub,1741.6,71,13419,10090,0.752,203.33,2051599.7,1673017.54,7.16
ORD,LAX,3,Chicago O'Hare,Los Angeles,hub,spoke,1741.6,75,11250,9255,0.823,299.29,2769928.95,1227715.97,6.27
LAX,ORD,3,Los Angeles,Chicago O'Hare,spoke,hub,1741.6,102,15300,13913,0.909,197.81,2752130.53,1533062.12,5.75
ORD,LAX,4,Chicago O'Hare,Los Angeles,hub,spoke,1741.6,77,5852,5072,0.867,236.52,1199629.44,864105.59,8.48
LAX,ORD,4,Los Angeles,Chicago O'Hare,spoke,hub,1741.6,64,4864,3939,0.81,239.23,942326.97,654346.79,7.72
ORD,JFK,1,Chicago O'Hare,New York JFK,hub,spoke,737.8,91,17199,10901,0.634,94.85,1033959.85,1077807.23,8.49
JFK,ORD,1,New York JFK,Chicago O'Hare,spoke,hub,737.8,85,12750,6775,0.531,122.24,828176.0,715854.98,7.61
ORD,JFK,2,Chicago O'Hare,New York JFK,hub,spoke,737.8,100,15000,9614,0.641,103.3,993126.2,848861.19,7.67
JFK,ORD,2,New York JFK,Chicago O'Hare,spoke,hub,737.8,95,17955,13603,0.758,117.91,1603929.73,1124785.83,8.49
ORD,JFK,3,Chicago O'Hare,New York JFK,hub,spoke,737.8,74,13986,12445,0.89,74.42,926156.9,778330.53,7.54
JFK,ORD,3,New York JFK,Chicago O'Hare,spoke,hub,737.8,78,11700,11349,0.97,114.07,1294580.43,670372.68,7.77
ORD,JFK,4,Chicago O'Hare,New York JFK,hub,spoke,737.8,77,12320,9633,0.782,100.71,970139.43,740776.06,8.15
JFK,ORD,4,New York JFK,Chicago O'Hare,spoke,hub,737.8,75,11250,9827,0.874,125.47,1232993.69,596430.94,7.19
ORD,MIA,1,Chicago O'Hare,Miami,hub,spoke,1199.5,88,6688,5060,0.757,156.07,789714.2,805508.62,10.04
MIA,ORD,1,Miami,Chicago O'Hare,spoke,hub,1199.5,74,11100,8869,0.799,188.22,1669323.18,882446.94,6.63
ORD,MIA,2,Chicago O'Hare,Miami,hub,spoke,1199.5,95,15200,10130,0.666,152.8,1547864.0,1084771.19,5.95
MIA,ORD,2,Miami,Chicago O'Hare,spoke,hub,1199.5,78,14742,11484,0.779,163.87,1881883.08,1231433.39,6.96
ORD,MIA,3,Chicago O'Hare,Miami,hub,spoke,1199.5,85,13600,10607,0.78,170.28,1806159.96,1038739.87,6.37
MIA,ORD,3,Miami,Chicago O'Hare,spoke,hub,1199.5,92,17388,15806,0.909,198.64,3139703.84,1327736.06,6.37
ORD,MIA,4,Chicago O'Hare,Miami,hub,spoke,1199.5,99,15840,11056,0.698,218.05,2410760.8,1134321.81,5.97
MIA,ORD,4,Miami,Chicago O'Hare,spoke,hub,1199.5,91,6916,4693,0.679,169.43,795134.99,769155.45,9.27
ORD,PHX,1,Chicago O'Hare,Phoenix,hub,spoke,1437.8,77,14553,12713,0.874,159.97,2033698.61,1442732.06,6.89
PHX,ORD,1,Phoenix,Chicago O'Hare,spoke,hub,1437.8,91,6916,6121,0.885,160.01,979421.21,865141.35,8.7
ORD,PHX,2,Chicago O'Hare,Phoenix,hub,spoke,1437.8,79,14931,12543,0.84,193.99,2433216.57,1395283.01,6.5
PHX,ORD,2,Phoenix,Chicago O'Hare,spoke,hub,1437.8,84,13440,11188,0.833,198.85,2224733.8,1337836.4,6.92
ORD,PHX,3,Chicago O'Hare,Phoenix,hub,spoke,1437.8,86,12900,10579,0.82,144.59,1529617.61,1158605.0,6.25
PHX,ORD,3,Phoenix,Chicago O'Hare,spoke,hub,1437.8,79,12640,9858,0.78,197.03,1942321.74,1201363.37,6.61
ORD,PHX,4,Chicago O'Hare,Phoenix,hub,spoke,1437.8,85,13600,9662,0.71,188.19,1818291.78,1386347.49,7.09
PHX,ORD,4,Phoenix,Chicago O'Hare,spoke,hub,1437.8,75,5700,4550,0.798,198.66,903903.0,658979.31,8.04
ORD,IAH,1,Chicago O'Hare,Houston,hub,spoke,926.7,85,13600,9152,0.673,147.77,1352391.04,815333.15,6.47
IAH,ORD,1,Houston,Chicago O'Hare,spoke,hub,926.7,75,12000,9023,0.752,139.04,1254557.92,811289.01,7.3
ORD,IAH,2,Chicago O'Hare,Houston,hub,spoke,926.7,72,10800,7754,0.718,165.57,1283829.78,725665.36,7.25
IAH,ORD,2,Houston,Chicago O'Hare,spoke,hub,926.7,88,16632,11999,0.721,140.49,1685739.51,1070116.54,6.94
ORD,IAH,3,Chicago O'Hare,Houston,hub,spoke,926.7,106,15900,14064,0.885,133.69,1880216.16,1146654.67,7.78
IAH,ORD,3,Houston,Chicago O'Hare,spoke,hub,926.7,79,14931,14122,0.946,119.65,1689697.3,970344.31,7.01
ORD,IAH,4,Chicago O'Hare,Houston,hub,spoke,926.7,68,10880,9254,0.851,141.09,1305646.86,698090.11,6.92
IAH,ORD,4,Houston,Chicago O'Hare,spoke,hub,926.7,72,13608,10646,0.782,141.11,1502257.06,876260.67,6.95
ORD,BOS,1,Chicago O'Hare,Boston,hub,spoke,863.9,98,15680,11061,0.705,119.48,1321568.28,1014310.49,7.49
BOS,ORD,1,Boston,Chicago O'Hare,spoke,hub,863.9,95,17955,13346,0.743,122.95,1640890.7,1221602.51,7.88
ORD,BOS,2,Chicago O'Hare,Boston,hub,spoke,863.9,77,12320,11918,0.967,140.84,1678531.12,746624.06,7.01
BOS,ORD,2,Boston,Chicago O'Hare,spoke,hub,863.9,85,16065,11791,0.734,121.77,1435790.07,986076.89,7.11
ORD,BOS,3,Chicago O'Hare,Boston,hub,spoke,863.9,65,4940,4655,0.942,138.67,645508.85,449738.56,10.54
BOS,ORD,3,Boston,Chicago O'Hare,spoke,hub,863.9,92,6992,6632,0.949,153.3,1016685.6,569107.61,9.42
ORD,BOS,4,Chicago O'Hare,Boston,hub,spoke,863.9,61,4636,3270,0.705,149.49,488832.3,399548.87,9.98
BOS,ORD,4,Boston,Chicago O'Hare,spoke,hub,863.9,79,14931,11968,0.802,125.24,1498872.32,898522.84,6.97
ORD,SFO,1,Chicago O'Hare,San Francisco,hub,spoke,1842.2,88,13200,9977,0.756,270.36,2697381.72,1456855.33,5.99
SFO,ORD,1,San Francisco,Chicago O'Hare,spoke,hub,1842.2,88,13200,7485,0.567,204.87,1533451.95,1491033.57,6.13
ORD,SFO,2,Chicago O'Hare,San Francisco,hub,spoke,1842.2,77,12320,11705,0.95,255.04,2985243.2,1458750.71,6.43
SFO,ORD,2,San Francisco,Chicago O'Hare,spoke,hub,1842.2,98,7448,6661,0.894,200.79,1337462.19,1188482.07,8.66
ORD,SFO,3,Chicago O'Hare,San Francisco,hub,spoke,1842.2,81,6156,5971,0.97,234.0,1397214.0,994970.85,8.77
SFO,ORD,3,San Francisco,Chicago O'Hare,spoke,hub,1842.2,106,15900,13066,0.822,221.26,2890983.16,1853369.36,6.33
ORD,SFO,4,Chicago O'Hare,San Francisco,hub,spoke,1842.2,88,6688,4653,0.696,243.98,1135238.94,962297.55,7.81
SFO,ORD,4,San Francisco,Chicago O'Hare,spoke,hub,1842.2,96,15360,11742,0.764,256.7,3014171.4,1920423.95,6.79
ORD,LAS,1,Chicago O'Hare,Las Vegas,hub,spoke,1511.2,70,10500,9873,0.94,158.18,1561711.14,1094758.66,6.9
LAS,ORD,1,Las Vegas,Chicago O'Hare,spoke,hub,1511.2,78,12480,12105,0.97,148.0,1791540.0,1200241.62,6.36
ORD,LAS,2,Chicago O'Hare,Las Vegas,hub,spoke,1511.2,84,13440,10181,0.758,189.0,1924209.0,1171825.62,5.77
LAS,ORD,2,Las Vegas,Chicago O'Hare,spoke,hub,1511.2,78,11700,8015,0.685,201.84,1617747.6,1051113.22,5.95
ORD,LAS,3,Chicago O'Hare,Las Vegas,hub,spoke,1511.2,74,11840,8915,0.753,190.22,1695811.3,1196684.62,6.69
LAS,ORD,3,Las Vegas,Chicago O'Hare,spoke,hub,1511.2,65,12285,10203,0.831,190.7,1945712.1,1267299.55,6.83
ORD,LAS,4,Chicago O'Hare,Las Vegas,hub,spoke,1511.2,79,12640,9053,0.716,163.79,1482790.87,1314116.94,6.88
LAS,ORD,4,Las Vegas,Chicago O'Hare,spoke,hub,1511.2,99,15840,11884,0.75,159.13,1891100.92,1558630.84,6.51
ORD,MSP,1,Chicago O'Hare,Minneapolis,hub,spoke,333.7,74,5624,3473,0.618,66.39,230572.47,256046.42,13.64
MSP,ORD,1,Minneapolis,Chicago O'Hare,spoke,hub,333.7,84,13440,11150,0.83,64.00486069079463,713654.2,430393.66,9.6
ORD,MSP,2,Chicago O'Hare,Minneapolis,hub,spoke,333.7,88,13200,9099,0.689,64.00486069079463,582380.23,416169.1,9.45
MSP,ORD,2,Minneapolis,Chicago O'Hare,spoke,hub,333.7,71,10650,8015,0.753,64.00486069079463,512998.96,321293.91,9.04
ORD,MSP,3,Chicago O'Hare,Minneapolis,hub,spoke,333.7,68,12852,11764,0.915,64.00486069079463,752953.18,391704.69,9.13
MSP,ORD,3,Minneapolis,Chicago O'Hare,spoke,hub,333.7,85,12750,10952,0.859,64.00486069079463,700981.23,348692.28,8.2
ORD,MSP,4,Chicago O'Hare,Minneapolis,hub,spoke,333.7,68,10200,8035,0.788,64.00486069079463,514279.06,414476.13,12.18
MSP,ORD,4,Minneapolis,Chicago O'Hare,spoke,hub,333.7,60,4560,3934,0.863,64.00486069079463,251795.12,170741.08,11.22
ORD,DTW,1,Chicago O'Hare,Detroit,hub,spoke,233.8,82,12300,10132,0.824,62.50688006219597,633319.71,323598.45,11.25
DTW,ORD,1,Detroit,Chicago O'Hare,spoke,hub,233.8,96,15360,10519,0.685,62.50688006219597,657509.87,372808.48,10.38
ORD,DTW,2,Chicago O'Hare,Detroit,hub,spoke,233.8,79,11850,11447,0.966,62.50688006219597,715516.26,280831.8,10.14
DTW,ORD,2,Detroit,Chicago O'Hare,spoke,hub,233.8,77,12320,10178,0.826,62.50688006219597,636195.03,249591.72,8.67
ORD,DTW,3,Chicago O'Hare,Detroit,hub,spoke,233.8,88,6688,6487,0.97,62.50688006219597,405482.13,233982.53,14.96
DTW,ORD,3,Detroit,Chicago O'Hare,spoke,hub,233.8,93,13950,13531,0.97,62.50688006219597,845780.59,336813.86,10.33
ORD,DTW,4,Chicago O'Hare,Detroit,hub,spoke,233.8,78,5928,4802,0.81,62.50688006219597,300158.04,183738.6,13.26
DTW,ORD,4,Detroit,Chicago O'Hare,spoke,hub,233.8,91,14560,11886,0.816,62.50688006219597,742956.78,326511.92,9.59
ORD,PDX,1,Chicago O'Hare,Portland,hub,spoke,1735.0,82,12300,10180,0.828,235.25,2394845.0,1289414.23,6.04
PDX,ORD,1,Portland,Chicago O'Hare,spoke,hub,1735.0,85,16065,10652,0.663,238.73,2542951.96,1920128.67,6.89
ORD,PDX,2,Chicago O'Hare,Portland,hub,spoke,1735.0,82,15498,11764,0.759,287.77,3385326.28,1568006.09,5.83
PDX,ORD,2,Portland,Chicago O'Hare,spoke,hub,1735.0,78,5928,4262,0.719,173.56,739712.72,813905.86,7.91
ORD,PDX,3,Chicago O'Hare,Portland,hub,spoke,1735.0,92,13800,11051,0.801,182.37,2015370.87,1472351.93,6.15
PDX,ORD,3,Portland,Chicago O'Hare,spoke,hub,1735.0,81,12150,11785,0.97,243.95,2874950.75,1169499.26,5.55
ORD,PDX,4,Chicago O'Hare,Portland,hub,spoke,1735.0,62,9300,7334,0.789,212.15,1555908.1,1219623.1,7.56
PDX,ORD,4,Portland,Chicago O'Hare,spoke,hub,1735.0,62,9300,5358,0.576,252.07,1350591.06,809845.48,5.02
ORD,SLC,1,Chicago O'Hare,Salt Lake City,hub,spoke,1246.9,79,12640,8762,0.693,157.55,1380453.1,1109656.89,7.04
SLC,ORD,1,Salt Lake City,Chicago O'Hare,spoke,hub,1246.9,89,13350,10305,0.772,138.41,1426315.05,1172392.62,7.04
ORD,SLC,2,Chicago O'Hare,Salt Lake City,hub,spoke,1246.9,67,10720,9187,0.857,172.23,1582277.01,1034213.11,7.74
SLC,ORD,2,Salt Lake City,Chicago O'Hare,spoke,hub,1246.9,74,13986,11553,0.826,144.49,1669292.97,1157698.93,6.64
ORD,SLC,3,Chicago O'Hare,Salt Lake City,hub,spoke,1246.9,75,12000,11640,0.97,173.39,2018259.6,1121820.2,7.5
SLC,ORD,3,Salt Lake City,Chicago O'Hare,spoke,hub,1246.9,81,15309,13316,0.87,174.01,2317117.16,1414740.31,7.41
ORD,SLC,4,Chicago O'Hare,Salt Lake City,hub,spoke,1246.9,81,12150,9668,0.796,215.81,2086451.08,965916.88,6.38
SLC,ORD,4,Salt Lake City,Chicago O'Hare,spoke,hub,1246.9,85,12750,10191,0.799,147.23,1500420.93,910631.98,5.73
ORD,STL,1,Chicago O'Hare,St. Louis,hub,spoke,258.3,74,5624,4240,0.754,68.1,288744.0,177295.97,12.21
STL,ORD,1,St. Louis,Chicago O'Hare,spoke,hub,258.3,102,15300,10327,0.675,62.873952292893605,649299.31,387718.43,9.81
ORD,STL,2,Chicago O'Hare,St. Louis,hub,spoke,258.3,75,11250,8320,0.74,62.873952292893605,523111.28,320294.39,11.02
STL,ORD,2,St. Louis,Chicago O'Hare,spoke,hub,258.3,82,15498,11334,0.731,62.873952292893605,712613.38,424371.77,10.6
ORD,STL,3,Chicago O'Hare,St. Louis,hub,spoke,258.3,78,5928,5401,0.911,62.873952292893605,339582.22,241209.11,15.76
STL,ORD,3,St. Louis,Chicago O'Hare,spoke,hub,258.3,81,15309,14849,0.97,62.873952292893605,933615.32,356817.13,9.02
ORD,STL,4,Chicago O'Hare,St. Louis,hub,spoke,258.3,102,19278,14739,0.765,62.873952292893605,926699.18,571629.7,11.48
STL,ORD,4,St. Louis,Chicago O'Hare,spoke,hub,258.3,91,14560,12366,0.849,62.873952292893605,777499.29,336178.6,8.94
ORD,MCI,1,Chicago O'Hare,Kansas City,hub,spoke,402.0,72,13608,10001,0.735,71.2,712071.2,557828.99,10.2
MCI,ORD,1,Kansas City,Chicago O'Hare,spoke,hub,402.0,96,18144,13189,0.727,65.03053591783232,857687.74,657358.08,9.01
ORD,MCI,2,Chicago O'Hare,Kansas City,hub,spoke,402.0,78,5928,4515,0.762,65.03053591783232,293612.87,265866.86,11.16
MCI,ORD,2,Kansas City,Chicago O'Hare,spoke,hub,402.0,88,14080,11356,0.807,74.85,849996.6,590245.6,10.43
ORD,MCI,3,Chicago O'Hare,Kansas City,hub,spoke,402.0,92,13800,12235,0.887,65.58,802371.3,500377.41,9.02
MCI,ORD,3,Kansas City,Chicago O'Hare,spoke,hub,402.0,77,11550,10589,0.917,79.91,846166.99,392097.77,8.44
ORD,MCI,4,Chicago O'Hare,Kansas City,hub,spoke,402.0,106,16960,13012,0.767,88.58,1152602.96,543652.97,7.97
MCI,ORD,4,Kansas City,Chicago O'Hare,spoke,hub,402.0,72,10800,7927,0.734,87.57,694167.39,381929.71,8.8
ORD,OMA,1,Chicago O'Hare,Omaha,hub,spoke,415.1,95,14250,10743,0.754,97.26,1044864.18,502653.9,8.5
OMA,ORD,1,Omaha,Chicago O'Hare,spoke,hub,415.1,98,7448,5515,0.741,77.25,426033.75,427615.34,13.83
ORD,OMA,2,Chicago O'Hare,Omaha,hub,spoke,415.1,79,12640,9304,0.736,65.22629798541588,606865.48,511602.43,9.75
OMA,ORD,2,Omaha,Chicago O'Hare,spoke,hub,415.1,84,13440,10225,0.761,83.82,857059.5,596443.69,10.69
ORD,OMA,3,Chicago O'Hare,Omaha,hub,spoke,415.1,93,17577,15589,0.887,78.23,1219527.47,699970.91,9.59
OMA,ORD,3,Omaha,Chicago O'Hare,spoke,hub,415.1,89,14240,12881,0.905,78.83,1015409.23,503419.38,8.52
ORD,OMA,4,Chicago O'Hare,Omaha,hub,spoke,415.1,96,7296,5495,0.753,68.74,377726.3,356164.79,11.76
OMA,ORD,4,Omaha,Chicago O'Hare,spoke,hub,415.1,75,12000,9118,0.76,73.75,672452.5,521590.59,10.47
ORD,BOI,1,Chicago O'Hare,Boise,hub,spoke,1433.6,88,6688,4949,0.74,191.39,947189.11,782031.99,8.16
BOI,ORD,1,Boise,Chicago O'Hare,spoke,hub,1433.6,91,14560,11735,0.806,145.09,1702631.15,1400271.77,6.71
ORD,BOI,2,Chicago O'Hare,Boise,hub,spoke,1433.6,89,13350,10609,0.795,154.37,1637711.33,1313874.33,6.87
BOI,ORD,2,Boise,Chicago O'Hare,spoke,hub,1433.6,74,11840,8259,0.698,209.45,1729847.55,1092028.67,6.43
ORD,BOI,3,Chicago O'Hare,Boise,hub,spoke,1433.6,81,15309,12577,0.822,204.92,2577278.84,1334525.5,6.08
BOI,ORD,3,Boise,Chicago O'Hare,spoke,hub,1433.6,79,11850,11275,0.952,199.06,2244401.5,1146554.01,6.75
ORD,BOI,4,Chicago O'Hare,Boise,hub,spoke,1433.6,70,13230,11750,0.888,217.48,2555390.0,1118293.04,5.9
BOI,ORD,4,Boise,Chicago O'Hare,spoke,hub,1433.6,70,10500,8198,0.781,151.41,1241259.18,917902.27,6.1
ORD,TUL,1,Chicago O'Hare,Tulsa,hub,spoke,585.2,77,5852,3938,0.673,85.67,337368.46,445262.6,13.0
TUL,ORD,1,Tulsa,Chicago O'Hare,spoke,hub,585.2,77,14553,9464,0.65,91.27,863779.28,637300.68,7.48
ORD,TUL,2,Chicago O'Hare,Tulsa,hub,spoke,585.2,85,12750,11094,0.87,81.69,906268.86,607540.2,8.14
TUL,ORD,2,Tulsa,Chicago O'Hare,spoke,hub,585.2,64,4864,4590,0.944,96.02,440731.8,318853.78,11.2
ORD,TUL,3,Chicago O'Hare,Tulsa,hub,spoke,585.2,60,9600,9312,0.97,100.6,936787.2,444516.41,7.91
TUL,ORD,3,Tulsa,Chicago O'Hare,spoke,hub,585.2,95,17955,17416,0.97,106.65,1857416.4,822835.52,7.83
ORD,TUL,4,Chicago O'Hare,Tulsa,hub,spoke,585.2,65,9750,7795,0.8,76.45,595927.75,502154.76,8.8
TUL,ORD,4,Tulsa,Chicago O'Hare,spoke,hub,585.2,84,13440,10577,0.787,96.96,1025545.92,596467.3,7.58
ORD,GEG,1,Chicago O'Hare,Spokane,hub,spoke,1493.9,98,15680,9405,0.6,139.48,1311809.4,1294359.18,5.53
GEG,ORD,1,Spokane,Chicago O'Hare,spoke,hub,1493.9,91,17199,12169,0.708,216.46,2634101.74,1417612.83,5.52
ORD,GEG,2,Chicago O'Hare,Spokane,hub,spoke,1493.9,92,14720,13401,0.91,197.01,2640131.01,1203989.73,5.48
GEG,ORD,2,Spokane,Chicago O'Hare,spoke,hub,1493.9,98,15680,13985,0.892,145.79,2038873.15,1353429.43,5.78
ORD,GEG,3,Chicago O'Hare,Spokane,hub,spoke,1493.9,93,17577,17049,0.97,150.85,2571841.65,1371076.19,5.22
GEG,ORD,3,Spokane,Chicago O'Hare,spoke,hub,1493.9,95,14250,13822,0.97,209.63,2897505.86,1323539.47,6.22
ORD,GEG,4,Chicago O'Hare,Spokane,hub,spoke,1493.9,96,15360,14543,0.947,185.6,2699180.8,1429564.82,6.23
GEG,ORD,4,Spokane,Chicago O'Hare,spoke,hub,1493.9,61,11529,9700,0.841,189.27,1835919.0,908832.41,5.28
ORD,FAR,1,Chicago O'Hare,Fargo,hub,spoke,556.3,82,12300,9162,0.745,80.78,740106.36,530605.32,7.76
FAR,ORD,1,Fargo,Chicago O'Hare,spoke,hub,556.3,67,10050,7098,0.706,95.98,681266.04,493841.5,8.83
ORD,FAR,2,Chicago O'Hare,Fargo,hub,spoke,556.3,84,15876,13164,0.829,83.58,1100247.12,760321.96,8.61
FAR,ORD,2,Fargo,Chicago O'Hare,spoke,hub,556.3,89,14240,13252,0.931,77.04,1020934.08,625267.26,7.89
ORD,FAR,3,Chicago O'Hare,Fargo,hub,spoke,556.3,98,15680,14899,0.95,96.85,1442968.15,627457.14,7.19
FAR,ORD,3,Fargo,Chicago O'Hare,spoke,hub,556.3,89,14240,12710,0.893,103.06,1309892.6,677683.16,8.56
ORD,FAR,4,Chicago O'Hare,Fargo,hub,spoke,556.3,78,11700,9187,0.785,87.52,804046.24,474655.78,7.29
FAR,ORD,4,Fargo,Chicago O'Hare,spoke,hub,556.3,79,6004,5480,0.913,95.66,524216.8,433362.6,12.98
ORD,BIL,1,Chicago O'Hare,Billings,hub,spoke,1057.9,84,6384,4447,0.697,114.81,510560.07,688238.09,10.19
BIL,ORD,1,Billings,Chicago O'Hare,spoke,hub,1057.9,85,13600,10374,0.763,166.36,1725818.64,1042215.96,7.24
ORD,BIL,2,Chicago O'Hare,Billings,hub,spoke,1057.9,79,11850,9420,0.795,123.48,1163181.6,962423.45,7.68
BIL,ORD,2,Billings,Chicago O'Hare,spoke,hub,1057.9,85,13600,9803,0.721,157.56,1544560.68,996498.36,6.93
ORD,BIL,3,Chicago O'Hare,Billings,hub,spoke,1057.9,72,11520,9572,0.831,143.15,1370231.8,968275.33,7.95
BIL,ORD,3,Billings,Chicago O'Hare,spoke,hub,1057.9,85,13600,12665,0.931,156.27,1979159.55,1020470.0,7.09
ORD,BIL,4,Chicago O'Hare,Billings,hub,spoke,1057.9,86,16254,11898,0.732,145.09,1726280.82,1295935.92,7.54
BIL,ORD,4,Billings,Chicago O'Hare,spoke,hub,1057.9,77,11550,8445,0.731,145.99,1232885.55,1028191.88,8.41
DFW,LAX,1,Dallas/Fort Worth,Los Angeles,hub,spoke,1232.3,74,5624,4174,0.742,199.87,834257.38,517742.51,7.47
LAX,DFW,1,Los Angeles,Dallas/Fort Worth,spoke,hub,1232.3,79,11850,7846,0.662,208.97,1639578.62,940186.32,6.44
DFW,LAX,2,Dallas/Fort Worth,Los Angeles,hub,spoke,1232.3,77,5852,5443,0.93,136.59,743459.37,591444.88,8.2
LAX,DFW,2,Los Angeles,Dallas/Fort Worth,spoke,hub,1232.3,84,15876,12997,0.819,133.21,1731330.37,1422958.85,7.27
DFW,LAX,3,Dallas/Fort Worth,Los Angeles,hub,spoke,1232.3,78,14742,14069,0.954,190.58,2681270.02,1201688.38,6.61
LAX,DFW,3,Los Angeles,Dallas/Fort Worth,spoke,hub,1232.3,61,11529,11178,0.97,145.69,1628522.82,841163.13,5.92
DFW,LAX,4,Dallas/Fort Worth,Los Angeles,hub,spoke,1232.3,92,14720,10497,0.713,144.43,1516081.71,1236307.94,6.82
LAX,DFW,4,Los Angeles,Dallas/Fort Worth,spoke,hub,1232.3,96,15360,12273,0.799,158.43,1944411.39,1264372.42,6.68
DFW,JFK,1,Dallas/Fort Worth,New York JFK,hub,spoke,1388.7,75,5700,4496,0.789,186.49,838459.04,612434.17,7.74
JFK,DFW,1,New York JFK,Dallas/Fort Worth,spoke,hub,1388.7,82,13120,9440,0.72,200.21,1889982.4,1182683.24,6.49
DFW,JFK,2,Dallas/Fort Worth,New York JFK,hub,spoke,1388.7,98,15680,12179,0.777,167.01,2034014.79,1275412.39,5.86
JFK,DFW,2,New York JFK,Dallas/Fort Worth,spoke,hub,1388.7,91,17199,15253,0.887,191.11,2915000.83,1677824.7,7.03
DFW,JFK,3,Dallas/Fort Worth,New York JFK,hub,spoke,1388.7,72,10800,10476,0.97,165.62,1735035.12,1026513.71,6.84
JFK,DFW,3,New York JFK,Dallas/Fort Worth,spoke,hub,1388.7,81,12960,10803,0.834,169.61,1832296.83,1241472.88,6.9
DFW,JFK,4,Dallas/Fort Worth,New York JFK,hub,spoke,1388.7,71,11360,9991,0.88,163.83,1636825.53,981350.75,6.22
JFK,DFW,4,New York JFK,Dallas/Fort Worth,spoke,hub,1388.7,68,5168,3894,0.754,185.14,720935.16,600709.4,8.37
DFW,MIA,1,Dallas/Fort Worth,Miami,hub,spoke,1120.2,77,12320,11950,0.97,130.63,1561028.5,948863.48,6.88
MIA,DFW,1,Miami,Dallas/Fort Worth,spoke,hub,1120.2,72,10800,10018,0.928,163.88,1641749.84,647618.62,5.35
DFW,MIA,2,Dallas/Fort Worth,Miami,hub,spoke,1120.2,85,6460,5101,0.79,132.67,676749.67,531038.65,7.34
MIA,DFW,2,Miami,Dallas/Fort Worth,spoke,hub,1120.2,96,14400,10458,0.726,133.97,1401058.26,1292571.85,8.01
DFW,MIA,3,Dallas/Fort Worth,Miami,hub,spoke,1120.2,82,15498,10917,0.704,168.15,1835693.55,1035790.16,5.97
MIA,DFW,3,Miami,Dallas/Fort Worth,spoke,hub,1120.2,96,18144,17599,0.97,144.95,2550975.05,1451170.27,7.14
DFW,MIA,4,Dallas/Fort Worth,Miami,hub,spoke,1120.2,62,9300,8171,0.879,164.49,1344047.79,709797.68,6.81
MIA,DFW,4,Miami,Dallas/Fort Worth,spoke,hub,1120.2,65,4940,3248,0.658,140.5,456344.0,463058.16,8.37
DFW,PHX,1,Dallas/Fort Worth,Phoenix,hub,spoke,865.9,72,11520,10681,0.927,117.38,1253735.78,785862.45,7.88
PHX,DFW,1,Phoenix,Dallas/Fort Worth,spoke,hub,865.9,79,6004,5823,0.97,136.36,794024.28,592108.37,11.39
DFW,PHX,2,Dallas/Fort Worth,Phoenix,hub,spoke,865.9,86,16254,13499,0.831,113.1,1526736.9,1104098.11,7.85
PHX,DFW,2,Phoenix,Dallas/Fort Worth,spoke,hub,865.9,74,11100,10170,0.916,105.6,1073952.0,700761.42,7.29
DFW,PHX,3,Dallas/Fort Worth,Phoenix,hub,spoke,865.9,77,14553,13221,0.909,133.27,1761962.67,1043554.29,8.28
PHX,DFW,3,Phoenix,Dallas/Fort Worth,spoke,hub,865.9,91,14560,12451,0.855,106.21,1322420.71,887822.36,7.04
DFW,PHX,4,Dallas/Fort Worth,Phoenix,hub,spoke,865.9,84,13440,10813,0.805,168.14,1818097.82,723042.07,6.21
PHX,DFW,4,Phoenix,Dallas/Fort Worth,spoke,hub,865.9,85,16065,13784,0.858,134.68,1856429.12,926637.66,6.66
DFW,IAH,1,Dallas/Fort Worth,Houston,hub,spoke,225.3,93,14880,9802,0.659,62.37894018064879,611438.37,348581.21,10.4
IAH,DFW,1,Houston,Dallas/Fort Worth,spoke,hub,225.3,93,7068,4689,0.663,62.37894018064879,292494.85,229979.87,14.44
DFW,IAH,2,Dallas/Fort Worth,Houston,hub,spoke,225.3,77,14553,11133,0.765,62.37894018064879,694464.74,375970.81,11.47
IAH,DFW,2,Houston,Dallas/Fort Worth,spoke,hub,225.3,86,12900,8745,0.678,62.37894018064879,545503.83,388697.05,13.38
DFW,IAH,3,Dallas/Fort Worth,Houston,hub,spoke,225.3,86,13760,12892,0.937,62.37894018064879,804189.3,319036.57,10.29
IAH,DFW,3,Houston,Dallas/Fort Worth,spoke,hub,225.3,95,7220,6529,0.904,62.37894018064879,407272.1,245711.6,15.11
DFW,IAH,4,Dallas/Fort Worth,Houston,hub,spoke,225.3,82,12300,11068,0.9,62.37894018064879,690410.11,314839.94,11.36
IAH,DFW,4,Houston,Dallas/Fort Worth,spoke,hub,225.3,105,15750,13855,0.88,62.37894018064879,864260.22,353674.78,9.97
DFW,BOS,1,Dallas/Fort Worth,Boston,hub,spoke,1558.9,86,12900,10299,0.798,154.28,1588929.72,1215192.9,6.04
BOS,DFW,1,Boston,Dallas/Fort Worth,spoke,hub,1558.9,84,15876,10898,0.686,159.73,1740737.54,1494848.28,6.04
DFW,BOS,2,Dallas/Fort Worth,Boston,hub,spoke,1558.9,70,11200,6386,0.57,123.19,786691.34,1195559.78,6.85
BOS,DFW,2,Boston,Dallas/Fort Worth,spoke,hub,1558.9,71,5396,4647,0.861,227.85,1058818.95,669138.18,7.95
DFW,BOS,3,Dallas/Fort Worth,Boston,hub,spoke,1558.9,100,15000,12658,0.844,198.9,2517676.2,1413238.87,6.04
BOS,DFW,3,Boston,Dallas/Fort Worth,spoke,hub,1558.9,70,10500,10185,0.97,190.47,1939936.95,1085391.89,6.63
DFW,BOS,4,Dallas/Fort Worth,Boston,hub,spoke,1558.9,75,11250,8353,0.743,177.79,1485079.87,1119831.94,6.39
BOS,DFW,4,Boston,Dallas/Fort Worth,spoke,hub,1558.9,78,11700,8498,0.726,177.81,1511029.38,1274472.56,6.99
DFW,SFO,1,Dallas/Fort Worth,San Francisco,hub,spoke,1461.5,98,7448,5395,0.724,207.61,1120055.95,891367.74,8.19
SFO,DFW,1,San Francisco,Dallas/Fort Worth,spoke,hub,1461.5,84,15876,11929,0.751,195.25,2329137.25,1363528.34,5.88
DFW,SFO,2,Dallas/Fort Worth,San Francisco,hub,spoke,1461.5,62,11718,11303,0.965,171.54,1938916.62,1043882.62,6.1
SFO,DFW,2,San Francisco,Dallas/Fort Worth,spoke,hub,1461.5,75,11250,9110,0.81,228.81,2084459.1,1037681.27,6.31
DFW,SFO,3,Dallas/Fort Worth,San Francisco,hub,spoke,1461.5,49,7350,5704,0.776,194.86,1111481.44,633499.85,5.9
SFO,DFW,3,San Francisco,Dallas/Fort Worth,spoke,hub,1461.5,89,13350,12421,0.93,158.26,1965747.46,1184826.64,6.07
DFW,SFO,4,Dallas/Fort Worth,San Francisco,hub,spoke,1461.5,93,17577,15268,0.869,158.76,2423947.68,1803326.17,7.02
SFO,DFW,4,San Francisco,Dallas/Fort Worth,spoke,hub,1461.5,78,14742,11170,0.758,172.05,1921798.5,1443354.07,6.7
DFW,LAS,1,Dallas/Fort Worth,Las Vegas,hub,spoke,1052.8,65,12285,9656,0.786,155.02,1496873.12,936883.6,7.24
LAS,DFW,1,Las Vegas,Dallas/Fort Worth,spoke,hub,1052.8,89,13350,11528,0.864,170.81,1969097.68,1223624.27,8.71
DFW,LAS,2,Dallas/Fort Worth,Las Vegas,hub,spoke,1052.8,65,9750,7651,0.785,152.12,1163870.12,843182.5,8.21
LAS,DFW,2,Las Vegas,Dallas/Fort Worth,spoke,hub,1052.8,78,14742,8826,0.599,141.61,1249849.86,1096149.16,7.06
DFW,LAS,3,Dallas/Fort Worth,Las Vegas,hub,spoke,1052.8,91,6916,5516,0.798,132.16,728994.56,619639.92,8.51
LAS,DFW,3,Las Vegas,Dallas/Fort Worth,spoke,hub,1052.8,92,14720,13599,0.924,139.55,1897740.45,1094383.92,7.06
DFW,LAS,4,Dallas/Fort Worth,Las Vegas,hub,spoke,1052.8,89,14240,11173,0.785,140.83,1573493.59,1012957.52,6.76
LAS,DFW,4,Las Vegas,Dallas/Fort Worth,spoke,hub,1052.8,88,14080,9630,0.684,135.6,1305828.0,1065804.17,7.19
DFW,MSP,1,Dallas/Fort Worth,Minneapolis,hub,spoke,852.6,93,13950,10535,0.755,131.42,1384509.7,816214.19,6.86
MSP,DFW,1,Minneapolis,Dallas/Fort Worth,spoke,hub,852.6,82,15498,8734,0.564,133.44,1165464.96,984011.45,7.45
DFW,MSP,2,Dallas/Fort Worth,Minneapolis,hub,spoke,852.6,77,11550,9416,0.815,128.2,1207131.2,797689.52,8.1
MSP,DFW,2,Minneapolis,Dallas/Fort Worth,spoke,hub,852.6,77,5852,4853,0.829,151.06,733094.18,463761.21,9.3
DFW,MSP,3,Dallas/Fort Worth,Minneapolis,hub,spoke,852.6,77,11550,10303,0.892,134.69,1387711.07,767437.73,7.79
MSP,DFW,3,Minneapolis,Dallas/Fort Worth,spoke,hub,852.6,86,12900,11744,0.91,120.92,1420084.48,910978.81,8.28
DFW,MSP,4,Dallas/Fort Worth,Minneapolis,hub,spoke,852.6,67,10720,8604,0.803,149.69,1287932.76,575766.44,6.3
MSP,DFW,4,Minneapolis,Dallas/Fort Worth,spoke,hub,852.6,81,12960,10020,0.773,148.0,1482960.0,926500.36,8.38
DFW,DTW,1,Dallas/Fort Worth,Detroit,hub,spoke,985.7,75,5700,4408,0.773,118.96,524375.68,537049.4,9.56
DTW,DFW,1,Detroit,Dallas/Fort Worth,spoke,hub,985.7,86,13760,9290,0.675,136.95,1272265.5,863022.95,6.36
DFW,DTW,2,Dallas/Fort Worth,Detroit,hub,spoke,985.7,70,13230,10544,0.797,121.62,1282361.28,977860.32,7.5
DTW,DFW,2,Detroit,Dallas/Fort Worth,spoke,hub,985.7,77,12320,9551,0.775,126.47,1207914.97,979732.75,8.07
DFW,DTW,3,Dallas/Fort Worth,Detroit,hub,spoke,985.7,103,7828,7284,0.931,123.78,901613.52,717287.48,9.3
DTW,DFW,3,Detroit,Dallas/Fort Worth,spoke,hub,985.7,98,15680,13403,0.855,100.18,1342712.54,957287.5,6.19
DFW,DTW,4,Dallas/Fort Worth,Detroit,hub,spoke,985.7,86,16254,13391,0.824,136.84,1832424.44,1082248.6,6.75
DTW,DFW,4,Detroit,Dallas/Fort Worth,spoke,hub,985.7,79,11850,9094,0.767,119.59,1087551.46,847780.1,7.26
DFW,PDX,1,Dallas/Fort Worth,Portland,hub,spoke,1613.6,106,16960,11417,0.673,222.96,2545534.32,1750072.73,6.39
PDX,DFW,1,Portland,Dallas/Fort Worth,spoke,hub,1613.6,98,7448,4749,0.638,205.25,974732.25,946472.38,7.88
DFW,PDX,2,Dallas/Fort Worth,Portland,hub,spoke,1613.6,86,6536,4244,0.649,155.78,661130.32,910580.76,8.63
PDX,DFW,2,Portland,Dallas/Fort Worth,spoke,hub,1613.6,96,14400,10144,0.705,232.64,2359900.16,1372121.28,5.91
DFW,PDX,3,Dallas/Fort Worth,Portland,hub,spoke,1613.6,102,15300,13724,0.897,161.65,2218484.6,1768801.01,7.16
PDX,DFW,3,Portland,Dallas/Fort Worth,spoke,hub,1613.6,89,13350,10923,0.818,195.14,2131514.22,1446453.36,6.71
DFW,PDX,4,Dallas/Fort Worth,Portland,hub,spoke,1613.6,78,11700,10453,0.893,224.54,2347116.62,1013866.64,5.37
PDX,DFW,4,Portland,Dallas/Fort Worth,spoke,hub,1613.6,82,6232,4654,0.747,205.51,956443.54,807333.46,8.03
DFW,SLC,1,Dallas/Fort Worth,Salt Lake City,hub,spoke,987.6,71,11360,8089,0.712,103.86,840123.54,801582.14,7.14
SLC,DFW,1,Salt Lake City,Dallas/Fort Worth,spoke,hub,987.6,99,18711,13327,0.712,136.7,1821800.9,1197996.03,6.48
DFW,SLC,2,Dallas/Fort Worth,Salt Lake City,hub,spoke,987.6,85,13600,11035,0.811,141.61,1562666.35,876208.06,6.52
SLC,DFW,2,Salt Lake City,Dallas/Fort Worth,spoke,hub,987.6,72,10800,6929,0.642,145.04,1004982.16,784791.85,7.36
DFW,SLC,3,Dallas/Fort Worth,Salt Lake City,hub,spoke,987.6,84,15876,13263,0.835,148.75,1972871.25,1326495.56,8.46
SLC,DFW,3,Salt Lake City,Dallas/Fort Worth,spoke,hub,987.6,72,5472,5307,0.97,112.88,599054.16,518182.46,9.59
DFW,SLC,4,Dallas/Fort Worth,Salt Lake City,hub,spoke,987.6,70,5320,4211,0.792,131.52,553830.72,478322.79,9.1
SLC,DFW,4,Salt Lake City,Dallas/Fort Worth,spoke,hub,987.6,98,14700,10480,0.713,122.92,1288201.6,1173730.96,8.09
DFW,STL,1,Dallas/Fort Worth,St. Louis,hub,spoke,550.1,86,16254,15374,0.946,98.99,1521872.26,786892.67,8.8
STL,DFW,1,St. Louis,Dallas/Fort Worth,spoke,hub,550.1,110,8360,5901,0.706,103.89,613054.89,368403.75,8.01
DFW,STL,2,Dallas/Fort Worth,St. Louis,hub,spoke,550.1,89,14240,11613,0.816,78.41,910575.33,732574.64,9.35
STL,DFW,2,St. Louis,Dallas/Fort Worth,spoke,hub,550.1,77,14553,12752,0.876,97.67,1245487.84,710672.77,8.88
DFW,STL,3,Dallas/Fort Worth,St. Louis,hub,spoke,550.1,92,14720,14127,0.96,96.82,1367776.14,640431.76,7.91
STL,DFW,3,St. Louis,Dallas/Fort Worth,spoke,hub,550.1,84,12600,10809,0.858,81.14,877042.26,572203.49,8.25
DFW,STL,4,Dallas/Fort Worth,St. Louis,hub,spoke,550.1,64,10240,8199,0.801,86.0,705114.0,471259.15,8.37
STL,DFW,4,St. Louis,Dallas/Fort Worth,spoke,hub,550.1,77,11550,9806,0.849,83.75,821252.5,443224.81,6.98
DFW,MCI,1,Dallas/Fort Worth,Kansas City,hub,spoke,460.9,79,6004,3787,0.631,82.34,311821.58,376660.54,13.61
MCI,DFW,1,Kansas City,Dallas/Fort Worth,spoke,hub,460.9,88,14080,10955,0.778,69.52,761591.6,604753.87,9.32
DFW,MCI,2,Dallas/Fort Worth,Kansas City,hub,spoke,460.9,70,10500,10185,0.97,65.91329952611832,671326.96,444457.55,9.18
MCI,DFW,2,Kansas City,Dallas/Fort Worth,spoke,hub,460.9,78,12480,9656,0.774,82.72,798744.32,473443.32,8.23
DFW,MCI,3,Dallas/Fort Worth,Kansas City,hub,spoke,460.9,79,14931,13319,0.892,82.36,1096952.84,605023.6,8.79
MCI,DFW,3,Kansas City,Dallas/Fort Worth,spoke,hub,460.9,100,18900,17849,0.944,65.91329952611832,1176486.48,767600.83,8.81
DFW,MCI,4,Dallas/Fort Worth,Kansas City,hub,spoke,460.9,91,17199,14732,0.857,72.21,1063797.72,719730.56,9.08
MCI,DFW,4,Kansas City,Dallas/Fort Worth,spoke,hub,460.9,88,13200,10349,0.784,73.49,760548.01,431835.4,7.1
DFW,OMA,1,Dallas/Fort Worth,Omaha,hub,spoke,583.8,79,12640,7989,0.632,104.37,833811.93,594266.57,8.05
OMA,DFW,1,Omaha,Dallas/Fort Worth,spoke,hub,583.8,89,16821,12923,0.768,69.68,900474.64,879334.36,8.95
DFW,OMA,2,Dallas/Fort Worth,Omaha,hub,spoke,583.8,92,14720,10713,0.728,105.42,1129364.46,729611.68,8.49
OMA,DFW,2,Omaha,Dallas/Fort Worth,spoke,hub,583.8,77,5852,4700,0.803,84.27,396069.0,347780.21,10.18
DFW,OMA,3,Dallas/Fort Worth,Omaha,hub,spoke,583.8,84,13440,11135,0.829,90.85,1011614.75,686297.75,8.75
OMA,DFW,3,Omaha,Dallas/Fort Worth,spoke,hub,583.8,84,12600,12222,0.97,102.81,1256543.82,615106.89,8.36
DFW,OMA,4,Dallas/Fort Worth,Omaha,hub,spoke,583.8,68,5168,4291,0.83,98.83,424079.53,259978.88,8.62
OMA,DFW,4,Omaha,Dallas/Fort Worth,spoke,hub,583.8,79,11850,9443,0.797,93.32,881220.76,590009.06,8.53
DFW,BOI,1,Dallas/Fort Worth,Boise,hub,spoke,1270.2,81,6156,5092,0.827,147.21,749593.32,770538.92,9.85
BOI,DFW,1,Boise,Dallas/Fort Worth,spoke,hub,1270.2,82,15498,11181,0.722,165.55,1851014.55,1249354.92,6.35
DFW,BOI,2,Dallas/Fort Worth,Boise,hub,spoke,1270.2,88,14080,10906,0.775,172.95,1886192.7,1062272.08,5.94
BOI,DFW,2,Boise,Dallas/Fort Worth,spoke,hub,1270.2,89,13350,10430,0.781,184.15,1920684.5,1130889.36,6.67
DFW,BOI,3,Dallas/Fort Worth,Boise,hub,spoke,1270.2,71,11360,10609,0.934,143.55,1522921.95,972116.47,6.74
BOI,DFW,3,Boise,Dallas/Fort Worth,spoke,hub,1270.2,75,12000,10830,0.903,159.27,1724894.1,1148330.49,7.53
DFW,BOI,4,Dallas/Fort Worth,Boise,hub,spoke,1270.2,57,8550,7731,0.904,180.05,1391966.55,732309.19,6.74
BOI,DFW,4,Boise,Dallas/Fort Worth,spoke,hub,1270.2,75,12000,9586,0.799,156.3,1498291.8,1025181.12,6.73
DFW,TUL,1,Dallas/Fort Worth,Tulsa,hub,spoke,237.2,82,12300,9288,0.755,62.55815789417527,581040.17,319869.8,10.96
TUL,DFW,1,Tulsa,Dallas/Fort Worth,spoke,hub,237.2,93,7068,4452,0.63,62.55815789417527,278508.92,220869.75,13.17
DFW,TUL,2,Dallas/Fort Worth,Tulsa,hub,spoke,237.2,81,12150,9978,0.821,62.55815789417527,624205.3,288721.79,10.02
TUL,DFW,2,Tulsa,Dallas/Fort Worth,spoke,hub,237.2,79,12640,8224,0.651,62.55815789417527,514478.29,344699.63,11.5
DFW,TUL,3,Dallas/Fort Worth,Tulsa,hub,spoke,237.2,89,13350,12949,0.97,62.55815789417527,810065.59,346623.89,10.95
TUL,DFW,3,Tulsa,Dallas/Fort Worth,spoke,hub,237.2,77,12320,11950,0.97,62.55815789417527,747569.99,316823.87,10.84
DFW,TUL,4,Dallas/Fort Worth,Tulsa,hub,spoke,237.2,99,15840,10766,0.68,62.55815789417527,673501.13,418275.29,11.13
TUL,DFW,4,Tulsa,Dallas/Fort Worth,spoke,hub,237.2,72,13608,7890,0.58,62.55815789417527,493583.87,359190.62,11.13
DFW,GEG,1,Dallas/Fort Worth,Spokane,hub,spoke,1475.2,93,13950,8968,0.643,197.9,1774767.2,1257595.05,6.11
GEG,DFW,1,Spokane,Dallas/Fort Worth,spoke,hub,1475.2,54,8640,5800,0.671,183.22,1062676.0,741477.6,5.82
DFW,GEG,2,Dallas/Fort Worth,Spokane,hub,spoke,1475.2,81,12150,8603,0.708,213.44,1836224.32,1106876.81,6.18
GEG,DFW,2,Spokane,Dallas/Fort Worth,spoke,hub,1475.2,100,18900,14216,0.752,234.02,3326828.32,1951461.0,7.0
DFW,GEG,3,Dallas/Fort Worth,Spokane,hub,spoke,1475.2,91,14560,12312,0.846,203.41,2504383.92,1187735.38,5.53
GEG,DFW,3,Spokane,Dallas/Fort Worth,spoke,hub,1475.2,91,6916,6708,0.97,268.36,1800158.88,825742.57,8.09
DFW,GEG,4,Dallas/Fort Worth,Spokane,hub,spoke,1475.2,91,17199,14680,0.854,220.97,3243839.6,1572310.08,6.2
GEG,DFW,4,Spokane,Dallas/Fort Worth,spoke,hub,1475.2,95,14250,11663,0.818,210.65,2456810.95,1555036.29,7.4
DFW,FAR,1,Dallas/Fort Worth,Fargo,hub,spoke,968.8,79,12640,9709,0.768,132.24,1283918.16,882251.73,7.2
FAR,DFW,1,Fargo,Dallas/Fort Worth,spoke,hub,968.8,74,13986,10574,0.756,137.01,1448743.74,923853.03,6.82
DFW,FAR,2,Dallas/Fort Worth,Fargo,hub,spoke,968.8,72,11520,9603,0.834,116.91,1122686.73,728133.54,6.52
FAR,DFW,2,Fargo,Dallas/Fort Worth,spoke,hub,968.8,98,15680,13401,0.855,119.38,1599811.38,1125887.86,7.41
DFW,FAR,3,Dallas/Fort Worth,Fargo,hub,spoke,968.8,85,12750,11898,0.933,148.95,1772207.1,991573.22,8.03
FAR,DFW,3,Fargo,Dallas/Fort Worth,spoke,hub,968.8,81,12960,11284,0.871,99.41,1121742.44,1009365.26,8.04
DFW,FAR,4,Dallas/Fort Worth,Fargo,hub,spoke,968.8,106,16960,12567,0.741,118.4,1487932.8,1350998.46,8.22
FAR,DFW,4,Fargo,Dallas/Fort Worth,spoke,hub,968.8,67,10050,8150,0.811,135.43,1103754.5,657703.89,6.76
DFW,BIL,1,Dallas/Fort Worth,Billings,hub,spoke,1080.7,92,13800,9017,0.653,117.04,1055349.68,970534.21,6.51
BIL,DFW,1,Billings,Dallas/Fort Worth,spoke,hub,1080.7,84,12600,9260,0.735,145.2,1344552.0,971623.79,7.14
DFW,BIL,2,Dallas/Fort Worth,Billings,hub,spoke,1080.7,86,13760,10708,0.778,177.04,1895744.32,898405.71,6.04
BIL,DFW,2,Billings,Dallas/Fort Worth,spoke,hub,1080.7,75,14175,11965,0.844,157.06,1879222.9,949273.45,6.2
DFW,BIL,3,Dallas/Fort Worth,Billings,hub,spoke,1080.7,81,12960,12571,0.97,132.2,1661886.2,974319.41,6.96
BIL,DFW,3,Billings,Dallas/Fort Worth,spoke,hub,1080.7,96,15360,14097,0.918,146.22,2061263.34,1127823.57,6.79
DFW,BIL,4,Dallas/Fort Worth,Billings,hub,spoke,1080.7,75,12000,10185,0.849,147.98,1507176.3,1038034.55,8.0
BIL,DFW,4,Billings,Dallas/Fort Worth,spoke,hub,1080.7,75,5700,4600,0.807,139.02,639492.0,519007.97,8.43
DEN,LAX,1,Denver,Los Angeles,hub,spoke,861.0,62,9920,6548,0.66,155.98,1021357.04,662636.08,7.76
LAX,DEN,1,Los Angeles,Denver,spoke,hub,861.0,85,13600,10643,0.783,133.76,1423607.68,879624.8,7.51
DEN,LAX,2,Denver,Los Angeles,hub,spoke,861.0,86,12900,10103,0.783,135.49,1368855.47,913367.31,8.22
LAX,DEN,2,Los Angeles,Denver,spoke,hub,861.0,82,12300,9243,0.752,163.62,1512339.66,738837.4,6.98
DEN,LAX,3,Denver,Los Angeles,hub,spoke,861.0,82,12300,11931,0.97,113.09,1349276.79,848769.67,8.01
LAX,DEN,3,Los Angeles,Denver,spoke,hub,861.0,67,10050,8084,0.804,135.48,1095220.32,631722.19,7.3
DEN,LAX,4,Denver,Los Angeles,hub,spoke,861.0,95,7220,5852,0.811,101.28,592690.56,599953.03,9.65
LAX,DEN,4,Los Angeles,Denver,spoke,hub,861.0,85,12750,10477,0.822,136.19,1426862.63,803250.7,7.32
DEN,JFK,1,Denver,New York JFK,hub,spoke,1621.5,79,14931,11102,0.744,218.48,2425564.96,1329163.23,5.49
JFK,DEN,1,New York JFK,Denver,spoke,hub,1621.5,98,18522,13896,0.75,231.64,3218869.44,1693999.09,5.64
DEN,JFK,2,Denver,New York JFK,hub,spoke,1621.5,72,10800,7839,0.726,216.79,1699416.81,1070712.63,6.11
JFK,DEN,2,New York JFK,Denver,spoke,hub,1621.5,79,11850,11494,0.97,206.47,2373166.18,1144418.77,5.96
DEN,JFK,3,Denver,New York JFK,hub,spoke,1621.5,81,12960,12571,0.97,238.21,2994537.91,1317824.66,6.27
JFK,DEN,3,New York JFK,Denver,spoke,hub,1621.5,81,12960,10714,0.827,200.07,2143549.98,1347686.94,6.41
DEN,JFK,4,Denver,New York JFK,hub,spoke,1621.5,89,13350,10039,0.752,200.97,2017537.83,1033480.51,4.77
JFK,DEN,4,New York JFK,Denver,spoke,hub,1621.5,62,9920,8916,0.899,231.22,2061557.52,1166341.76,7.25
DEN,MIA,1,Denver,Miami,hub,spoke,1708.0,96,14400,13165,0.914,213.84,2815203.6,1565099.85,6.36
MIA,DEN,1,Miami,Denver,spoke,hub,1708.0,99,7524,7298,0.97,199.04,1452593.92,1020051.28,7.94
DEN,MIA,2,Denver,Miami,hub,spoke,1708.0,116,18560,10936,0.589,202.51,2214649.36,1907788.89,6.02
MIA,DEN,2,Miami,Denver,spoke,hub,1708.0,78,11700,8336,0.713,203.12,1693208.32,992883.89,4.97
DEN,MIA,3,Denver,Miami,hub,spoke,1708.0,91,13650,12927,0.947,218.74,2827651.98,1475234.54,6.33
MIA,DEN,3,Miami,Denver,spoke,hub,1708.0,62,9920,8919,0.899,233.86,2085797.34,1178398.93,6.96
DEN,MIA,4,Denver,Miami,hub,spoke,1708.0,88,13200,9168,0.695,215.21,1973045.28,1437433.65,6.38
MIA,DEN,4,Miami,Denver,spoke,hub,1708.0,92,14720,11400,0.774,231.32,2637048.0,1608746.68,6.4
DEN,PHX,1,Denver,Phoenix,hub,spoke,602.0,75,11250,9684,0.861,80.59,780433.56,602869.35,8.9
PHX,DEN,1,Phoenix,Denver,spoke,hub,602.0,84,6384,5107,0.8,115.37,589194.59,443638.45,11.54
DEN,PHX,2,Denver,Phoenix,hub,spoke,602.0,89,16821,13876,0.825,83.3,1155870.8,777152.77,7.67
PHX,DEN,2,Phoenix,Denver,spoke,hub,602.0,91,14560,12004,0.824,82.28,987689.12,765737.89,8.74
DEN,PHX,3,Denver,Phoenix,hub,spoke,602.0,65,9750,8666,0.889,87.93,762001.38,471394.4,8.03
PHX,DEN,3,Phoenix,Denver,spoke,hub,602.0,85,13600,12199,0.897,88.26,1076683.74,721648.32,8.81
DEN,PHX,4,Denver,Phoenix,hub,spoke,602.0,75,5700,4468,0.784,103.1,460650.8,374753.84,10.92
PHX,DEN,4,Phoenix,Denver,spoke,hub,602.0,70,10500,8246,0.785,117.73,970801.58,462105.12,7.31
DEN,IAH,1,Denver,Houston,hub,spoke,862.3,92,17388,14183,0.816,153.57,2178083.31,1218469.04,8.13
IAH,DEN,1,Houston,Denver,spoke,hub,862.3,86,16254,11291,0.695,144.43,1630759.13,1191736.86,8.5
DEN,IAH,2,Denver,Houston,hub,spoke,862.3,78,11700,8050,0.688,145.5,1171275.0,801428.57,7.94
IAH,DEN,2,Houston,Denver,spoke,hub,862.3,60,9600,6866,0.715,159.81,1097255.46,619691.03,7.49
DEN,IAH,3,Denver,Houston,hub,spoke,862.3,77,12320,11950,0.97,107.17,1280681.5,766904.25,7.22
IAH,DEN,3,Houston,Denver,spoke,hub,862.3,89,13350,12949,0.97,140.45,1818687.05,896951.41,7.79
DEN,IAH,4,Denver,Houston,hub,spoke,862.3,84,12600,10429,0.828,100.97,1053016.13,823998.66,7.58
IAH,DEN,4,Houston,Denver,spoke,hub,862.3,86,6536,5086,0.778,118.2,601165.2,502600.35,8.92
DEN,BOS,1,Denver,Boston,hub,spoke,1749.3,72,10800,8260,0.765,224.26,1852387.6,1282750.27,6.79
BOS,DEN,1,Boston,Denver,spoke,hub,1749.3,62,4712,3322,0.705,193.93,644235.46,557577.24,6.76
DEN,BOS,2,Denver,Boston,hub,spoke,1749.3,71,13419,10429,0.777,165.61,1727146.69,1362581.88,5.8
BOS,DEN,2,Boston,Denver,spoke,hub,1749.3,77,5852,4321,0.738,176.96,764644.16,815963.84,7.97
DEN,BOS,3,Denver,Boston,hub,spoke,1749.3,71,13419,11657,0.869,161.47,1882255.79,1614252.4,6.88
BOS,DEN,3,Boston,Denver,spoke,hub,1749.3,70,11200,10664,0.952,187.25,1996834.0,1012863.55,5.17
DEN,BOS,4,Denver,Boston,hub,spoke,1749.3,77,5852,4205,0.719,168.83,709930.15,841689.94,8.22
BOS,DEN,4,Boston,Denver,spoke,hub,1749.3,89,16821,13706,0.815,160.43,2198853.58,1942111.62,6.6
DEN,SFO,1,Denver,San Francisco,hub,spoke,965.3,92,13800,8539,0.619,134.49,1148410.11,942431.15,7.08
SFO,DEN,1,San Francisco,Denver,spoke,hub,965.3,78,12480,8766,0.702,141.88,1243720.08,999737.28,8.3
DEN,SFO,2,Denver,San Francisco,hub,spoke,965.3,74,11100,8738,0.787,122.49,1070317.62,687713.44,6.42
SFO,DEN,2,San Francisco,Denver,spoke,hub,965.3,77,11550,8733,0.756,143.67,1254670.11,824247.47,7.39
DEN,SFO,3,Denver,San Francisco,hub,spoke,965.3,79,12640,11032,0.873,145.55,1605707.6,925582.69,7.59
SFO,DEN,3,San Francisco,Denver,spoke,hub,965.3,74,13986,11788,0.843,123.39,1454521.32,1085836.29,8.04
DEN,SFO,4,Denver,San Francisco,hub,spoke,965.3,82,6232,5109,0.82,150.06,766656.54,524839.4,8.72
SFO,DEN,4,San Francisco,Denver,spoke,hub,965.3,100,15000,11046,0.736,127.23,1405382.58,1003234.24,6.93
DEN,LAS,1,Denver,Las Vegas,hub,spoke,627.2,95,7220,7003,0.97,82.79,579778.37,574815.98,12.69
LAS,DEN,1,Las Vegas,Denver,spoke,hub,627.2,100,16000,11145,0.697,116.8,1301736.0,841994.61,8.39
DEN,LAS,2,Denver,Las Vegas,hub,spoke,627.2,75,12000,8733,0.728,94.71,827102.43,571182.14,7.59
LAS,DEN,2,Las Vegas,Denver,spoke,hub,627.2,79,11850,8523,0.719,97.05,827157.15,649038.2,8.73
DEN,LAS,3,Denver,Las Vegas,hub,spoke,627.2,103,7828,7593,0.97,116.97,888153.21,481205.24,9.8
LAS,DEN,3,Las Vegas,Denver,spoke,hub,627.2,75,12000,10956,0.913,85.92,941339.52,668057.4,8.88
DEN,LAS,4,Denver,Las Vegas,hub,spoke,627.2,78,11700,10201,0.872,79.18,807715.18,575376.04,7.84
LAS,DEN,4,Las Vegas,Denver,spoke,hub,627.2,103,7828,6142,0.785,83.11,510461.62,376799.68,7.67
DEN,MSP,1,Denver,Minneapolis,hub,spoke,678.7,89,14240,8581,0.603,115.62,992135.22,812357.63,8.41
MSP,DEN,1,Minneapolis,Denver,spoke,hub,678.7,61,9150,5962,0.652,131.95,786685.9,486528.07,7.83
DEN,MSP,2,Denver,Minneapolis,hub,spoke,678.7,75,11250,8004,0.711,80.68,645762.72,623493.73,8.17
MSP,DEN,2,Minneapolis,Denver,spoke,hub,678.7,77,11550,7975,0.691,135.01,1076704.75,633230.15,8.08
DEN,MSP,3,Denver,Minneapolis,hub,spoke,678.7,95,15200,12800,0.842,105.38,1348864.0,859831.06,8.33
MSP,DEN,3,Minneapolis,Denver,spoke,hub,678.7,67,10050,9748,0.97,111.55,1087389.4,535564.6,7.85
DEN,MSP,4,Denver,Minneapolis,hub,spoke,678.7,71,10650,8414,0.79,104.93,882881.02,556303.52,7.7
MSP,DEN,4,Minneapolis,Denver,spoke,hub,678.7,82,13120,10786,0.822,89.02,960169.72,682764.47,7.67
DEN,DTW,1,Denver,Detroit,hub,spoke,1120.0,78,14742,12021,0.815,127.37,1531114.77,1141400.44,6.91
DTW,DEN,1,Detroit,Denver,spoke,hub,1120.0,84,12600,10160,0.806,140.81,1430629.6,1082185.59,7.67
DEN,DTW,2,Denver,Detroit,hub,spoke,1120.0,105,19845,15259,0.769,170.74,2605321.66,1542195.72,6.94
DTW,DEN,2,Detroit,Denver,spoke,hub,1120.0,81,12960,10429,0.805,159.12,1659462.48,1024853.2,7.06
DEN,DTW,3,Denver,Detroit,hub,spoke,1120.0,89,13350,12028,0.901,116.28,1398615.84,1077216.83,7.2
DTW,DEN,3,Detroit,Denver,spoke,hub,1120.0,86,12900,11525,0.893,147.39,1698669.75,928352.87,6.43
DEN,DTW,4,Denver,Detroit,hub,spoke,1120.0,81,12150,9720,0.8,127.04,1234828.8,959339.24,7.05
DTW,DEN,4,Detroit,Denver,spoke,hub,1120.0,74,11840,9491,0.802,158.39,1503279.49,1061888.01,8.01
DEN,PDX,1,Denver,Portland,hub,spoke,989.7,89,14240,11925,0.837,134.69,1606178.25,1028451.53,7.3
PDX,DEN,1,Portland,Denver,spoke,hub,989.7,96,14400,10175,0.707,143.57,1460824.75,1137340.65,7.98
DEN,PDX,2,Denver,Portland,hub,spoke,989.7,86,6536,5303,0.811,161.14,854525.42,664332.85,10.27
PDX,DEN,2,Portland,Denver,spoke,hub,989.7,81,12150,11323,0.932,153.11,1733664.53,893632.54,7.43
DEN,PDX,3,Denver,Portland,hub,spoke,989.7,77,11550,11203,0.97,130.49,1461879.47,932517.19,8.16
PDX,DEN,3,Portland,Denver,spoke,hub,989.7,100,15000,14550,0.97,165.03,2401186.5,1010745.68,6.81
DEN,PDX,4,Denver,Portland,hub,spoke,989.7,103,7828,5917,0.756,136.74,809090.58,690050.23,8.91
PDX,DEN,4,Portland,Denver,spoke,hub,989.7,86,13760,10691,0.777,127.32,1361178.12,1110845.43,8.16
DEN,SLC,1,Denver,Salt Lake City,hub,spoke,390.3,77,11550,8684,0.752,69.55,603972.2,397582.22,8.82
SLC,DEN,1,Salt Lake City,Denver,spoke,hub,390.3,81,15309,10242,0.669,64.85401696739044,664234.84,513756.63,8.6
DEN,SLC,2,Denver,Salt Lake City,hub,spoke,390.3,65,10400,8012,0.77,64.85401696739044,519610.38,314107.02,7.74
SLC,DEN,2,Salt Lake City,Denver,spoke,hub,390.3,81,12150,11011,0.906,66.03,727056.33,461010.31,9.72
DEN,SLC,3,Denver,Salt Lake City,hub,spoke,390.3,79,12640,10821,0.856,75.35,815362.35,482441.22,9.78
SLC,DEN,3,Salt Lake City,Denver,spoke,hub,390.3,75,14175,11734,0.828,64.85401696739044,760997.04,493860.48,8.93
DEN,SLC,4,Denver,Salt Lake City,hub,spoke,390.3,89,13350,11006,0.824,66.95,736851.7,547457.29,10.51
SLC,DEN,4,Salt Lake City,Denver,spoke,hub,390.3,75,14175,12105,0.854,80.31,972152.55,549626.87,9.94
DEN,STL,1,Denver,St. Louis,hub,spoke,767.5,81,12150,8207,0.676,131.51,1079302.57,780504.27,8.37
STL,DEN,1,St. Louis,Denver,spoke,hub,767.5,85,6460,4208,0.651,98.94,416339.52,525996.8,10.61
DEN,STL,2,Denver,St. Louis,hub,spoke,767.5,78,12480,10434,0.836,142.76,1489557.84,627348.13,6.55
STL,DEN,2,St. Louis,Denver,spoke,hub,767.5,77,11550,8269,0.716,132.8,1098123.2,727774.68,8.21
DEN,STL,3,Denver,St. Louis,hub,spoke,767.5,96,15360,12735,0.829,96.61,1230328.35,894582.14,7.59
STL,DEN,3,St. Louis,Denver,spoke,hub,767.5,82,6232,5119,0.821,133.8,684922.2,480518.91,10.05
DEN,STL,4,Denver,St. Louis,hub,spoke,767.5,114,21546,14772,0.686,148.95,2200289.4,1190752.68,7.2
STL,DEN,4,St. Louis,Denver,spoke,hub,767.5,65,9750,7511,0.77,127.44,957201.84,540893.13,7.23
DEN,MCI,1,Denver,Kansas City,hub,spoke,531.5,93,14880,8723,0.586,85.45,745380.35,717096.46,9.07
MCI,DEN,1,Kansas City,Denver,spoke,hub,531.5,88,6688,4379,0.655,102.1,447095.9,456423.07,12.84
DEN,MCI,2,Denver,Kansas City,hub,spoke,531.5,67,12663,9747,0.77,78.57,765821.79,655501.22,9.74
MCI,DEN,2,Kansas City,Denver,spoke,hub,531.5,93,7068,5136,0.727,107.13,550219.68,416283.49,11.08
DEN,MCI,3,Denver,Kansas City,hub,spoke,531.5,84,13440,13036,0.97,91.27,1189795.72,536605.83,7.51
MCI,DEN,3,Kansas City,Denver,spoke,hub,531.5,67,5092,4939,0.97,66.97302330411523,330779.76,305270.06,11.28
DEN,MCI,4,Denver,Kansas City,hub,spoke,531.5,81,12960,9068,0.7,74.1,671938.8,542207.59,7.87
MCI,DEN,4,Kansas City,Denver,spoke,hub,531.5,86,13760,11361,0.826,99.75,1133259.75,626743.68,8.57
DEN,OMA,1,Denver,Omaha,hub,spoke,471.1,82,15498,11660,0.752,73.16,853045.6,794182.03,10.88
OMA,DEN,1,Omaha,Denver,spoke,hub,471.1,85,6460,4742,0.734,66.06713699541959,313290.36,352618.14,11.59
DEN,OMA,2,Denver,Omaha,hub,spoke,471.1,89,13350,11187,0.838,87.36,977296.32,574609.36,9.14
OMA,DEN,2,Omaha,Denver,spoke,hub,471.1,91,14560,10057,0.691,79.09,795408.13,705129.07,10.28
DEN,OMA,3,Denver,Omaha,hub,spoke,471.1,91,14560,13070,0.898,88.35,1154734.5,486093.76,7.09
OMA,DEN,3,Omaha,Denver,spoke,hub,471.1,105,7980,7656,0.959,74.77,572439.12,419553.2,11.16
DEN,OMA,4,Denver,Omaha,hub,spoke,471.1,71,13419,8280,0.617,66.06713699541959,547035.89,514174.99,8.13
OMA,DEN,4,Omaha,Denver,spoke,hub,471.1,99,14850,10816,0.728,93.95,1016163.2,629948.5,9.0
DEN,BOI,1,Denver,Boise,hub,spoke,647.6,71,11360,8286,0.729,85.29,706712.94,552296.6,7.51
BOI,DEN,1,Boise,Denver,spoke,hub,647.6,79,12640,11071,0.876,115.94,1283571.74,724278.83,8.85
DEN,BOI,2,Denver,Boise,hub,spoke,647.6,85,13600,10266,0.755,101.6,1043025.6,665176.03,7.55
BOI,DEN,2,Boise,Denver,spoke,hub,647.6,71,11360,9547,0.84,132.12,1261349.64,575041.2,7.82
DEN,BOI,3,Denver,Boise,hub,spoke,647.6,77,5852,5676,0.97,101.69,577192.44,389087.94,10.27
BOI,DEN,3,Boise,Denver,spoke,hub,647.6,84,15876,14280,0.9,121.6,1736448.0,803738.24,7.82
DEN,BOI,4,Denver,Boise,hub,spoke,647.6,79,12640,9085,0.719,101.24,919765.4,646382.53,7.9
BOI,DEN,4,Boise,Denver,spoke,hub,647.6,95,14250,11454,0.804,119.82,1372418.28,821476.77,8.9
DEN,TUL,1,Denver,Tulsa,hub,spoke,540.3,81,12960,10587,0.817,74.37,787355.19,655853.78,9.37
TUL,DEN,1,Tulsa,Denver,spoke,hub,540.3,72,11520,8411,0.73,108.16,909733.76,477081.34,7.67
DEN,TUL,2,Denver,Tulsa,hub,spoke,540.3,71,10650,7834,0.736,79.49,622724.66,503320.14,8.75
TUL,DEN,2,Tulsa,Denver,spoke,hub,540.3,84,15876,12724,0.802,83.43,1061563.32,855085.24,9.97
DEN,TUL,3,Denver,Tulsa,hub,spoke,540.3,112,8512,8256,0.97,113.3,935404.8,479526.18,10.43
TUL,DEN,3,Tulsa,Denver,spoke,hub,540.3,64,4864,4498,0.925,70.19,315714.62,253732.7,9.66
DEN,TUL,4,Denver,Tulsa,hub,spoke,540.3,64,10240,6337,0.619,84.52,535603.24,361151.94,6.53
TUL,DEN,4,Tulsa,Denver,spoke,hub,540.3,72,13608,12301,0.904,88.16,1084456.16,538098.49,7.32
DEN,GEG,1,Denver,Spokane,hub,spoke,834.5,72,11520,8117,0.705,115.06,933942.02,668153.87,6.95
GEG,DEN,1,Spokane,Denver,spoke,hub,834.5,75,14175,9693,0.684,101.63,985099.59,888571.96,7.51
DEN,GEG,2,Denver,Spokane,hub,spoke,834.5,78,11700,8860,0.757,141.61,1254664.6,759691.68,7.78
GEG,DEN,2,Spokane,Denver,spoke,hub,834.5,61,4636,4183,0.902,89.51,374420.33,290615.72,7.51
DEN,GEG,3,Denver,Spokane,hub,spoke,834.5,70,13230,12833,0.97,135.51,1738999.83,639136.11,5.79
GEG,DEN,3,Spokane,Denver,spoke,hub,834.5,79,12640,11508,0.91,114.35,1315939.8,909579.68,8.62
DEN,GEG,4,Denver,Spokane,hub,spoke,834.5,93,13950,10048,0.72,141.42,1420988.16,930578.58,7.99
GEG,DEN,4,Spokane,Denver,spoke,hub,834.5,86,6536,4851,0.742,98.71,478842.21,643892.48,11.81
DEN,FAR,1,Denver,Fargo,hub,spoke,626.5,92,14720,10564,0.718,85.35,901637.4,811903.68,8.8
FAR,DEN,1,Fargo,Denver,spoke,hub,626.5,81,15309,11274,0.736,111.64,1258629.36,847978.52,8.84
DEN,FAR,2,Denver,Fargo,hub,spoke,626.5,86,12900,11673,0.905,84.5,986368.5,692115.96,8.56
FAR,DEN,2,Fargo,Denver,spoke,hub,626.5,86,13760,11086,0.806,76.52,848300.72,647911.46,7.52
DEN,FAR,3,Denver,Fargo,hub,spoke,626.5,89,16821,14862,0.884,101.52,1508790.24,1008334.12,9.57
FAR,DEN,3,Fargo,Denver,spoke,hub,626.5,77,5852,5564,0.951,89.08,495641.12,358874.76,9.79
DEN,FAR,4,Denver,Fargo,hub,spoke,626.5,75,12000,9408,0.784,76.62,720840.96,645859.87,8.59
FAR,DEN,4,Fargo,Denver,spoke,hub,626.5,77,12320,8706,0.707,100.48,874778.88,681889.15,8.83
DEN,BIL,1,Denver,Billings,hub,spoke,455.3,84,12600,9390,0.745,92.68,870265.2,490535.14,8.55
BIL,DEN,1,Billings,Denver,spoke,hub,455.3,75,12000,8436,0.703,85.3,719590.8,500564.68,9.16
DEN,BIL,2,Denver,Billings,hub,spoke,455.3,110,16500,13688,0.83,70.93,970889.84,654879.41,8.72
BIL,DEN,2,Billings,Denver,spoke,hub,455.3,78,14742,12716,0.863,73.77,938059.32,630106.86,9.39
DEN,BIL,3,Denver,Billings,hub,spoke,455.3,106,15900,13420,0.844,97.21,1304558.2,587623.16,8.12
BIL,DEN,3,Billings,Denver,spoke,hub,455.3,78,14742,14299,0.97,67.65,967327.35,632222.62,9.42
DEN,BIL,4,Denver,Billings,hub,spoke,455.3,98,15680,12709,0.811,90.67,1152325.03,670344.85,9.39
BIL,DEN,4,Billings,Denver,spoke,hub,455.3,71,11360,9967,0.877,67.99,677656.33,446697.39,8.64
ATL,LAX,1,Atlanta,Los Angeles,hub,spoke,1942.3,72,11520,9313,0.809,221.91,2066647.83,1378861.99,6.16
LAX,ATL,1,Los Angeles,Atlanta,spoke,hub,1942.3,91,17199,13891,0.808,271.31,3768767.21,1935760.25,5.79
ATL,LAX,2,Atlanta,Los Angeles,hub,spoke,1942.3,81,6156,5088,0.827,237.45,1208145.6,798666.01,6.68
LAX,ATL,2,Los Angeles,Atlanta,spoke,hub,1942.3,77,11550,9631,0.834,226.71,2183444.01,1180992.72,5.26
ATL,LAX,3,Atlanta,Los Angeles,hub,spoke,1942.3,82,13120,9496,0.724,199.91,1898345.36,1548225.97,6.08
LAX,ATL,3,Los Angeles,Atlanta,spoke,hub,1942.3,86,12900,11129,0.863,254.72,2834778.88,1635781.86,6.53
ATL,LAX,4,Atlanta,Los Angeles,hub,spoke,1942.3,75,12000,7228,0.602,251.18,1815529.04,1389186.69,5.96
LAX,ATL,4,Los Angeles,Atlanta,spoke,hub,1942.3,102,7752,5852,0.755,189.12,1106730.24,1200123.14,7.97
ATL,JFK,1,Atlanta,New York JFK,hub,spoke,759.3,81,12960,9488,0.732,85.69,813026.72,861852.39,8.76
JFK,ATL,1,New York JFK,Atlanta,spoke,hub,759.3,68,12852,10412,0.81,101.87,1060670.44,624313.1,6.4
ATL,JFK,2,Atlanta,New York JFK,hub,spoke,759.3,92,14720,14180,0.963,113.35,1607303.0,757257.78,6.78
JFK,ATL,2,New York JFK,Atlanta,spoke,hub,759.3,95,17955,13240,0.737,90.88,1203251.2,1101548.28,8.08
ATL,JFK,3,Atlanta,New York JFK,hub,spoke,759.3,84,6384,5151,0.807,90.84,467916.84,441019.09,9.1
JFK,ATL,3,New York JFK,Atlanta,spoke,hub,759.3,93,14880,13937,0.937,134.98,1881216.26,844051.33,7.47
ATL,JFK,4,Atlanta,New York JFK,hub,spoke,759.3,100,18900,14460,0.765,97.91,1415778.6,1028576.41,7.17
JFK,ATL,4,New York JFK,Atlanta,spoke,hub,759.3,79,11850,8460,0.714,120.2,1016892.0,575664.82,6.4
ATL,MIA,1,Atlanta,Miami,hub,spoke,596.4,88,14080,13395,0.951,86.11,1153443.45,665596.82,7.93
MIA,ATL,1,Miami,Atlanta,spoke,hub,596.4,77,14553,12316,0.846,89.34,1100311.44,644391.57,7.42
ATL,MIA,2,Atlanta,Miami,hub,spoke,596.4,93,14880,11613,0.78,86.66,1006382.58,754633.31,8.5
MIA,ATL,2,Miami,Atlanta,spoke,hub,596.4,95,14250,11952,0.839,70.28,839986.56,680274.29,8.0
ATL,MIA,3,Atlanta,Miami,hub,spoke,596.4,79,11850,10332,0.872,77.67,802486.44,648107.89,9.17
MIA,ATL,3,Miami,Atlanta,spoke,hub,596.4,91,17199,14230,0.827,72.83,1036370.9,888481.09,8.66
ATL,MIA,4,Atlanta,Miami,hub,spoke,596.4,78,12480,8434,0.676,77.65,654900.1,588167.41,7.9
MIA,ATL,4,Miami,Atlanta,spoke,hub,596.4,102,15300,11195,0.732,86.37,966912.15,868449.59,9.52
ATL,PHX,1,Atlanta,Phoenix,hub,spoke,1583.7,85,12750,12337,0.968,196.91,2429278.67,1424856.88,7.06
PHX,ATL,1,Phoenix,Atlanta,spoke,hub,1583.7,78,12480,12025,0.964,196.74,2365798.5,1225864.83,6.2
ATL,PHX,2,Atlanta,Phoenix,hub,spoke,1583.7,81,15309,11839,0.773,167.44,1982322.16,1625448.69,6.7
PHX,ATL,2,Phoenix,Atlanta,spoke,hub,1583.7,85,16065,11232,0.699,148.16,1664133.12,1749017.81,6.87
ATL,PHX,3,Atlanta,Phoenix,hub,spoke,1583.7,81,12150,10931,0.9,197.03,2153734.93,1134531.59,5.9
PHX,ATL,3,Phoenix,Atlanta,spoke,hub,1583.7,88,14080,10153,0.721,211.36,2145938.08,1301867.39,5.84
ATL,PHX,4,Atlanta,Phoenix,hub,spoke,1583.7,110,16500,12424,0.753,206.91,2570649.84,1500866.35,5.74
PHX,ATL,4,Phoenix,Atlanta,spoke,hub,1583.7,82,12300,10245,0.833,204.52,2095307.4,1248465.38,6.41
ATL,IAH,1,Atlanta,Houston,hub,spoke,688.2,91,17199,14275,0.83,84.4,1204810.0,895646.08,7.57
IAH,ATL,1,Houston,Atlanta,spoke,hub,688.2,100,15000,11209,0.747,117.2,1313694.8,648078.97,6.28
ATL,IAH,2,Atlanta,Houston,hub,spoke,688.2,98,15680,13689,0.873,101.97,1395867.33,767850.04,7.12
IAH,ATL,2,Houston,Atlanta,spoke,hub,688.2,91,14560,10971,0.754,95.45,1047181.95,781782.98,7.8
ATL,IAH,3,Atlanta,Houston,hub,spoke,688.2,89,16821,15763,0.937,109.73,1729673.99,784245.84,6.77
IAH,ATL,3,Houston,Atlanta,spoke,hub,688.2,68,10880,10553,0.97,119.21,1258023.13,538413.17,7.19
ATL,IAH,4,Atlanta,Houston,hub,spoke,688.2,92,13800,10912,0.791,128.29,1399900.48,740311.93,7.79
IAH,ATL,4,Houston,Atlanta,spoke,hub,688.2,85,13600,11252,0.827,108.4,1219716.8,694747.15,7.42
ATL,BOS,1,Atlanta,Boston,hub,spoke,945.0,85,16065,11021,0.686,138.48,1526188.08,1223847.76,8.06
BOS,ATL,1,Boston,Atlanta,spoke,hub,945.0,78,5928,4969,0.838,134.51,668380.19,520682.04,9.29
ATL,BOS,2,Atlanta,Boston,hub,spoke,945.0,88,13200,11059,0.838,119.62,1322877.58,852057.03,6.83
BOS,ATL,2,Boston,Atlanta,spoke,hub,945.0,84,6384,4604,0.721,136.43,628123.72,533348.5,8.84
ATL,BOS,3,Atlanta,Boston,hub,spoke,945.0,81,12150,11785,0.97,173.56,2045404.6,745551.87,6.49
BOS,ATL,3,Boston,Atlanta,spoke,hub,945.0,68,5168,5012,0.97,152.47,764179.64,397887.97,8.15
ATL,BOS,4,Atlanta,Boston,hub,spoke,945.0,92,13800,7747,0.561,148.34,1149189.98,1029621.12,7.9
BOS,ATL,4,Boston,Atlanta,spoke,hub,945.0,75,14175,11891,0.839,181.33,2156195.03,1011258.57,7.55
ATL,SFO,1,Atlanta,San Francisco,hub,spoke,2134.4,86,13760,10086,0.733,244.26,2463606.36,1755119.02,5.98
SFO,ATL,1,San Francisco,Atlanta,spoke,hub,2134.4,100,7600,4929,0.649,232.56,1146288.24,1235284.18,7.62
ATL,SFO,2,Atlanta,San Francisco,hub,spoke,2134.4,72,10800,9550,0.884,262.37,2505633.5,1327368.36,5.76
SFO,ATL,2,San Francisco,Atlanta,spoke,hub,2134.4,82,15498,11916,0.769,245.86,2929667.76,1801448.38,5.45
ATL,SFO,3,Atlanta,San Francisco,hub,spoke,2134.4,82,15498,11532,0.744,249.44,2876542.08,1885457.56,5.7
SFO,ATL,3,San Francisco,Atlanta,spoke,hub,2134.4,95,17955,14703,0.819,297.51,4374289.53,2268963.11,5.92
ATL,SFO,4,Atlanta,San Francisco,hub,spoke,2134.4,74,11840,8324,0.703,243.0,2022732.0,1339443.87,5.3
SFO,ATL,4,San Francisco,Atlanta,spoke,hub,2134.4,79,11850,9104,0.768,266.42,2425487.68,1367079.12,5.41
ATL,LAS,1,Atlanta,Las Vegas,hub,spoke,1742.6,82,12300,9167,0.745,209.18,1917553.06,1168373.73,5.45
LAS,ATL,1,Las Vegas,Atlanta,spoke,hub,1742.6,79,6004,5789,0.964,222.74,1289441.86,741586.29,7.09
ATL,LAS,2,Atlanta,Las Vegas,hub,spoke,1742.6,91,14560,13055,0.897,207.9,2714134.5,1580623.29,6.23
LAS,ATL,2,Las Vegas,Atlanta,spoke,hub,1742.6,81,15309,12354,0.807,262.9,3247866.6,1684902.25,6.32
ATL,LAS,3,Atlanta,Las Vegas,hub,spoke,1742.6,79,12640,7824,0.619,193.67,1515274.08,1089096.45,4.94
LAS,ATL,3,Las Vegas,Atlanta,spoke,hub,1742.6,98,18522,14547,0.785,217.55,3164699.85,2068175.79,6.41
ATL,LAS,4,Atlanta,Las Vegas,hub,spoke,1742.6,98,14700,9120,0.62,199.9,1823088.0,1552881.35,6.06
LAS,ATL,4,Las Vegas,Atlanta,spoke,hub,1742.6,74,11100,8288,0.747,228.72,1895631.36,1221167.8,6.31
ATL,MSP,1,Atlanta,Minneapolis,hub,spoke,906.6,67,10050,6987,0.695,120.95,845077.65,594155.94,6.52
MSP,ATL,1,Minneapolis,Atlanta,spoke,hub,906.6,99,15840,8682,0.548,127.55,1107389.1,912263.64,6.35
ATL,MSP,2,Atlanta,Minneapolis,hub,spoke,906.6,77,5852,4949,0.846,105.4,521624.6,470220.13,8.86
MSP,ATL,2,Minneapolis,Atlanta,spoke,hub,906.6,86,12900,10829,0.84,76.49,828310.21,776665.75,6.64
ATL,MSP,3,Atlanta,Minneapolis,hub,spoke,906.6,78,14742,12832,0.87,124.04,1591681.28,956546.65,7.16
MSP,ATL,3,Minneapolis,Atlanta,spoke,hub,906.6,89,16821,15977,0.95,84.8,1354849.6,1209885.32,7.93
ATL,MSP,4,Atlanta,Minneapolis,hub,spoke,906.6,86,13760,12059,0.876,143.33,1728416.47,1025873.29,8.22
MSP,ATL,4,Minneapolis,Atlanta,spoke,hub,906.6,71,10650,9547,0.897,132.16,1261731.52,707564.76,7.33
ATL,DTW,1,Atlanta,Detroit,hub,spoke,595.0,95,14250,11175,0.784,72.63,811640.25,522264.25,6.16
DTW,ATL,1,Detroit,Atlanta,spoke,hub,595.0,98,15680,11553,0.737,100.47,1160729.91,872766.31,9.35
ATL,DTW,2,Atlanta,Detroit,hub,spoke,595.0,81,12150,8857,0.729,76.56,678091.92,499560.22,6.91
DTW,ATL,2,Detroit,Atlanta,spoke,hub,595.0,85,12750,10065,0.789,78.61,791209.65,569460.52,7.51
ATL,DTW,3,Atlanta,Detroit,hub,spoke,595.0,72,13608,12392,0.911,67.92559286707873,841733.95,689617.54,8.52
DTW,ATL,3,Detroit,Atlanta,spoke,hub,595.0,75,12000,10179,0.848,92.75,944102.25,602649.48,8.44
ATL,DTW,4,Atlanta,Detroit,hub,spoke,595.0,74,5624,4676,0.831,98.61,461100.36,341075.25,10.19
DTW,ATL,4,Detroit,Atlanta,spoke,hub,595.0,109,16350,14365,0.879,68.38,982278.7,816843.36,8.4
ATL,PDX,1,Atlanta,Portland,hub,spoke,2168.0,74,11840,7849,0.663,228.39,1792633.11,1522659.7,5.93
PDX,ATL,1,Portland,Atlanta,spoke,hub,2168.0,75,11250,8135,0.723,200.6,1631881.0,1458036.98,5.98
ATL,PDX,2,Atlanta,Portland,hub,spoke,2168.0,89,6764,5955,0.88,192.94,1148957.7,1184008.08,8.07
PDX,ATL,2,Portland,Atlanta,spoke,hub,2168.0,77,11550,10810,0.936,245.96,2658827.6,1299130.0,5.19
ATL,PDX,3,Atlanta,Portland,hub,spoke,2168.0,71,11360,10659,0.938,237.89,2535669.51,1532697.72,6.22
PDX,ATL,3,Portland,Atlanta,spoke,hub,2168.0,99,15840,13619,0.86,255.71,3482514.49,1706050.67,4.97
ATL,PDX,4,Atlanta,Portland,hub,spoke,2168.0,84,12600,9324,0.74,218.25,2034963.0,1494539.09,5.47
PDX,ATL,4,Portland,Atlanta,spoke,hub,2168.0,93,14880,12024,0.808,229.61,2760830.64,2063111.28,6.4
ATL,SLC,1,Atlanta,Salt Lake City,hub,spoke,1586.7,85,13600,11846,0.871,191.91,2273365.86,1409363.41,6.53
SLC,ATL,1,Salt Lake City,Atlanta,spoke,hub,1586.7,70,11200,6151,0.549,254.43,1564998.93,1043781.89,5.87
ATL,SLC,2,Atlanta,Salt Lake City,hub,spoke,1586.7,88,6688,5444,0.814,185.78,1011386.32,899261.13,8.47
SLC,ATL,2,Salt Lake City,Atlanta,spoke,hub,1586.7,86,13760,11365,0.826,191.26,2173669.9,1211221.53,5.55
ATL,SLC,3,Atlanta,Salt Lake City,hub,spoke,1586.7,103,16480,13699,0.831,222.73,3051178.27,1844806.78,7.06
SLC,ATL,3,Salt Lake City,Atlanta,spoke,hub,1586.7,70,13230,12019,0.908,221.13,2657761.47,1279062.36,6.09
ATL,SLC,4,Atlanta,Salt Lake City,hub,spoke,1586.7,82,12300,10488,0.853,219.67,2303898.96,1079194.05,5.53
SLC,ATL,4,Salt Lake City,Atlanta,spoke,hub,1586.7,84,15876,12010,0.756,150.95,1812909.5,1435830.83,5.7
ATL,STL,1,Atlanta,St. Louis,hub,spoke,483.9,75,5700,4492,0.788,76.55,343862.6,337654.26,12.24
STL,ATL,1,St. Louis,Atlanta,spoke,hub,483.9,99,14850,10934,0.736,70.13,766801.42,671276.64,9.34
ATL,STL,2,Atlanta,St. Louis,hub,spoke,483.9,98,15680,12202,0.778,84.09,1026066.18,702915.5,9.26
STL,ATL,2,St. Louis,Atlanta,spoke,hub,483.9,67,10720,8151,0.76,81.0,660231.0,468387.78,9.03
ATL,STL,3,Atlanta,St. Louis,hub,spoke,483.9,78,12480,11813,0.947,95.21,1124715.73,604828.56,10.02
STL,ATL,3,St. Louis,Atlanta,spoke,hub,483.9,89,13350,12949,0.97,84.1,1089010.9,587886.76,9.1
ATL,STL,4,Atlanta,St. Louis,hub,spoke,483.9,88,14080,12455,0.885,88.41,1101146.55,647272.33,9.5
STL,ATL,4,St. Louis,Atlanta,spoke,hub,483.9,78,5928,4092,0.69,77.04,315247.68,338320.07,11.79
ATL,MCI,1,Atlanta,Kansas City,hub,spoke,691.5,102,7752,4691,0.605,114.41,536697.31,485352.36,9.05
MCI,ATL,1,Kansas City,Atlanta,spoke,hub,691.5,71,11360,7520,0.662,106.14,798172.8,558982.8,7.12
ATL,MCI,2,Atlanta,Kansas City,hub,spoke,691.5,85,16065,11113,0.692,109.57,1217651.41,907429.3,8.17
MCI,ATL,2,Kansas City,Atlanta,spoke,hub,691.5,100,18900,16114,0.853,96.56,1555967.84,1138271.24,8.71
ATL,MCI,3,Atlanta,Kansas City,hub,spoke,691.5,67,5092,4246,0.834,120.84,513086.64,321769.58,9.14
MCI,ATL,3,Kansas City,Atlanta,spoke,hub,691.5,67,12663,11081,0.875,122.1,1352990.1,825674.69,9.43
ATL,MCI,4,Atlanta,Kansas City,hub,spoke,691.5,88,6688,5843,0.874,117.09,684156.87,521363.84,11.27
MCI,ATL,4,Kansas City,Atlanta,spoke,hub,691.5,89,16821,14166,0.842,97.31,1378493.46,901023.4,7.75
ATL,OMA,1,Atlanta,Omaha,hub,spoke,820.3,88,13200,10232,0.775,131.38,1344280.16,831419.35,7.68
OMA,ATL,1,Omaha,Atlanta,spoke,hub,820.3,92,6992,5240,0.75,124.33,651489.2,597695.75,10.42
ATL,OMA,2,Atlanta,Omaha,hub,spoke,820.3,88,16632,12020,0.723,123.02,1478700.4,1185345.72,8.69
OMA,ATL,2,Omaha,Atlanta,spoke,hub,820.3,68,12852,11095,0.863,115.85,1285355.75,712679.59,6.76
ATL,OMA,3,Atlanta,Omaha,hub,spoke,820.3,113,16950,15616,0.921,112.15,1751334.4,1013122.73,7.29
OMA,ATL,3,Omaha,Atlanta,spoke,hub,820.3,65,12285,9971,0.812,144.21,1437917.91,821335.73,8.15
ATL,OMA,4,Atlanta,Omaha,hub,spoke,820.3,103,19467,13759,0.707,144.16,1983497.44,1129013.01,7.07
OMA,ATL,4,Omaha,Atlanta,spoke,hub,820.3,79,6004,4964,0.827,85.99,426854.36,484316.68,9.83
ATL,BOI,1,Atlanta,Boise,hub,spoke,1834.4,93,17577,14289,0.813,265.05,3787299.45,1751222.07,5.43
BOI,ATL,1,Boise,Atlanta,spoke,hub,1834.4,70,5320,3698,0.695,242.18,895581.64,699093.5,7.16
ATL,BOI,2,Atlanta,Boise,hub,spoke,1834.4,96,14400,9193,0.638,210.13,1931725.09,1433646.24,5.43
BOI,ATL,2,Boise,Atlanta,spoke,hub,1834.4,84,12600,9622,0.764,268.48,2583314.56,1496274.53,6.47
ATL,BOI,3,Atlanta,Boise,hub,spoke,1834.4,74,11840,11484,0.97,222.26,2552433.84,1385944.34,6.38
BOI,ATL,3,Boise,Atlanta,spoke,hub,1834.4,89,13350,12924,0.968,176.56,2281861.44,1110055.64,4.53
ATL,BOI,4,Atlanta,Boise,hub,spoke,1834.4,93,14880,11815,0.794,233.01,2753013.15,1629908.23,5.97
BOI,ATL,4,Boise,Atlanta,spoke,hub,1834.4,75,11250,8860,0.788,246.16,2180977.6,1489664.29,7.22
ATL,TUL,1,Atlanta,Tulsa,hub,spoke,672.4,67,10050,6555,0.652,97.36,638194.8,526634.15,7.79
TUL,ATL,1,Tulsa,Atlanta,spoke,hub,672.4,103,15450,10171,0.658,106.75,1085754.25,712696.04,6.86
ATL,TUL,2,Atlanta,Tulsa,hub,spoke,672.4,75,12000,8587,0.716,125.39,1076723.93,579865.51,7.19
TUL,ATL,2,Tulsa,Atlanta,spoke,hub,672.4,91,13650,10050,0.736,81.15,815557.5,704842.48,7.68
ATL,TUL,3,Atlanta,Tulsa,hub,spoke,672.4,78,12480,11760,0.942,100.1,1177176.0,699274.36,8.33
TUL,ATL,3,Tulsa,Atlanta,spoke,hub,672.4,88,14080,11667,0.829,87.27,1018179.09,798682.65,8.44
ATL,TUL,4,Atlanta,Tulsa,hub,spoke,672.4,81,12150,9403,0.774,112.12,1054264.36,688524.02,8.43
TUL,ATL,4,Tulsa,Atlanta,spoke,hub,672.4,96,18144,17599,0.97,122.34,2153061.66,988646.91,8.1
ATL,GEG,1,Atlanta,Spokane,hub,spoke,1965.1,82,6232,4719,0.757,249.31,1176493.89,922568.8,7.53
GEG,ATL,1,Spokane,Atlanta,spoke,hub,1965.1,71,10650,7891,0.741,260.73,2057420.43,1247359.91,5.96
ATL,GEG,2,Atlanta,Spokane,hub,spoke,1965.1,82,6232,5335,0.856,309.37,1650488.95,916204.55,7.48
GEG,ATL,2,Spokane,Atlanta,spoke,hub,1965.1,96,7296,5699,0.781,220.66,1257541.34,1117150.81,7.79
ATL,GEG,3,Atlanta,Spokane,hub,spoke,1965.1,93,14880,14433,0.97,254.29,3670167.57,1777875.9,6.08
GEG,ATL,3,Spokane,Atlanta,spoke,hub,1965.1,70,10500,10185,0.97,260.65,2654720.25,1119845.45,5.43
ATL,GEG,4,Atlanta,Spokane,hub,spoke,1965.1,85,16065,12619,0.786,142.47,1797828.93,2077454.96,6.58
GEG,ATL,4,Spokane,Atlanta,spoke,hub,1965.1,96,14400,13968,0.97,231.34,3231357.12,1584236.84,5.6
ATL,FAR,1,Atlanta,Fargo,hub,spoke,1123.3,68,12852,9095,0.708,132.18,1202177.1,834553.1,5.78
FAR,ATL,1,Fargo,Atlanta,spoke,hub,1123.3,85,12750,9645,0.757,143.24,1381549.8,932679.91,6.51
ATL,FAR,2,Atlanta,Fargo,hub,spoke,1123.3,92,14720,9896,0.672,149.6,1480441.6,1080111.56,6.53
FAR,ATL,2,Fargo,Atlanta,spoke,hub,1123.3,85,13600,11214,0.825,155.78,1746916.92,979143.61,6.41
ATL,FAR,3,Atlanta,Fargo,hub,spoke,1123.3,70,10500,9389,0.894,164.95,1548715.55,695235.35,5.89
FAR,ATL,3,Fargo,Atlanta,spoke,hub,1123.3,91,17199,16683,0.97,132.89,2217003.87,1416576.77,7.33
ATL,FAR,4,Atlanta,Fargo,hub,spoke,1123.3,71,10650,8427,0.791,167.23,1409247.21,816708.74,6.83
FAR,ATL,4,Fargo,Atlanta,spoke,hub,1123.3,105,19845,12169,0.613,138.93,1690639.17,1615181.05,7.25
ATL,BIL,1,Atlanta,Billings,hub,spoke,1523.0,86,6536,5905,0.904,179.25,1058471.25,791832.56,7.95
BIL,ATL,1,Billings,Atlanta,spoke,hub,1523.0,77,11550,8252,0.715,152.73,1260327.96,1119004.03,6.36
ATL,BIL,2,Atlanta,Billings,hub,spoke,1523.0,84,13440,10190,0.758,179.4,1828086.0,1407200.23,6.87
BIL,ATL,2,Billings,Atlanta,spoke,hub,1523.0,74,13986,10426,0.745,223.83,2333651.58,1525420.17,7.16
ATL,BIL,3,Atlanta,Billings,hub,spoke,1523.0,75,11250,10842,0.964,196.17,2126875.14,1166327.59,6.81
BIL,ATL,3,Billings,Atlanta,spoke,hub,1523.0,88,16632,14043,0.844,159.79,2243930.97,1598764.94,6.31
ATL,BIL,4,Atlanta,Billings,hub,spoke,1523.0,81,12960,10150,0.783,185.15,1879272.5,1105536.34,5.6
BIL,ATL,4,Billings,Atlanta,spoke,hub,1523.0,71,11360,8464,0.745,166.46,1408917.44,1023333.85,5.91
SEA,LAX,1,Seattle-Tacoma,Los Angeles,hub,spoke,955.2,86,13760,11220,0.815,120.5,1352010.0,991631.56,7.54
LAX,SEA,1,Los Angeles,Seattle-Tacoma,spoke,hub,955.2,88,16632,13967,0.84,143.43,2003286.81,1300609.72,8.19
SEA,LAX,2,Seattle-Tacoma,Los Angeles,hub,spoke,955.2,91,13650,10372,0.76,119.84,1242980.48,943919.02,7.24
LAX,SEA,2,Los Angeles,Seattle-Tacoma,spoke,hub,955.2,85,13600,10379,0.763,144.06,1495198.74,1048041.19,8.07
SEA,LAX,3,Seattle-Tacoma,Los Angeles,hub,spoke,955.2,78,5928,4690,0.791,180.11,844715.9,467298.97,8.25
LAX,SEA,3,Los Angeles,Seattle-Tacoma,spoke,hub,955.2,79,11850,11163,0.942,161.11,1798470.93,894127.46,7.9
SEA,LAX,4,Seattle-Tacoma,Los Angeles,hub,spoke,955.2,98,18522,12503,0.675,113.99,1425216.97,1346485.5,7.61
LAX,SEA,4,Los Angeles,Seattle-Tacoma,spoke,hub,955.2,78,14742,10799,0.733,124.87,1348471.13,1125964.74,8.0
SEA,JFK,1,Seattle-Tacoma,New York JFK,hub,spoke,2415.1,84,12600,10389,0.825,197.58,2052658.62,1773396.31,5.83
JFK,SEA,1,New York JFK,Seattle-Tacoma,spoke,hub,2415.1,95,15200,9632,0.634,310.98,2995359.36,2032035.3,5.54
SEA,JFK,2,Seattle-Tacoma,New York JFK,hub,spoke,2415.1,88,14080,13106,0.931,389.2,5100855.2,1793886.29,5.28
JFK,SEA,2,New York JFK,Seattle-Tacoma,spoke,hub,2415.1,81,6156,5275,0.857,393.81,2077347.75,985197.73,6.63
SEA,JFK,3,Seattle-Tacoma,New York JFK,hub,spoke,2415.1,82,12300,10802,0.878,333.39,3601278.78,1620034.53,5.45
JFK,SEA,3,New York JFK,Seattle-Tacoma,spoke,hub,2415.1,64,12096,11733,0.97,303.81,3564602.73,1603894.58,5.49
SEA,JFK,4,Seattle-Tacoma,New York JFK,hub,spoke,2415.1,102,16320,12140,0.744,300.99,3654018.6,2117511.56,5.37
JFK,SEA,4,New York JFK,Seattle-Tacoma,spoke,hub,2415.1,82,12300,11839,0.963,227.1,2688636.9,1600942.53,5.39
SEA,MIA,1,Seattle-Tacoma,Miami,hub,spoke,2721.5,89,16821,14823,0.881,319.15,4730760.45,2379670.88,5.2
MIA,SEA,1,Miami,Seattle-Tacoma,spoke,hub,2721.5,75,12000,11640,0.97,322.66,3755762.4,1505053.4,4.61
SEA,MIA,2,Seattle-Tacoma,Miami,hub,spoke,2721.5,92,17388,12140,0.698,293.21,3559569.4,2415400.1,5.1
MIA,SEA,2,Miami,Seattle-Tacoma,spoke,hub,2721.5,98,18522,14557,0.786,286.64,4172618.48,2461771.06,4.88
SEA,MIA,3,Seattle-Tacoma,Miami,hub,spoke,2721.5,58,10962,9225,0.842,252.04,2325069.0,1344687.01,4.51
MIA,SEA,3,Miami,Seattle-Tacoma,spoke,hub,2721.5,102,16320,13680,0.838,308.89,4225615.2,2362243.29,5.32
SEA,MIA,4,Seattle-Tacoma,Miami,hub,spoke,2721.5,99,15840,10165,0.642,385.41,3917692.65,1978106.93,4.59
MIA,SEA,4,Miami,Seattle-Tacoma,spoke,hub,2721.5,84,13440,8354,0.622,268.51,2243132.54,2284664.99,6.25
SEA,PHX,1,Seattle-Tacoma,Phoenix,hub,spoke,1107.6,75,14175,12042,0.85,163.19,1965133.98,1101016.7,7.01
PHX,SEA,1,Phoenix,Seattle-Tacoma,spoke,hub,1107.6,92,17388,15681,0.902,155.0,2430555.0,1367785.91,7.1
SEA,PHX,2,Seattle-Tacoma,Phoenix,hub,spoke,1107.6,85,13600,10383,0.764,194.67,2021258.61,1111232.8,7.38
PHX,SEA,2,Phoenix,Seattle-Tacoma,spoke,hub,1107.6,79,12640,8086,0.64,158.71,1283329.06,938917.67,6.71
SEA,PHX,3,Seattle-Tacoma,Phoenix,hub,spoke,1107.6,74,11100,9259,0.834,145.11,1343573.49,902651.28,7.34
PHX,SEA,3,Phoenix,Seattle-Tacoma,spoke,hub,1107.6,102,16320,14247,0.873,150.42,2143033.74,1266798.86,7.01
SEA,PHX,4,Seattle-Tacoma,Phoenix,hub,spoke,1107.6,74,11840,9654,0.815,149.14,1439797.56,930550.6,7.1
PHX,SEA,4,Phoenix,Seattle-Tacoma,spoke,hub,1107.6,75,14175,13224,0.933,137.57,1819225.68,1043879.91,6.65
SEA,IAH,1,Seattle-Tacoma,Houston,hub,spoke,1872.8,85,6460,4646,0.719,166.83,775092.18,1142218.97,9.44
IAH,SEA,1,Houston,Seattle-Tacoma,spoke,hub,1872.8,91,6916,4598,0.665,196.31,902633.38,883955.25,6.82
SEA,IAH,2,Seattle-Tacoma,Houston,hub,spoke,1872.8,91,13650,9833,0.72,261.23,2568674.59,1602643.92,6.27
IAH,SEA,2,Houston,Seattle-Tacoma,spoke,hub,1872.8,75,12000,9245,0.77,228.34,2111003.3,1561854.42,6.95
SEA,IAH,3,Seattle-Tacoma,Houston,hub,spoke,1872.8,72,10800,9894,0.916,192.3,1902616.2,1265384.91,6.26
IAH,SEA,3,Houston,Seattle-Tacoma,spoke,hub,1872.8,77,11550,10784,0.934,264.5,2852368.0,1398604.82,6.47
SEA,IAH,4,Seattle-Tacoma,Houston,hub,spoke,1872.8,84,6384,4751,0.744,249.21,1183996.71,982285.03,8.22
IAH,SEA,4,Houston,Seattle-Tacoma,spoke,hub,1872.8,92,6992,5641,0.807,209.6,1182353.6,900354.63,6.88
SEA,BOS,1,Seattle-Tacoma,Boston,hub,spoke,2488.9,68,10200,7353,0.721,333.52,2452372.56,1467656.99,5.78
BOS,SEA,1,Boston,Seattle-Tacoma,spoke,hub,2488.9,89,14240,9170,0.644,276.52,2535688.4,2333605.06,6.58
SEA,BOS,2,Seattle-Tacoma,Boston,hub,spoke,2488.9,100,7600,6811,0.896,340.2,2317102.2,1341091.78,7.09
BOS,SEA,2,Boston,Seattle-Tacoma,spoke,hub,2488.9,99,14850,12853,0.866,293.83,3776596.99,1957242.99,5.3
SEA,BOS,3,Seattle-Tacoma,Boston,hub,spoke,2488.9,75,5700,4466,0.784,296.17,1322695.22,831247.79,5.86
BOS,SEA,3,Boston,Seattle-Tacoma,spoke,hub,2488.9,92,14720,14278,0.97,255.99,3655025.22,2168817.48,5.92
SEA,BOS,4,Seattle-Tacoma,Boston,hub,spoke,2488.9,89,16821,16316,0.97,318.34,5194035.44,2454715.86,5.86
BOS,SEA,4,Boston,Seattle-Tacoma,spoke,hub,2488.9,64,9600,8299,0.865,315.78,2620658.22,1378027.04,5.77
SEA,SFO,1,Seattle-Tacoma,San Francisco,hub,spoke,679.2,95,15200,12436,0.818,102.38,1273197.68,797738.13,7.73
SFO,SEA,1,San Francisco,Seattle-Tacoma,spoke,hub,679.2,85,16065,11325,0.705,104.15,1179498.75,915972.84,8.39
SEA,SFO,2,Seattle-Tacoma,San Francisco,hub,spoke,679.2,65,9750,8644,0.887,111.65,965102.6,619669.08,9.36
SFO,SEA,2,San Francisco,Seattle-Tacoma,spoke,hub,679.2,65,4940,3355,0.679,99.07,332379.85,359496.94,10.71
SEA,SFO,3,Seattle-Tacoma,San Francisco,hub,spoke,679.2,106,15900,12874,0.81,99.71,1283666.54,858550.64,7.95
SFO,SEA,3,San Francisco,Seattle-Tacoma,spoke,hub,679.2,81,12960,11280,0.87,101.31,1142776.8,778985.66,8.85
SEA,SFO,4,Seattle-Tacoma,San Francisco,hub,spoke,679.2,71,11360,8462,0.745,107.12,906449.44,576465.0,7.47
SFO,SEA,4,San Francisco,Seattle-Tacoma,spoke,hub,679.2,98,14700,9563,0.651,93.72,896244.36,917765.39,9.19
SEA,LAS,1,Seattle-Tacoma,Las Vegas,hub,spoke,867.0,84,13440,9223,0.686,133.51,1231362.73,969407.75,8.32
LAS,SEA,1,Las Vegas,Seattle-Tacoma,spoke,hub,867.0,77,11550,8327,0.721,120.1,1000072.7,755870.43,7.55
SEA,LAS,2,Seattle-Tacoma,Las Vegas,hub,spoke,867.0,61,9150,6308,0.69,78.0,492024.0,626657.5,7.9
LAS,SEA,2,Las Vegas,Seattle-Tacoma,spoke,hub,867.0,81,12150,8221,0.677,126.3,1038312.3,838907.3,7.96
SEA,LAS,3,Seattle-Tacoma,Las Vegas,hub,spoke,867.0,74,11100,7226,0.651,128.99,932081.74,763018.23,7.93
LAS,SEA,3,Las Vegas,Seattle-Tacoma,spoke,hub,867.0,65,12285,11713,0.953,92.46,1082983.98,641815.22,6.03
SEA,LAS,4,Seattle-Tacoma,Las Vegas,hub,spoke,867.0,100,7600,5869,0.772,133.54,783746.26,654675.89,9.94
LAS,SEA,4,Las Vegas,Seattle-Tacoma,spoke,hub,867.0,88,16632,10247,0.616,122.7,1257306.9,1039469.17,7.21
SEA,MSP,1,Seattle-Tacoma,Minneapolis,hub,spoke,1395.0,84,13440,9764,0.727,199.63,1949187.32,1080886.65,5.76
MSP,SEA,1,Minneapolis,Seattle-Tacoma,spoke,hub,1395.0,72,10800,7224,0.669,193.61,1398638.64,812351.48,5.39
SEA,MSP,2,Seattle-Tacoma,Minneapolis,hub,spoke,1395.0,71,10650,7515,0.706,162.44,1220736.6,845923.13,5.69
MSP,SEA,2,Minneapolis,Seattle-Tacoma,spoke,hub,1395.0,72,11520,9849,0.855,166.22,1637100.78,1161754.36,7.23
SEA,MSP,3,Seattle-Tacoma,Minneapolis,hub,spoke,1395.0,72,10800,9876,0.914,164.42,1623811.92,1004286.41,6.67
MSP,SEA,3,Minneapolis,Seattle-Tacoma,spoke,hub,1395.0,81,6156,5844,0.949,145.38,849600.72,724798.97,8.44
SEA,MSP,4,Seattle-Tacoma,Minneapolis,hub,spoke,1395.0,91,13650,9515,0.697,172.1,1637531.5,1026363.02,5.39
MSP,SEA,4,Minneapolis,Seattle-Tacoma,spoke,hub,1395.0,92,13800,11136,0.807,184.72,2057041.92,1273129.07,6.61
SEA,DTW,1,Seattle-Tacoma,Detroit,hub,spoke,1922.2,70,13230,9889,0.747,146.01,1443892.89,1604286.03,6.31
DTW,SEA,1,Detroit,Seattle-Tacoma,spoke,hub,1922.2,89,16821,9223,0.548,255.37,2355277.51,2006853.28,6.21
SEA,DTW,2,Seattle-Tacoma,Detroit,hub,spoke,1922.2,96,15360,11815,0.769,189.13,2234570.95,1667065.71,5.65
DTW,SEA,2,Detroit,Seattle-Tacoma,spoke,hub,1922.2,81,12150,10403,0.856,249.21,2592531.63,1224862.3,5.24
SEA,DTW,3,Seattle-Tacoma,Detroit,hub,spoke,1922.2,81,12150,11785,0.97,203.95,2403550.75,1619736.93,6.94
DTW,SEA,3,Detroit,Seattle-Tacoma,spoke,hub,1922.2,102,16320,15771,0.966,243.58,3841500.18,1625097.82,5.18
SEA,DTW,4,Seattle-Tacoma,Detroit,hub,spoke,1922.2,75,11250,8236,0.732,224.48,1848817.28,1248924.61,5.78
DTW,SEA,4,Detroit,Seattle-Tacoma,spoke,hub,1922.2,64,10240,9084,0.887,237.59,2158267.56,1438512.76,7.31
SEA,PDX,1,Seattle-Tacoma,Portland,hub,spoke,129.3,89,14240,9890,0.695,60.93878332866697,602684.57,223713.91,12.15
PDX,SEA,1,Portland,Seattle-Tacoma,spoke,hub,129.3,82,13120,8981,0.685,60.93878332866697,547291.21,223712.45,13.19
SEA,PDX,2,Seattle-Tacoma,Portland,hub,spoke,129.3,91,13650,11617,0.851,60.93878332866697,707925.85,240020.59,13.6
PDX,SEA,2,Portland,Seattle-Tacoma,spoke,hub,129.3,84,6384,4788,0.75,60.93878332866697,291774.89,142475.05,17.27
SEA,PDX,3,Seattle-Tacoma,Portland,hub,spoke,129.3,70,5320,5160,0.97,60.93878332866697,314444.12,107115.64,15.58
PDX,SEA,3,Portland,Seattle-Tacoma,spoke,hub,129.3,81,6156,4899,0.796,60.93878332866697,298539.1,141218.07,17.75
SEA,PDX,4,Seattle-Tacoma,Portland,hub,spoke,129.3,78,11700,9531,0.815,60.93878332866697,580807.54,166521.55,11.01
PDX,SEA,4,Portland,Seattle-Tacoma,spoke,hub,129.3,65,12285,8905,0.725,60.93878332866697,542659.87,170849.09,10.76
SEA,SLC,1,Seattle-Tacoma,Salt Lake City,hub,spoke,687.6,110,16500,11551,0.7,108.74,1256055.74,1034887.67,9.12
SLC,SEA,1,Salt Lake City,Seattle-Tacoma,spoke,hub,687.6,102,15300,12005,0.785,108.62,1303983.1,970561.52,9.23
SEA,SLC,2,Seattle-Tacoma,Salt Lake City,hub,spoke,687.6,81,6156,4970,0.807,84.47,419815.9,428011.24,10.11
SLC,SEA,2,Salt Lake City,Seattle-Tacoma,spoke,hub,687.6,82,12300,11528,0.937,104.82,1208364.96,731459.31,8.65
SEA,SLC,3,Seattle-Tacoma,Salt Lake City,hub,spoke,687.6,106,16960,16175,0.954,106.25,1718593.75,1008657.28,8.65
SLC,SEA,3,Salt Lake City,Seattle-Tacoma,spoke,hub,687.6,74,11840,10522,0.889,111.99,1178358.78,616857.52,7.58
SEA,SLC,4,Seattle-Tacoma,Salt Lake City,hub,spoke,687.6,78,12480,11114,0.891,120.65,1340904.1,749444.96,8.73
SLC,SEA,4,Salt Lake City,Seattle-Tacoma,spoke,hub,687.6,82,12300,10617,0.863,111.84,1187405.28,634111.64,7.5
SEA,STL,1,Seattle-Tacoma,St. Louis,hub,spoke,1705.3,74,11100,7254,0.654,246.66,1789271.64,1094691.2,5.78
STL,SEA,1,St. Louis,Seattle-Tacoma,spoke,hub,1705.3,102,15300,13767,0.9,208.94,2876476.98,2018187.51,7.74
SEA,STL,2,Seattle-Tacoma,St. Louis,hub,spoke,1705.3,95,7220,5787,0.802,210.52,1218279.24,977611.11,7.94
STL,SEA,2,St. Louis,Seattle-Tacoma,spoke,hub,1705.3,72,10800,9724,0.9,190.34,1850866.16,1121693.18,6.09
SEA,STL,3,Seattle-Tacoma,St. Louis,hub,spoke,1705.3,71,11360,8625,0.759,220.16,1898880.0,1139906.63,5.88
STL,SEA,3,St. Louis,Seattle-Tacoma,spoke,hub,1705.3,77,14553,13248,0.91,228.1,3021868.8,1504811.95,6.06
SEA,STL,4,Seattle-Tacoma,St. Louis,hub,spoke,1705.3,78,12480,9193,0.737,226.85,2085432.05,1465599.99,6.89
STL,SEA,4,St. Louis,Seattle-Tacoma,spoke,hub,1705.3,100,16000,13618,0.851,224.76,3060781.68,1623154.67,5.95
SEA,MCI,1,Seattle-Tacoma,Kansas City,hub,spoke,1486.2,78,5928,4156,0.701,147.99,615046.44,759873.49,8.62
MCI,SEA,1,Kansas City,Seattle-Tacoma,spoke,hub,1486.2,65,9750,5469,0.561,185.18,1012749.42,926783.01,6.4
SEA,MCI,2,Seattle-Tacoma,Kansas City,hub,spoke,1486.2,81,12150,9761,0.803,193.24,1886215.64,1293721.04,7.16
MCI,SEA,2,Kansas City,Seattle-Tacoma,spoke,hub,1486.2,60,9600,7695,0.802,143.47,1104001.65,946691.14,6.64
SEA,MCI,3,Seattle-Tacoma,Kansas City,hub,spoke,1486.2,67,10050,9433,0.939,133.12,1255720.96,882767.13,5.91
MCI,SEA,3,Kansas City,Seattle-Tacoma,spoke,hub,1486.2,81,15309,13353,0.872,211.12,2819085.36,1529156.82,6.72
SEA,MCI,4,Seattle-Tacoma,Kansas City,hub,spoke,1486.2,82,12300,8288,0.674,168.82,1399180.16,1133866.84,6.2
MCI,SEA,4,Kansas City,Seattle-Tacoma,spoke,hub,1486.2,72,11520,9309,0.808,160.79,1496794.11,1065352.81,6.22
SEA,OMA,1,Seattle-Tacoma,Omaha,hub,spoke,1364.5,79,6004,4624,0.77,189.6,876710.4,730503.24,8.92
OMA,SEA,1,Omaha,Seattle-Tacoma,spoke,hub,1364.5,81,12150,7219,0.594,170.19,1228601.61,847987.6,5.11
SEA,OMA,2,Seattle-Tacoma,Omaha,hub,spoke,1364.5,78,11700,9490,0.811,149.96,1423120.4,1086059.16,6.8
OMA,SEA,2,Omaha,Seattle-Tacoma,spoke,hub,1364.5,82,15498,9541,0.616,185.71,1771859.11,1363209.61,6.45
SEA,OMA,3,Seattle-Tacoma,Omaha,hub,spoke,1364.5,67,5092,4939,0.97,174.06,859682.34,665216.08,9.57
OMA,SEA,3,Omaha,Seattle-Tacoma,spoke,hub,1364.5,65,9750,9000,0.923,177.24,1595160.0,968718.66,7.28
SEA,OMA,4,Seattle-Tacoma,Omaha,hub,spoke,1364.5,88,16632,10856,0.653,139.04,1509418.24,1535219.64,6.76
OMA,SEA,4,Omaha,Seattle-Tacoma,spoke,hub,1364.5,75,12000,7616,0.635,203.53,1550084.48,1020981.44,6.24
SEA,BOI,1,Seattle-Tacoma,Boise,hub,spoke,398.8,81,12150,7701,0.634,75.43,580886.43,375245.54,7.74
BOI,SEA,1,Boise,Seattle-Tacoma,spoke,hub,398.8,72,11520,8802,0.764,64.9817906849653,571969.72,358465.47,7.8
SEA,BOI,2,Seattle-Tacoma,Boise,hub,spoke,398.8,67,10720,8131,0.759,64.9817906849653,528366.94,348500.17,8.15
BOI,SEA,2,Boise,Seattle-Tacoma,spoke,hub,398.8,74,13986,10453,0.747,64.9817906849653,679254.66,500198.78,8.97
SEA,BOI,3,Seattle-Tacoma,Boise,hub,spoke,398.8,70,10500,9861,0.939,82.99,818364.39,415986.41,9.93
BOI,SEA,3,Boise,Seattle-Tacoma,spoke,hub,398.8,68,10200,9894,0.97,64.9817906849653,642929.84,433930.17,10.67
SEA,BOI,4,Seattle-Tacoma,Boise,hub,spoke,398.8,82,15498,11136,0.719,64.9817906849653,723637.22,630154.39,10.2
BOI,SEA,4,Boise,Seattle-Tacoma,spoke,hub,398.8,88,13200,10387,0.787,77.27,802603.49,379276.42,7.21
SEA,TUL,1,Seattle-Tacoma,Tulsa,hub,spoke,1555.5,78,11700,9317,0.796,131.17,1222110.89,1074066.47,5.9
TUL,SEA,1,Tulsa,Seattle-Tacoma,spoke,hub,1555.5,95,14250,11078,0.777,153.18,1696928.04,1268886.29,5.72
SEA,TUL,2,Seattle-Tacoma,Tulsa,hub,spoke,1555.5,70,11200,9104,0.813,197.6,1798950.4,1203098.3,6.91
TUL,SEA,2,Tulsa,Seattle-Tacoma,spoke,hub,1555.5,103,19467,17412,0.894,201.34,3505732.08,1785170.85,5.9
SEA,TUL,3,Seattle-Tacoma,Tulsa,hub,spoke,1555.5,85,12750,9015,0.707,242.14,2182892.1,1491769.14,7.52
TUL,SEA,3,Tulsa,Seattle-Tacoma,spoke,hub,1555.5,75,5700,5244,0.92,160.62,842291.28,772018.25,8.71
SEA,TUL,4,Seattle-Tacoma,Tulsa,hub,spoke,1555.5,81,12150,10636,0.875,196.42,2089123.12,1273962.05,6.74
TUL,SEA,4,Tulsa,Seattle-Tacoma,spoke,hub,1555.5,81,12150,8751,0.72,250.59,2192913.09,1052426.66,5.57
SEA,GEG,1,Seattle-Tacoma,Spokane,hub,spoke,223.3,92,6992,5097,0.729,62.348778106297765,317791.72,215811.12,13.83
GEG,SEA,1,Spokane,Seattle-Tacoma,spoke,hub,223.3,85,13600,11410,0.839,62.348778106297765,711399.56,346059.84,11.4
SEA,GEG,2,Seattle-Tacoma,Spokane,hub,spoke,223.3,85,12750,11855,0.93,62.348778106297765,739144.76,324770.97,11.41
GEG,SEA,2,Spokane,Seattle-Tacoma,spoke,hub,223.3,99,18711,13474,0.72,62.348778106297765,840087.44,463339.89,11.09
SEA,GEG,3,Seattle-Tacoma,Spokane,hub,spoke,223.3,72,10800,8726,0.808,62.348778106297765,544055.44,229815.35,9.53
GEG,SEA,3,Spokane,Seattle-Tacoma,spoke,hub,223.3,82,13120,11999,0.915,62.348778106297765,748122.99,351137.15,11.99
SEA,GEG,4,Seattle-Tacoma,Spokane,hub,spoke,223.3,84,15876,11374,0.716,62.348778106297765,709155.0,384638.97,10.85
GEG,SEA,4,Spokane,Seattle-Tacoma,spoke,hub,223.3,86,16254,12338,0.759,62.348778106297765,769259.22,343363.75,9.46
SEA,FAR,1,Seattle-Tacoma,Fargo,hub,spoke,1192.2,82,12300,8336,0.678,174.9,1457966.4,947358.32,6.46
FAR,SEA,1,Fargo,Seattle-Tacoma,spoke,hub,1192.2,86,6536,5091,0.779,182.6,929616.6,754208.83,9.68
SEA,FAR,2,Seattle-Tacoma,Fargo,hub,spoke,1192.2,93,13950,10762,0.772,169.73,1826634.26,1212526.51,7.29
FAR,SEA,2,Fargo,Seattle-Tacoma,spoke,hub,1192.2,78,12480,10058,0.806,197.03,1981727.74,1070961.81,7.2
SEA,FAR,3,Seattle-Tacoma,Fargo,hub,spoke,1192.2,88,6688,6487,0.97,180.68,1172071.16,626680.21,7.86
FAR,SEA,3,Fargo,Seattle-Tacoma,spoke,hub,1192.2,96,18144,17599,0.97,129.96,2287166.04,1537913.53,7.11
SEA,FAR,4,Seattle-Tacoma,Fargo,hub,spoke,1192.2,78,14742,10666,0.724,182.93,1951131.38,1153757.86,6.56
FAR,SEA,4,Fargo,Seattle-Tacoma,spoke,hub,1192.2,92,17388,13502,0.777,151.26,2042312.52,1221885.47,5.89
SEA,BIL,1,Seattle-Tacoma,Billings,hub,spoke,662.2,85,6460,4632,0.717,107.82,499422.24,467983.77,10.94
BIL,SEA,1,Billings,Seattle-Tacoma,spoke,hub,662.2,85,6460,4759,0.737,88.25,419981.75,449477.02,10.51
SEA,BIL,2,Seattle-Tacoma,Billings,hub,spoke,662.2,92,13800,11426,0.828,87.96,1005030.96,679484.21,7.44
BIL,SEA,2,Billings,Seattle-Tacoma,spoke,hub,662.2,89,14240,11156,0.783,92.62,1033268.72,703301.15,7.46
SEA,BIL,3,Seattle-Tacoma,Billings,hub,spoke,662.2,99,15840,14071,0.888,93.86,1320704.06,916597.8,8.74
BIL,SEA,3,Billings,Seattle-Tacoma,spoke,hub,662.2,88,13200,12510,0.948,105.21,1316177.1,706517.2,8.08
SEA,BIL,4,Seattle-Tacoma,Billings,hub,spoke,662.2,78,11700,8120,0.694,101.65,825398.0,467124.89,6.03
BIL,SEA,4,Billings,Seattle-Tacoma,spoke,hub,662.2,84,15876,12526,0.789,87.43,1095148.18,866523.87,8.24
ORD,DFW,1,Chicago O'Hare,Dallas/Fort Worth,hub,hub,802.1,91,17199,11288,0.656,106.35,1200478.8,986355.04,7.15
DFW,ORD,1,Dallas/Fort Worth,Chicago O'Hare,hub,hub,802.1,68,12852,9106,0.709,104.1,947934.6,677768.6,6.57
ORD,DFW,2,Chicago O'Hare,Dallas/Fort Worth,hub,hub,802.1,79,11850,10306,0.87,122.21,1259496.26,771768.39,8.12
DFW,ORD,2,Dallas/Fort Worth,Chicago O'Hare,hub,hub,802.1,67,10050,8311,0.827,112.52,935153.72,549397.87,6.82
ORD,DFW,3,Chicago O'Hare,Dallas/Fort Worth,hub,hub,802.1,79,12640,12260,0.97,105.83,1297475.8,864819.68,8.53
DFW,ORD,3,Dallas/Fort Worth,Chicago O'Hare,hub,hub,802.1,88,13200,12804,0.97,97.1,1243268.4,877397.0,8.29
ORD,DFW,4,Chicago O'Hare,Dallas/Fort Worth,hub,hub,802.1,81,6156,4754,0.772,101.23,481247.42,427710.29,8.66
DFW,ORD,4,Dallas/Fort Worth,Chicago O'Hare,hub,hub,802.1,99,15840,10975,0.693,139.04,1525964.0,981432.84,7.72
ORD,DEN,1,Chicago O'Hare,Denver,hub,hub,886.2,85,6460,4344,0.672,122.07,530272.08,465759.08,8.14
DEN,ORD,1,Denver,Chicago O'Hare,hub,hub,886.2,81,12960,9083,0.701,156.6,1422397.8,850532.16,7.41
ORD,DEN,2,Chicago O'Hare,Denver,hub,hub,886.2,75,12000,11404,0.95,109.83,1252501.32,757747.78,7.13
DEN,ORD,2,Denver,Chicago O'Hare,hub,hub,886.2,84,12600,9443,0.749,123.28,1164133.04,855855.23,7.66
ORD,DEN,3,Chicago O'Hare,Denver,hub,hub,886.2,88,13200,11003,0.834,135.07,1486175.21,897456.8,7.67
DEN,ORD,3,Denver,Chicago O'Hare,hub,hub,886.2,71,11360,8680,0.764,140.03,1215460.4,723892.12,7.19
ORD,DEN,4,Chicago O'Hare,Denver,hub,hub,886.2,79,11850,9570,0.808,140.99,1349274.3,753076.65,7.17
DEN,ORD,4,Denver,Chicago O'Hare,hub,hub,886.2,70,11200,8642,0.772,128.41,1109719.22,746293.34,7.52
ORD,ATL,1,Chicago O'Hare,Atlanta,hub,hub,606.4,89,13350,10543,0.79,82.68,871695.24,810786.11,10.01
ATL,ORD,1,Atlanta,Chicago O'Hare,hub,hub,606.4,88,16632,10527,0.633,95.81,1008591.87,846763.23,8.4
ORD,ATL,2,Chicago O'Hare,Atlanta,hub,hub,606.4,72,11520,10155,0.882,81.82,830882.1,611314.25,8.75
ATL,ORD,2,Atlanta,Chicago O'Hare,hub,hub,606.4,82,15498,10921,0.705,97.13,1060756.73,697964.2,7.43
ORD,ATL,3,Chicago O'Hare,Atlanta,hub,hub,606.4,74,13986,12113,0.866,94.87,1149160.31,662101.83,7.81
ATL,ORD,3,Atlanta,Chicago O'Hare,hub,hub,606.4,103,15450,13061,0.845,104.47,1364482.67,775782.49,8.28
ORD,ATL,4,Chicago O'Hare,Atlanta,hub,hub,606.4,88,14080,12376,0.879,101.86,1260619.36,653931.24,7.66
ATL,ORD,4,Atlanta,Chicago O'Hare,hub,hub,606.4,99,18711,14100,0.754,107.4,1514340.0,819447.84,7.22
ORD,SEA,1,Chicago O'Hare,Seattle-Tacoma,hub,hub,1716.3,84,12600,9633,0.765,181.72,1750508.76,1355788.21,6.27
SEA,ORD,1,Seattle-Tacoma,Chicago O'Hare,hub,hub,1716.3,67,12663,9244,0.73,205.81,1902507.64,1327817.34,6.11
ORD,SEA,2,Chicago O'Hare,Seattle-Tacoma,hub,hub,1716.3,93,13950,10975,0.787,199.93,2194231.75,1752293.29,7.32
SEA,ORD,2,Seattle-Tacoma,Chicago O'Hare,hub,hub,1716.3,78,12480,8005,0.641,176.86,1415764.3,1454157.56,6.79
ORD,SEA,3,Chicago O'Hare,Seattle-Tacoma,hub,hub,1716.3,86,12900,12513,0.97,157.41,1969671.33,1321812.4,5.97
SEA,ORD,3,Seattle-Tacoma,Chicago O'Hare,hub,hub,1716.3,67,10720,9693,0.904,244.88,2373621.84,1142062.55,6.21
ORD,SEA,4,Chicago O'Hare,Seattle-Tacoma,hub,hub,1716.3,65,9750,7699,0.79,249.11,1917897.89,916494.13,5.48
SEA,ORD,4,Seattle-Tacoma,Chicago O'Hare,hub,hub,1716.3,84,13440,8490,0.632,202.95,1723045.5,1339565.5,5.81
DFW,DEN,1,Dallas/Fort Worth,Denver,hub,hub,640.9,71,10650,8288,0.778,89.19,739206.72,491357.06,7.2
DEN,DFW,1,Denver,Dallas/Fort Worth,hub,hub,640.9,74,11840,8454,0.714,99.87,844300.98,627051.08,8.26
DFW,DEN,2,Dallas/Fort Worth,Denver,hub,hub,640.9,85,6460,5117,0.792,119.03,609076.51,449071.39,10.85
DEN,DFW,2,Denver,Dallas/Fort Worth,hub,hub,640.9,102,15300,13834,0.904,97.04,1342451.36,833521.23,8.5
DFW,DEN,3,Dallas/Fort Worth,Denver,hub,hub,640.9,81,15309,14849,0.97,89.75,1332697.75,632875.35,6.45
DEN,DFW,3,Denver,Dallas/Fort Worth,hub,hub,640.9,79,12640,10064,0.796,98.05,986775.2,689671.2,8.51
DFW,DEN,4,Dallas/Fort Worth,Denver,hub,hub,640.9,88,13200,10216,0.774,89.43,913616.88,690028.06,8.16
DEN,DFW,4,Denver,Dallas/Fort Worth,hub,hub,640.9,79,11850,8269,0.698,81.68,675411.92,562457.58,7.41
DFW,ATL,1,Dallas/Fort Worth,Atlanta,hub,hub,729.8,86,12900,10213,0.792,117.53,1200333.89,837499.81,8.9
ATL,DFW,1,Atlanta,Dallas/Fort Worth,hub,hub,729.8,75,5700,3755,0.659,105.5,396152.5,392232.36,9.43
DFW,ATL,2,Dallas/Fort Worth,Atlanta,hub,hub,729.8,79,12640,9793,0.775,86.92,851207.56,762792.09,8.27
ATL,DFW,2,Atlanta,Dallas/Fort Worth,hub,hub,729.8,72,13608,11641,0.855,75.25,875985.25,755740.25,7.61
DFW,ATL,3,Dallas/Fort Worth,Atlanta,hub,hub,729.8,74,11840,11484,0.97,98.26,1128417.84,787253.26,9.11
ATL,DFW,3,Atlanta,Dallas/Fort Worth,hub,hub,729.8,93,13950,13531,0.97,125.35,1696110.85,772924.16,7.59
DFW,ATL,4,Dallas/Fort Worth,Atlanta,hub,hub,729.8,74,13986,9638,0.689,101.97,982786.86,770783.02,7.55
ATL,DFW,4,Atlanta,Dallas/Fort Worth,hub,hub,729.8,93,13950,9598,0.688,138.48,1329131.04,860944.34,8.46
DFW,SEA,1,Dallas/Fort Worth,Seattle-Tacoma,hub,hub,1657.8,64,10240,7147,0.698,218.95,1564835.65,883257.72,5.2
SEA,DFW,1,Seattle-Tacoma,Dallas/Fort Worth,hub,hub,1657.8,78,14742,10254,0.696,205.93,2111606.22,1414415.46,5.79
DFW,SEA,2,Dallas/Fort Worth,Seattle-Tacoma,hub,hub,1657.8,88,6688,5596,0.837,223.14,1248691.44,951836.43,8.59
SEA,DFW,2,Seattle-Tacoma,Dallas/Fort Worth,hub,hub,1657.8,74,11100,8421,0.759,181.28,1526558.88,874146.71,4.75
DFW,SEA,3,Dallas/Fort Worth,Seattle-Tacoma,hub,hub,1657.8,81,15309,13834,0.904,225.93,3125515.62,1426731.46,5.62
SEA,DFW,3,Seattle-Tacoma,Dallas/Fort Worth,hub,hub,1657.8,91,13650,12422,0.91,240.72,2990223.84,1585979.08,7.01
DFW,SEA,4,Dallas/Fort Worth,Seattle-Tacoma,hub,hub,1657.8,93,17577,15635,0.89,120.57,1885111.95,1909950.22,6.55
SEA,DFW,4,Seattle-Tacoma,Dallas/Fort Worth,hub,hub,1657.8,85,12750,12138,0.952,195.33,2370915.54,1452604.86,6.87
DEN,ATL,1,Denver,Atlanta,hub,hub,1196.8,77,5852,3788,0.647,165.78,627974.64,591150.17,8.44
ATL,DEN,1,Atlanta,Denver,hub,hub,1196.8,82,13120,10798,0.823,149.82,1617756.36,1097671.67,6.99
DEN,ATL,2,Denver,Atlanta,hub,hub,1196.8,81,12960,9146,0.706,134.52,1230319.92,1096737.08,7.07
ATL,DEN,2,Atlanta,Denver,hub,hub,1196.8,81,12150,10607,0.873,168.86,1791098.02,842598.94,5.79
DEN,ATL,3,Denver,Atlanta,hub,hub,1196.8,86,16254,15234,0.937,183.61,2797114.74,1413490.49,7.27
ATL,DEN,3,Atlanta,Denver,hub,hub,1196.8,82,15498,15033,0.97,166.98,2510210.34,1532580.63,8.26
DEN,ATL,4,Denver,Atlanta,hub,hub,1196.8,84,12600,9655,0.766,137.05,1323217.75,1168150.17,7.75
ATL,DEN,4,Atlanta,Denver,hub,hub,1196.8,71,10650,8021,0.753,140.13,1123982.73,839753.85,6.59
DEN,SEA,1,Denver,Seattle-Tacoma,hub,hub,1022.5,112,16800,10508,0.626,141.87,1490769.96,1053540.31,6.13
SEA,DEN,1,Seattle-Tacoma,Denver,hub,hub,1022.5,74,11100,8433,0.76,131.42,1108264.86,824239.9,7.26
DEN,SEA,2,Denver,Seattle-Tacoma,hub,hub,1022.5,89,14240,10999,0.772,153.36,1686806.64,1073686.75,7.37
SEA,DEN,2,Seattle-Tacoma,Denver,hub,hub,1022.5,79,11850,10269,0.867,135.58,1392271.02,656447.17,5.42
DEN,SEA,3,Denver,Seattle-Tacoma,hub,hub,1022.5,82,15498,12940,0.835,134.27,1737453.8,1262815.98,7.97
SEA,DEN,3,Seattle-Tacoma,Denver,hub,hub,1022.5,110,16500,16005,0.97,156.35,2502381.75,1107740.96,6.57
DEN,SEA,4,Denver,Seattle-Tacoma,hub,hub,1022.5,95,14250,10557,0.741,120.31,1270112.67,972181.41,6.67
SEA,DEN,4,Seattle-Tacoma,Denver,hub,hub,1022.5,77,14553,11949,0.821,127.64,1525170.36,1105723.52,7.43
ATL,SEA,1,Atlanta,Seattle-Tacoma,hub,hub,2177.8,91,13650,8767,0.642,258.12,2262938.04,1691409.59,5.69
SEA,ATL,1,Seattle-Tacoma,Atlanta,hub,hub,2177.8,81,12150,8386,0.69,265.83,2229250.38,1488274.36,5.62
ATL,SEA,2,Atlanta,Seattle-Tacoma,hub,hub,2177.8,100,16000,14628,0.914,271.68,3974135.04,1863290.21,5.35
SEA,ATL,2,Seattle-Tacoma,Atlanta,hub,hub,2177.8,99,18711,17580,0.94,287.8,5059524.0,2579876.5,6.33
ATL,SEA,3,Atlanta,Seattle-Tacoma,hub,hub,2177.8,95,14250,9841,0.691,260.18,2560431.38,1518273.44,4.89
SEA,ATL,3,Seattle-Tacoma,Atlanta,hub,hub,2177.8,89,14240,13812,0.97,277.69,3835454.28,1843336.6,5.94
ATL,SEA,4,Atlanta,Seattle-Tacoma,hub,hub,2177.8,102,15300,10762,0.703,223.38,2404015.56,1665183.37,5.0
SEA,ATL,4,Seattle-Tacoma,Atlanta,hub,hub,2177.8,75,5700,4042,0.709,270.07,1091622.94,901178.88,7.26
LAX,JFK,1,Los Angeles,New York JFK,spoke,spoke,2469.6,71,10650,7080,0.665,374.43,2650964.4,1476402.24,5.61
JFK,LAX,1,New York JFK,Los Angeles,spoke,spoke,2469.6,64,4864,3789,0.779,322.91,1223505.99,982331.49,8.18
LAX,JFK,2,Los Angeles,New York JFK,spoke,spoke,2469.6,60,9000,7497,0.833,362.54,2717962.38,1220520.47,5.49
JFK,LAX,2,New York JFK,Los Angeles,spoke,spoke,2469.6,58,8700,7567,0.87,348.15,2634451.05,1180122.66,5.49
LAX,JFK,3,Los Angeles,New York JFK,spoke,spoke,2469.6,55,8250,7596,0.921,384.16,2918079.36,972016.5,4.77
JFK,LAX,3,New York JFK,Los Angeles,spoke,spoke,2469.6,68,10200,9894,0.97,394.58,3903974.52,1557679.45,6.18
LAX,JFK,4,Los Angeles,New York JFK,spoke,spoke,2469.6,61,9150,6523,0.713,337.54,2201773.42,1190131.75,5.27
JFK,LAX,4,New York JFK,Los Angeles,spoke,spoke,2469.6,58,9280,6666,0.718,231.33,1542045.78,1297708.63,5.66
SFO,JFK,1,San Francisco,New York JFK,spoke,spoke,2580.0,61,9760,5986,0.613,312.19,1868769.34,1385594.85,5.5
JFK,SFO,1,New York JFK,San Francisco,spoke,spoke,2580.0,53,7950,5977,0.752,300.94,1798718.38,1140315.86,5.56
SFO,JFK,2,San Francisco,New York JFK,spoke,spoke,2580.0,56,8400,5929,0.706,336.58,1995582.82,1161442.38,5.36
JFK,SFO,2,New York JFK,San Francisco,spoke,spoke,2580.0,64,4864,4718,0.97,360.65,1701546.7,920285.23,7.33
SFO,JFK,3,San Francisco,New York JFK,spoke,spoke,2580.0,74,11100,9197,0.829,301.0,2768297.0,1814193.55,6.33
JFK,SFO,3,New York JFK,San Francisco,spoke,spoke,2580.0,60,9600,8286,0.863,375.43,3110812.98,1587587.94,6.41
SFO,JFK,4,San Francisco,New York JFK,spoke,spoke,2580.0,71,10650,8563,0.804,310.62,2659839.06,1646189.34,5.99
JFK,SFO,4,New York JFK,San Francisco,spoke,spoke,2580.0,65,9750,6614,0.678,304.64,2014888.96,1294766.18,5.15
LAX,LAS,1,Los Angeles,Las Vegas,spoke,spoke,236.4,57,4332,3191,0.737,73.65,235017.15,120674.65,11.78
LAS,LAX,1,Las Vegas,Los Angeles,spoke,spoke,236.4,43,6880,5300,0.77,62.54604213547529,331494.02,166496.49,10.24
LAX,LAS,2,Los Angeles,Las Vegas,spoke,spoke,236.4,53,4028,2716,0.674,66.98,181917.68,137473.34,14.44
LAS,LAX,2,Las Vegas,Los Angeles,spoke,spoke,236.4,50,7500,5210,0.695,62.54604213547529,325864.88,213325.07,12.03
LAX,LAS,3,Los Angeles,Las Vegas,spoke,spoke,236.4,55,8800,8251,0.938,62.54604213547529,516067.39,215532.72,10.36
LAS,LAX,3,Las Vegas,Los Angeles,spoke,spoke,236.4,64,4864,4262,0.876,62.54604213547529,266571.23,139414.59,12.12
LAX,LAS,4,Los Angeles,Las Vegas,spoke,spoke,236.4,50,8000,5392,0.674,62.54604213547529,337248.26,198151.72,10.48
LAS,LAX,4,Las Vegas,Los Angeles,spoke,spoke,236.4,66,5016,3648,0.727,62.54604213547529,228167.96,176879.0,14.92
MIA,JFK,1,Miami,New York JFK,spoke,spoke,1092.0,62,9920,9567,0.965,158.51,1516465.17,826944.78,7.63
JFK,MIA,1,New York JFK,Miami,spoke,spoke,1092.0,56,8400,6654,0.792,135.43,901151.22,745707.2,8.13
MIA,JFK,2,Miami,New York JFK,spoke,spoke,1092.0,73,11680,8963,0.767,168.18,1507397.34,911722.72,7.15
JFK,MIA,2,New York JFK,Miami,spoke,spoke,1092.0,64,4864,3675,0.756,186.51,685424.25,473241.76,8.91
MIA,JFK,3,Miami,New York JFK,spoke,spoke,1092.0,60,11340,10634,0.938,168.43,1791084.62,1016955.49,8.21
JFK,MIA,3,New York JFK,Miami,spoke,spoke,1092.0,56,4256,3476,0.817,151.68,527239.68,395469.51,8.51
MIA,JFK,4,Miami,New York JFK,spoke,spoke,1092.0,68,10880,9997,0.919,156.96,1569129.12,811277.95,6.83
JFK,MIA,4,New York JFK,Miami,spoke,spoke,1092.0,60,4560,3737,0.82,138.62,518022.94,436446.41,8.76
BOS,JFK,1,Boston,New York JFK,spoke,spoke,186.2,62,9920,7697,0.776,61.79272883650957,475618.63,220571.08,11.94
JFK,BOS,1,New York JFK,Boston,spoke,spoke,186.2,53,7950,6462,0.813,61.79272883650957,399304.61,145562.3,9.83
BOS,JFK,2,Boston,New York JFK,spoke,spoke,186.2,63,9450,7584,0.803,62.84,476578.56,201242.54,11.44
JFK,BOS,2,New York JFK,Boston,spoke,spoke,186.2,53,8480,7873,0.928,61.79272883650957,486494.15,166448.16,10.54
BOS,JFK,3,Boston,New York JFK,spoke,spoke,186.2,55,8800,7462,0.848,61.79272883650957,461097.34,156378.36,9.54
JFK,BOS,3,New York JFK,Boston,spoke,spoke,186.2,56,10584,10266,0.97,61.79272883650957,634364.15,191766.16,9.73
BOS,JFK,4,Boston,New York JFK,spoke,spoke,186.2,61,9760,7630,0.782,61.79272883650957,471478.52,180043.63,9.91
JFK,BOS,4,New York JFK,Boston,spoke,spoke,186.2,47,7520,6606,0.879,61.79272883650957,408202.77,177823.92,12.7
PHX,LAS,1,Phoenix,Las Vegas,spoke,spoke,255.5,63,4788,4644,0.97,62.83255140020892,291794.37,142351.69,11.64
LAS,PHX,1,Las Vegas,Phoenix,spoke,spoke,255.5,53,7950,7092,0.892,62.83255140020892,445608.45,230130.84,11.33
PHX,LAS,2,Phoenix,Las Vegas,spoke,spoke,255.5,63,9450,8386,0.887,72.01,603875.86,216485.35,8.97
LAS,PHX,2,Las Vegas,Phoenix,spoke,spoke,255.5,57,4332,3219,0.743,62.83255140020892,202257.98,144850.23,13.09
PHX,LAS,3,Phoenix,Las Vegas,spoke,spoke,255.5,60,9600,7751,0.807,62.83255140020892,487015.11,215155.5,8.77
LAS,PHX,3,Las Vegas,Phoenix,spoke,spoke,255.5,65,12285,11916,0.97,62.83255140020892,748712.68,350390.97,11.16
PHX,LAS,4,Phoenix,Las Vegas,spoke,spoke,255.5,59,8850,6160,0.696,62.83255140020892,387048.52,266144.84,11.77
LAS,PHX,4,Las Vegas,Phoenix,spoke,spoke,255.5,61,9150,7365,0.805,62.83255140020892,462761.74,257234.45,11.0
SLC,BOI,1,Salt Lake City,Boise,spoke,spoke,289.4,67,10720,7246,0.676,63.34032082766731,458963.96,301107.89,9.71
BOI,SLC,1,Boise,Salt Lake City,spoke,spoke,289.4,50,8000,6099,0.762,63.34032082766731,386312.62,219768.01,9.49
SLC,BOI,2,Salt Lake City,Boise,spoke,spoke,289.4,65,9750,8378,0.859,63.34032082766731,530665.21,266828.28,9.46
BOI,SLC,2,Boise,Salt Lake City,spoke,spoke,289.4,50,9450,7974,0.844,63.34032082766731,505075.72,274954.85,10.06
SLC,BOI,3,Salt Lake City,Boise,spoke,spoke,289.4,60,9000,8185,0.91,63.34032082766731,518440.53,249575.02,9.58
BOI,SLC,3,Boise,Salt Lake City,spoke,spoke,289.4,65,9750,9252,0.949,63.38,586391.76,262918.05,9.32
SLC,BOI,4,Salt Lake City,Boise,spoke,spoke,289.4,61,9150,7666,0.838,77.79,596338.14,318920.02,12.05
BOI,SLC,4,Boise,Salt Lake City,spoke,spoke,289.4,71,13419,12388,0.923,63.34032082766731,784659.89,396783.78,10.22
